{
    "header": {
        "metadata": [
            {
                "metaName": "adskFileFormatVersion",
                "metaValue": "100L"
            }
        ]
    },
    "namespaces": [],
    "types": [
        {
            "enumName": "MJCG::GraphColoringType",
            "enumMembers": [
                {
                    "enumKey": "Greedy",
                    "enumValue": "0"
                },
                {
                    "enumKey": "Jones-Plassmann",
                    "enumValue": "1"
                },
                {
                    "enumKey": "Welsh-Powell",
                    "enumValue": "2"
                }
            ]
        }
    ]
}
