{
    "header": {
        "metadata": [
            {
                "metaName": "adskFileFormatVersion",
                "metaValue": "100L"
            }
        ]
    },
    "namespaces": [],
    "types": [
        {
            "enumName": "MJCG::processingType",
            "enumMembers": [
                {
                    "enumKey": "Simulation",
                    "enumValue": "0"
                },
                {
                    "enumKey": "Iteration",
                    "enumValue": "1"
                },
                {
                    "enumKey": "Off",
                    "enumValue": "2"
                }
            ]
        }
    ]
}
