{
    "header": {
        "metadata": [
            {
                "metaName": "adskFileFormatVersion",
                "metaValue": "100L"
            }
        ]
    },
    "namespaces": [],
    "types": [
        {
            "enumName": "MJCG::strandsFramingType",
            "enumMembers": [
                {
                    "enumKey": "Up Vector",
                    "enumValue": "0"
                },
                {
                    "enumKey": "Parallel Transport",
                    "enumValue": "1"
                },
                {
                    "enumKey": "Double Reflection",
                    "enumValue": "2"
                },
                {
                    "enumKey": "Vector Projection",
                    "enumValue": "3"
                }
            ]
        }
    ]
}
