{
    "header": {
        "metadata": [
            {
                "metaName": "adskFileFormatVersion",
                "metaValue": "100L"
            }
        ]
    },
    "namespaces": [],
    "types": [],
    "compounds": [
        {
            "name": "MJCG::Graphs::ivy_sunlight",
            "metadata": [
                {
                    "metaName": "io_nodes",
                    "metadata": [
                        {
                            "metaName": "io_inodes",
                            "metadata": [
                                {
                                    "metaName": "input",
                                    "metadata": [
                                        {
                                            "metaName": "DisplayMode",
                                            "metaType": "string",
                                            "metaValue": "2"
                                        },
                                        {
                                            "metaName": "LayoutPos",
                                            "metaType": "string",
                                            "metaValue": "281.422 525.531"
                                        },
                                        {
                                            "metaName": "zValue",
                                            "metaType": "string",
                                            "metaValue": "40.000000"
                                        }
                                    ]
                                }
                            ]
                        },
                        {
                            "metaName": "io_onodes",
                            "metadata": [
                                {
                                    "metaName": "output",
                                    "metadata": [
                                        {
                                            "metaName": "DisplayMode",
                                            "metaType": "string",
                                            "metaValue": "2"
                                        },
                                        {
                                            "metaName": "io_ports"
                                        },
                                        {
                                            "metaName": "LayoutPos",
                                            "metaType": "string",
                                            "metaValue": "285.537 692.671"
                                        },
                                        {
                                            "metaName": "zValue",
                                            "metaType": "string",
                                            "metaValue": "41.000000"
                                        }
                                    ]
                                }
                            ]
                        }
                    ]
                },
                {
                    "metaName": "backdrop",
                    "metadata": [
                        {
                            "metaName": "type",
                            "metaType": "string",
                            "metaValue": "backdrop"
                        },
                        {
                            "metaName": "title",
                            "metaType": "string"
                        },
                        {
                            "metaName": "color",
                            "metaType": "string",
                            "metaValue": "#2853bc88"
                        },
                        {
                            "metaName": "coords",
                            "metaType": "string",
                            "metaValue": "-930.087 -260.184 577.564 494.375"
                        }
                    ]
                },
                {
                    "metaName": "backdrop1",
                    "metadata": [
                        {
                            "metaName": "type",
                            "metaType": "string",
                            "metaValue": "backdrop"
                        },
                        {
                            "metaName": "color",
                            "metaType": "string",
                            "metaValue": "#287b99d5"
                        },
                        {
                            "metaName": "title",
                            "metaType": "string",
                            "metaValue": "Init a surface for the ivy to grow onto."
                        },
                        {
                            "metaName": "coords",
                            "metaType": "string",
                            "metaValue": "-889.741 246.375 541.336 414.073"
                        }
                    ]
                },
                {
                    "metaName": "backdrop2",
                    "metadata": [
                        {
                            "metaName": "type",
                            "metaType": "string",
                            "metaValue": "backdrop"
                        },
                        {
                            "metaName": "title",
                            "metaType": "string"
                        },
                        {
                            "metaName": "color",
                            "metaType": "string",
                            "metaValue": "#28d78282"
                        },
                        {
                            "metaName": "coords",
                            "metaType": "string",
                            "metaValue": "-218.825 185.518 477.336 683.609"
                        }
                    ]
                },
                {
                    "metaName": "_recentNode_",
                    "metaType": "string",
                    "metaValue": "BifrostGraph,Modeling::Primitive,create_mesh_sphere"
                },
                {
                    "metaName": "_recentNode_",
                    "metaType": "string",
                    "metaValue": "BifrostGraph,Geometry::Mesh,update_mesh_normals"
                },
                {
                    "metaName": "_recentNode_",
                    "metaType": "string",
                    "metaValue": "BifrostGraph,Core::Array,build_array"
                },
                {
                    "metaName": "_recentNode_",
                    "metaType": "string",
                    "metaValue": "BifrostGraph,Core::Object,set_property"
                },
                {
                    "metaName": "_recentNode_",
                    "metaType": "string",
                    "metaValue": "BifrostGraph,Geometry::Properties,set_geo_property"
                },
                {
                    "metaName": "backdrop3",
                    "metadata": [
                        {
                            "metaName": "type",
                            "metaType": "string",
                            "metaValue": "backdrop"
                        },
                        {
                            "metaName": "color",
                            "metaType": "string",
                            "metaValue": "#28e0a66c"
                        },
                        {
                            "metaName": "title",
                            "metaType": "string",
                            "metaValue": "Generate a surface that will act as an occluder for the sunlight."
                        },
                        {
                            "metaName": "coords",
                            "metaType": "string",
                            "metaValue": "-1116.83 702.823 765.914 371.953"
                        }
                    ]
                },
                {
                    "metaName": "backdrop4",
                    "metadata": [
                        {
                            "metaName": "type",
                            "metaType": "string",
                            "metaValue": "backdrop"
                        },
                        {
                            "metaName": "title",
                            "metaType": "string"
                        },
                        {
                            "metaName": "color",
                            "metaType": "string",
                            "metaValue": "#28a58bd7"
                        },
                        {
                            "metaName": "coords",
                            "metaType": "string",
                            "metaValue": "-779.346 1080.28 423.807 499.149"
                        }
                    ]
                },
                {
                    "metaName": "sticky_note_backdrop",
                    "metadata": [
                        {
                            "metaName": "type",
                            "metaType": "string",
                            "metaValue": "sticky_note"
                        },
                        {
                            "metaName": "text",
                            "metaType": "string",
                            "metaValue": "Init seeds and leaf settings. The seeds are the positions from where the ivy will start growing."
                        },
                        {
                            "metaName": "format",
                            "metaType": "string",
                            "metaValue": "txt"
                        },
                        {
                            "metaName": "color",
                            "metaType": "string",
                            "metaValue": "#ff53bc88"
                        },
                        {
                            "metaName": "fontSize",
                            "metaType": "string",
                            "metaValue": "10"
                        },
                        {
                            "metaName": "zValue",
                            "metaType": "string",
                            "metaValue": "47.000000"
                        },
                        {
                            "metaName": "coords",
                            "metaType": "string",
                            "metaValue": "-900.588 -184.84 527.972 88"
                        }
                    ]
                },
                {
                    "metaName": "sticky_note_backdrop2",
                    "metadata": [
                        {
                            "metaName": "type",
                            "metaType": "string",
                            "metaValue": "sticky_note"
                        },
                        {
                            "metaName": "text",
                            "metaType": "string",
                            "metaValue": "Generates the ivy growth. We use a small moment threshold so the hanging branch are stiffer. Phototropism weight is also increased to exagerate the sun influence."
                        },
                        {
                            "metaName": "format",
                            "metaType": "string",
                            "metaValue": "txt"
                        },
                        {
                            "metaName": "color",
                            "metaType": "string",
                            "metaValue": "#ffd78282"
                        },
                        {
                            "metaName": "fontSize",
                            "metaType": "string",
                            "metaValue": "10"
                        },
                        {
                            "metaName": "zValue",
                            "metaType": "string",
                            "metaValue": "52.000000"
                        },
                        {
                            "metaName": "coords",
                            "metaType": "string",
                            "metaValue": "-179.537 273.859 400.063 144"
                        }
                    ]
                },
                {
                    "metaName": "sticky_note_backdrop4",
                    "metadata": [
                        {
                            "metaName": "type",
                            "metaType": "string",
                            "metaValue": "sticky_note"
                        },
                        {
                            "metaName": "text",
                            "metaType": "string",
                            "metaValue": "Creates a light source with sunlight mode ON. The Ivy grow toward the area where the sunlight is reaching."
                        },
                        {
                            "metaName": "format",
                            "metaType": "string",
                            "metaValue": "txt"
                        },
                        {
                            "metaName": "color",
                            "metaType": "string",
                            "metaValue": "#ffa58bd7"
                        },
                        {
                            "metaName": "fontSize",
                            "metaType": "string",
                            "metaValue": "10"
                        },
                        {
                            "metaName": "zValue",
                            "metaType": "string",
                            "metaValue": "54.000000"
                        },
                        {
                            "metaName": "coords",
                            "metaType": "string",
                            "metaValue": "-755.649 1146.46 380.393 116"
                        }
                    ]
                },
                {
                    "metaName": "ViewportRect",
                    "metaType": "string",
                    "metaValue": "-2465.1 -299.634 4325.47 1920.89"
                },
                {
                    "metaName": "compoundIsGraph",
                    "metaValue": "true"
                },
                {
                    "metaName": "author",
                    "metaType": "string",
                    "metaValue": "Maxime Jeanmougin"
                },
                {
                    "metaName": "category",
                    "metaType": "string",
                    "metaValue": "MJCG"
                },
                {
                    "metaName": "description",
                    "metaType": "string",
                    "metaValue": "Grow ivy which is influenced by environment shadows and sunlight."
                },
                {
                    "metaName": "example_scene",
                    "metaType": "string",
                    "metaValue": "ivy_sunlight_example.ma"
                },
                {
                    "metaName": "thumbnail",
                    "metaType": "string",
                    "metaValue": "ivy_sunlight_thumb.png"
                }
            ],
            "terminalStates": [
                {
                    "name": "Core::Graph::terminal::final",
                    "enabled": "false"
                },
                {
                    "name": "Core::Graph::terminal::proxy",
                    "enabled": "true"
                },
                {
                    "name": "Core::Graph::terminal::diagnostic",
                    "enabled": "true"
                }
            ],
            "ports": [],
            "compounds": [
                {
                    "name": "edit_mesh",
                    "metadata": [
                        {
                            "metaName": "io_nodes",
                            "metadata": [
                                {
                                    "metaName": "io_inodes",
                                    "metadata": [
                                        {
                                            "metaName": "input",
                                            "metadata": [
                                                {
                                                    "metaName": "io_ports",
                                                    "metadata": [
                                                        {
                                                            "metaName": "mesh"
                                                        }
                                                    ]
                                                },
                                                {
                                                    "metaName": "DisplayMode",
                                                    "metaType": "string",
                                                    "metaValue": "2"
                                                },
                                                {
                                                    "metaName": "zValue",
                                                    "metaType": "string",
                                                    "metaValue": "56.000000"
                                                },
                                                {
                                                    "metaName": "LayoutPos",
                                                    "metaType": "string",
                                                    "metaValue": "609.57 48.1133"
                                                }
                                            ]
                                        }
                                    ]
                                },
                                {
                                    "metaName": "io_onodes",
                                    "metadata": [
                                        {
                                            "metaName": "output",
                                            "metadata": [
                                                {
                                                    "metaName": "io_ports",
                                                    "metadata": [
                                                        {
                                                            "metaName": "out_mesh"
                                                        }
                                                    ]
                                                },
                                                {
                                                    "metaName": "DisplayMode",
                                                    "metaType": "string",
                                                    "metaValue": "2"
                                                },
                                                {
                                                    "metaName": "zValue",
                                                    "metaType": "string",
                                                    "metaValue": "69.000000"
                                                },
                                                {
                                                    "metaName": "LayoutPos",
                                                    "metaType": "string",
                                                    "metaValue": "1752.51 166.572"
                                                }
                                            ]
                                        }
                                    ]
                                }
                            ]
                        },
                        {
                            "metaName": "_recentNode_",
                            "metaType": "string",
                            "metaValue": "BifrostGraph,Geometry::Mesh,soften_harden_edges"
                        },
                        {
                            "metaName": "_recentNode_",
                            "metaType": "string",
                            "metaValue": "BifrostGraph,Geometry::Mesh,update_mesh_normals"
                        },
                        {
                            "metaName": "_recentNode_",
                            "metaType": "string",
                            "metaValue": "BifrostGraph,Core::Array,build_array"
                        },
                        {
                            "metaName": "_recentNode_",
                            "metaType": "string",
                            "metaValue": "BifrostGraph,Modeling::Mesh,delete_faces"
                        },
                        {
                            "metaName": "_recentNode_",
                            "metaType": "string",
                            "metaValue": "BifrostGraph,Modeling::Primitive,create_mesh_sphere"
                        },
                        {
                            "metaName": "ViewportRect",
                            "metaType": "string",
                            "metaValue": "224.525 -136.582 1833.78 814.36"
                        }
                    ],
                    "ports": [
                        {
                            "portName": "mesh",
                            "portDirection": "input",
                            "portType": "Object"
                        },
                        {
                            "portName": "out_mesh",
                            "portDirection": "output",
                            "portType": "Object"
                        }
                    ],
                    "compounds": [
                        {
                            "name": "reverse_face_winding",
                            "metadata": [
                                {
                                    "metaName": "_recentNode_",
                                    "metaType": "string",
                                    "metaValue": "BifrostGraph,Geometry::Properties,set_geo_property"
                                },
                                {
                                    "metaName": "_recentNode_",
                                    "metaType": "string",
                                    "metaValue": "BifrostGraph,Core::Array,flatten_nested_array"
                                },
                                {
                                    "metaName": "_recentNode_",
                                    "metaType": "string",
                                    "metaValue": "BifrostGraph,Core::Iterators,for_each"
                                },
                                {
                                    "metaName": "_recentNode_",
                                    "metaType": "string",
                                    "metaValue": "BifrostGraph,Geometry::Mesh,get_mesh_structure"
                                },
                                {
                                    "metaName": "_recentNode_",
                                    "metaType": "string",
                                    "metaValue": "BifrostGraph,Core::Array,build_array"
                                },
                                {
                                    "metaName": "io_nodes",
                                    "metadata": [
                                        {
                                            "metaName": "io_inodes",
                                            "metadata": [
                                                {
                                                    "metaName": "input",
                                                    "metadata": [
                                                        {
                                                            "metaName": "DisplayMode",
                                                            "metaType": "string",
                                                            "metaValue": "2"
                                                        },
                                                        {
                                                            "metaName": "LayoutPos",
                                                            "metaType": "string",
                                                            "metaValue": "-514.019 -212.449"
                                                        },
                                                        {
                                                            "metaName": "io_ports",
                                                            "metadata": [
                                                                {
                                                                    "metaName": "out_mesh"
                                                                }
                                                            ]
                                                        },
                                                        {
                                                            "metaName": "zValue",
                                                            "metaType": "string",
                                                            "metaValue": "35.000000"
                                                        }
                                                    ]
                                                }
                                            ]
                                        },
                                        {
                                            "metaName": "io_onodes",
                                            "metadata": [
                                                {
                                                    "metaName": "output",
                                                    "metadata": [
                                                        {
                                                            "metaName": "DisplayMode",
                                                            "metaType": "string",
                                                            "metaValue": "2"
                                                        },
                                                        {
                                                            "metaName": "LayoutPos",
                                                            "metaType": "string",
                                                            "metaValue": "889.799 -196.748"
                                                        },
                                                        {
                                                            "metaName": "io_ports",
                                                            "metadata": [
                                                                {
                                                                    "metaName": "out_geometry"
                                                                }
                                                            ]
                                                        },
                                                        {
                                                            "metaName": "zValue",
                                                            "metaType": "string",
                                                            "metaValue": "36.000000"
                                                        }
                                                    ]
                                                }
                                            ]
                                        }
                                    ]
                                },
                                {
                                    "metaName": "ViewportRect",
                                    "metaType": "string",
                                    "metaValue": "-630.673 -364.555 1649.25 732.411"
                                }
                            ],
                            "ports": [
                                {
                                    "portName": "out_mesh",
                                    "portDirection": "input"
                                },
                                {
                                    "portName": "out_geometry",
                                    "portDirection": "output"
                                }
                            ],
                            "compounds": [
                                {
                                    "name": "for_each",
                                    "metadata": [
                                        {
                                            "metaName": "icon",
                                            "metaType": "string",
                                            "metaValue": "<NATIVE>../icons/LoopForEach.svg"
                                        },
                                        {
                                            "metaName": "icon",
                                            "metaType": "string",
                                            "metaValue": "<NATIVE>../icons/LoopForEach.svg"
                                        },
                                        {
                                            "metaName": "icon",
                                            "metaType": "string",
                                            "metaValue": "<NATIVE>../icons/LoopForEach.svg"
                                        },
                                        {
                                            "metaName": "_recentNode_",
                                            "metaType": "string",
                                            "metaValue": "BifrostGraph,Core::Array,reverse_array"
                                        },
                                        {
                                            "metaName": "_recentNode_",
                                            "metaType": "string",
                                            "metaValue": "BifrostGraph,MJCG::Geometry::Mesh,get_face_vertex_indices"
                                        },
                                        {
                                            "metaName": "_recentNode_",
                                            "metaType": "string",
                                            "metaValue": "BifrostGraph,Core::Iterators,for_each"
                                        },
                                        {
                                            "metaName": "_recentNode_",
                                            "metaType": "string",
                                            "metaValue": "BifrostGraph,Geometry::Mesh,get_mesh_structure"
                                        },
                                        {
                                            "metaName": "_recentNode_",
                                            "metaType": "string",
                                            "metaValue": "BifrostGraph,Core::Array,build_array"
                                        },
                                        {
                                            "metaName": "io_nodes",
                                            "metadata": [
                                                {
                                                    "metaName": "io_inodes",
                                                    "metadata": [
                                                        {
                                                            "metaName": "input",
                                                            "metadata": [
                                                                {
                                                                    "metaName": "DisplayMode",
                                                                    "metaType": "string",
                                                                    "metaValue": "2"
                                                                },
                                                                {
                                                                    "metaName": "LayoutPos",
                                                                    "metaType": "string",
                                                                    "metaValue": "-482.574 100.945"
                                                                },
                                                                {
                                                                    "metaName": "io_ports",
                                                                    "metadata": [
                                                                        {
                                                                            "metaName": "max_iterations"
                                                                        },
                                                                        {
                                                                            "metaName": "current_index"
                                                                        },
                                                                        {
                                                                            "metaName": "face_vertex"
                                                                        },
                                                                        {
                                                                            "metaName": "face_offset"
                                                                        }
                                                                    ]
                                                                },
                                                                {
                                                                    "metaName": "zValue",
                                                                    "metaType": "string",
                                                                    "metaValue": "33.000000"
                                                                }
                                                            ]
                                                        }
                                                    ]
                                                },
                                                {
                                                    "metaName": "io_onodes",
                                                    "metadata": [
                                                        {
                                                            "metaName": "output",
                                                            "metadata": [
                                                                {
                                                                    "metaName": "DisplayMode",
                                                                    "metaType": "string",
                                                                    "metaValue": "2"
                                                                },
                                                                {
                                                                    "metaName": "LayoutPos",
                                                                    "metaType": "string",
                                                                    "metaValue": "351.008 115.796"
                                                                },
                                                                {
                                                                    "metaName": "io_ports",
                                                                    "metadata": [
                                                                        {
                                                                            "metaName": "reversed"
                                                                        }
                                                                    ]
                                                                },
                                                                {
                                                                    "metaName": "zValue",
                                                                    "metaType": "string",
                                                                    "metaValue": "34.000000"
                                                                }
                                                            ]
                                                        }
                                                    ]
                                                }
                                            ]
                                        },
                                        {
                                            "metaName": "ViewportRect",
                                            "metaType": "string",
                                            "metaValue": "-775.81 -240.407 1499.67 665.983"
                                        }
                                    ],
                                    "ports": [
                                        {
                                            "portName": "max_iterations",
                                            "portDirection": "input",
                                            "portType": "long",
                                            "portIterationLimit": "true"
                                        },
                                        {
                                            "portName": "current_index",
                                            "portDirection": "input",
                                            "portType": "long",
                                            "portIterationCounter": "true"
                                        },
                                        {
                                            "portName": "face_vertex",
                                            "portDirection": "input"
                                        },
                                        {
                                            "portName": "face_offset",
                                            "portDirection": "input"
                                        },
                                        {
                                            "portName": "reversed",
                                            "portDirection": "output",
                                            "portIterationTarget": "true"
                                        }
                                    ],
                                    "compoundNodes": [
                                        {
                                            "nodeName": "get_face_vertex_indices",
                                            "nodeType": "MJCG::Geometry::Mesh::get_face_vertex_indices",
                                            "metadata": [
                                                {
                                                    "metaName": "DisplayMode",
                                                    "metaType": "string",
                                                    "metaValue": "2"
                                                },
                                                {
                                                    "metaName": "LayoutPos",
                                                    "metaType": "string",
                                                    "metaValue": "-167.58 104.384"
                                                },
                                                {
                                                    "metaName": "zValue",
                                                    "metaType": "string",
                                                    "metaValue": "31.000000"
                                                }
                                            ]
                                        },
                                        {
                                            "nodeName": "reverse_array",
                                            "nodeType": "Core::Array::reverse_array",
                                            "metadata": [
                                                {
                                                    "metaName": "DisplayMode",
                                                    "metaType": "string",
                                                    "metaValue": "2"
                                                },
                                                {
                                                    "metaName": "LayoutPos",
                                                    "metaType": "string",
                                                    "metaValue": "86.7421 116.714"
                                                },
                                                {
                                                    "metaName": "zValue",
                                                    "metaType": "string",
                                                    "metaValue": "32.000000"
                                                }
                                            ]
                                        }
                                    ],
                                    "connections": [
                                        {
                                            "source": "get_face_vertex_indices.face_vertex_indices",
                                            "target": "reverse_array.array"
                                        },
                                        {
                                            "source": "reverse_array.reversed",
                                            "target": ".reversed"
                                        },
                                        {
                                            "source": ".current_index",
                                            "target": "get_face_vertex_indices.face_index"
                                        },
                                        {
                                            "source": ".face_vertex",
                                            "target": "get_face_vertex_indices.face_vertex"
                                        },
                                        {
                                            "source": ".face_offset",
                                            "target": "get_face_vertex_indices.face_offset"
                                        }
                                    ],
                                    "values": [
                                        {
                                            "valueName": "get_face_vertex_indices.face_index",
                                            "valueType": "long",
                                            "value": "4"
                                        }
                                    ],
                                    "reservedNodeNames": [
                                        {
                                            "name": "input"
                                        },
                                        {
                                            "name": "output"
                                        }
                                    ],
                                    "forEachCompound": {
                                        "ports": []
                                    }
                                }
                            ],
                            "compoundNodes": [
                                {
                                    "nodeName": "get_mesh_structure",
                                    "nodeType": "Geometry::Mesh::get_mesh_structure",
                                    "metadata": [
                                        {
                                            "metaName": "DisplayMode",
                                            "metaType": "string",
                                            "metaValue": "2"
                                        },
                                        {
                                            "metaName": "LayoutPos",
                                            "metaType": "string",
                                            "metaValue": "-214.056 -104.21"
                                        },
                                        {
                                            "metaName": "zValue",
                                            "metaType": "string",
                                            "metaValue": "31.000000"
                                        }
                                    ]
                                },
                                {
                                    "nodeName": "for_each",
                                    "nodeType": "for_each",
                                    "metadata": [
                                        {
                                            "metaName": "DisplayMode",
                                            "metaType": "string",
                                            "metaValue": "2"
                                        },
                                        {
                                            "metaName": "LayoutPos",
                                            "metaType": "string",
                                            "metaValue": "55.4939 -102.827"
                                        },
                                        {
                                            "metaName": "zValue",
                                            "metaType": "string",
                                            "metaValue": "37.000000"
                                        }
                                    ]
                                },
                                {
                                    "nodeName": "flatten_nested_array",
                                    "nodeType": "Core::Array::flatten_nested_array",
                                    "metadata": [
                                        {
                                            "metaName": "DisplayMode",
                                            "metaType": "string",
                                            "metaValue": "2"
                                        },
                                        {
                                            "metaName": "LayoutPos",
                                            "metaType": "string",
                                            "metaValue": "325.694 -107.073"
                                        },
                                        {
                                            "metaName": "zValue",
                                            "metaType": "string",
                                            "metaValue": "33.000000"
                                        }
                                    ]
                                },
                                {
                                    "nodeName": "set_geo_property",
                                    "nodeType": "Geometry::Properties::set_geo_property",
                                    "metadata": [
                                        {
                                            "metaName": "DisplayMode",
                                            "metaType": "string",
                                            "metaValue": "2"
                                        },
                                        {
                                            "metaName": "LayoutPos",
                                            "metaType": "string",
                                            "metaValue": "606.13 -233.829"
                                        },
                                        {
                                            "metaName": "zValue",
                                            "metaType": "string",
                                            "metaValue": "34.000000"
                                        }
                                    ]
                                }
                            ],
                            "connections": [
                                {
                                    "source": "get_mesh_structure.face_count",
                                    "target": "for_each.max_iterations"
                                },
                                {
                                    "source": "get_mesh_structure.face_vertex",
                                    "target": "for_each.face_vertex"
                                },
                                {
                                    "source": "get_mesh_structure.face_offset",
                                    "target": "for_each.face_offset"
                                },
                                {
                                    "source": "for_each.reversed",
                                    "target": "flatten_nested_array.nested_array"
                                },
                                {
                                    "source": "flatten_nested_array.flattened_array",
                                    "target": "set_geo_property.data"
                                },
                                {
                                    "source": "set_geo_property.out_geometry",
                                    "target": ".out_geometry"
                                },
                                {
                                    "source": ".out_mesh",
                                    "target": "get_mesh_structure.mesh"
                                },
                                {
                                    "source": ".out_mesh",
                                    "target": "set_geo_property.geometry"
                                }
                            ],
                            "values": [
                                {
                                    "valueName": "for_each.max_iterations",
                                    "valueType": "long",
                                    "value": "10"
                                },
                                {
                                    "valueName": "set_geo_property.property",
                                    "valueType": "string",
                                    "value": "face_vertex"
                                },
                                {
                                    "valueName": "set_geo_property.target",
                                    "valueType": "string",
                                    "value": "face_vertex_component"
                                }
                            ],
                            "reservedNodeNames": [
                                {
                                    "name": "input"
                                },
                                {
                                    "name": "output"
                                }
                            ]
                        }
                    ],
                    "compoundNodes": [
                        {
                            "nodeName": "reverse_face_winding",
                            "nodeType": "reverse_face_winding",
                            "metadata": [
                                {
                                    "metaName": "DisplayMode",
                                    "metaType": "string",
                                    "metaValue": "2"
                                },
                                {
                                    "metaName": "zValue",
                                    "metaType": "string",
                                    "metaValue": "58.000000"
                                },
                                {
                                    "metaName": "LayoutPos",
                                    "metaType": "string",
                                    "metaValue": "1190.18 129.479"
                                }
                            ]
                        },
                        {
                            "nodeName": "build_array",
                            "nodeType": "Core::Array::build_array",
                            "multiInPortNames": [
                                "output",
                                "output1"
                            ],
                            "metadata": [
                                {
                                    "metaName": "DisplayMode",
                                    "metaType": "string",
                                    "metaValue": "2"
                                },
                                {
                                    "metaName": "zValue",
                                    "metaType": "string",
                                    "metaValue": "53.000000"
                                },
                                {
                                    "metaName": "LayoutPos",
                                    "metaType": "string",
                                    "metaValue": "609.57 242.113"
                                }
                            ]
                        },
                        {
                            "nodeName": "value",
                            "valueType": "long",
                            "metadata": [
                                {
                                    "metaName": "valuenode_defaultvalue",
                                    "metaType": "string",
                                    "metaValue": "0"
                                },
                                {
                                    "metaName": "DisplayMode",
                                    "metaType": "string",
                                    "metaValue": "0"
                                },
                                {
                                    "metaName": "zValue",
                                    "metaType": "string",
                                    "metaValue": "54.000000"
                                },
                                {
                                    "metaName": "LayoutPos",
                                    "metaType": "string",
                                    "metaValue": "304.57 228.113"
                                }
                            ]
                        },
                        {
                            "nodeName": "value3",
                            "valueType": "long",
                            "metadata": [
                                {
                                    "metaName": "valuenode_defaultvalue",
                                    "metaType": "string",
                                    "metaValue": "0"
                                },
                                {
                                    "metaName": "DisplayMode",
                                    "metaType": "string",
                                    "metaValue": "0"
                                },
                                {
                                    "metaName": "zValue",
                                    "metaType": "string",
                                    "metaValue": "55.000000"
                                },
                                {
                                    "metaName": "LayoutPos",
                                    "metaType": "string",
                                    "metaValue": "304.57 370.113"
                                }
                            ]
                        },
                        {
                            "nodeName": "delete_faces",
                            "nodeType": "Modeling::Mesh::delete_faces",
                            "metadata": [
                                {
                                    "metaName": "DisplayMode",
                                    "metaType": "string",
                                    "metaValue": "2"
                                },
                                {
                                    "metaName": "LayoutPos",
                                    "metaType": "string",
                                    "metaValue": "925 129"
                                },
                                {
                                    "metaName": "zValue",
                                    "metaType": "string",
                                    "metaValue": "36.000000"
                                }
                            ]
                        },
                        {
                            "nodeName": "soften_harden_edges",
                            "nodeType": "Geometry::Mesh::soften_harden_edges",
                            "metadata": [
                                {
                                    "metaName": "DisplayMode",
                                    "metaType": "string",
                                    "metaValue": "2"
                                },
                                {
                                    "metaName": "NodeWidthOffset",
                                    "metaType": "string",
                                    "metaValue": "0"
                                },
                                {
                                    "metaName": "zValue",
                                    "metaType": "string",
                                    "metaValue": "68.000000"
                                },
                                {
                                    "metaName": "LayoutPos",
                                    "metaType": "string",
                                    "metaValue": "1476.48 108.027"
                                }
                            ]
                        }
                    ],
                    "connections": [
                        {
                            "source": "value.output",
                            "target": "build_array.first.output"
                        },
                        {
                            "source": "value3.output",
                            "target": "build_array.first.output1"
                        },
                        {
                            "source": "delete_faces.out_mesh",
                            "target": "reverse_face_winding.out_mesh"
                        },
                        {
                            "source": "build_array.array",
                            "target": "delete_faces.faces_to_delete"
                        },
                        {
                            "source": ".mesh",
                            "target": "delete_faces.mesh"
                        },
                        {
                            "source": "reverse_face_winding.out_geometry",
                            "target": "soften_harden_edges.mesh"
                        },
                        {
                            "source": "soften_harden_edges.out_mesh",
                            "target": ".out_mesh"
                        }
                    ],
                    "values": [
                        {
                            "valueName": "value.value",
                            "valueType": "long",
                            "value": "0"
                        },
                        {
                            "valueName": "value3.value",
                            "valueType": "long",
                            "value": "1"
                        },
                        {
                            "valueName": "delete_faces.faces_to_delete",
                            "valueType": "array<long>",
                            "value": []
                        }
                    ],
                    "reservedNodeNames": [
                        {
                            "name": "input"
                        },
                        {
                            "name": "output"
                        }
                    ]
                }
            ],
            "compoundNodes": [
                {
                    "nodeName": "ivy_surface1",
                    "nodeType": "MJCG::Modeling::Growth::ivy_surface",
                    "fanInPortNames": {
                        "mesh": [
                            "out_mesh"
                        ]
                    },
                    "terminalStates": [
                        {
                            "name": "Core::Graph::terminal::diagnostic",
                            "enabled": "true"
                        }
                    ],
                    "metadata": [
                        {
                            "metaName": "DisplayMode",
                            "metaType": "string",
                            "metaValue": "2"
                        },
                        {
                            "metaName": "zValue",
                            "metaType": "string",
                            "metaValue": "31.000000"
                        },
                        {
                            "metaName": "LayoutPos",
                            "metaType": "string",
                            "metaValue": "-617.578 796.512"
                        }
                    ]
                },
                {
                    "nodeName": "value2",
                    "valueType": "Math::float3",
                    "metadata": [
                        {
                            "metaName": "DisplayMode",
                            "metaType": "string",
                            "metaValue": "2"
                        },
                        {
                            "metaName": "valuenode_defaultvalue",
                            "metaType": "string",
                            "metaValue": "0.8"
                        },
                        {
                            "metaName": "valuenode_defaultvalue",
                            "metaType": "string",
                            "metaValue": "1.75"
                        },
                        {
                            "metaName": "valuenode_defaultvalue",
                            "metaType": "string",
                            "metaValue": "-0.8"
                        },
                        {
                            "metaName": "zValue",
                            "metaType": "string",
                            "metaValue": "32.000000"
                        },
                        {
                            "metaName": "LayoutPos",
                            "metaType": "string",
                            "metaValue": "-886.774 -53.675"
                        }
                    ]
                },
                {
                    "nodeName": "ivy_seeds",
                    "nodeType": "MJCG::Modeling::Growth::ivy_seeds",
                    "fanInPortNames": {
                        "positions": [
                            "output"
                        ],
                        "leaf_geometries": []
                    },
                    "terminalStates": [
                        {
                            "name": "Core::Graph::terminal::diagnostic",
                            "enabled": "false"
                        }
                    ],
                    "metadata": [
                        {
                            "metaName": "DisplayMode",
                            "metaType": "string",
                            "metaValue": "2"
                        },
                        {
                            "metaName": "zValue",
                            "metaType": "string",
                            "metaValue": "33.000000"
                        },
                        {
                            "metaName": "LayoutPos",
                            "metaType": "string",
                            "metaValue": "-619.962 -77.1322"
                        }
                    ]
                },
                {
                    "nodeName": "generate_ivy",
                    "nodeType": "MJCG::Modeling::Growth::generate_ivy",
                    "fanInPortNames": {
                        "surfaces": [
                            "surface1",
                            "surface"
                        ],
                        "Lights": [
                            "light"
                        ],
                        "seeds": [
                            "seeds"
                        ]
                    },
                    "terminalStates": [
                        {
                            "name": "Core::Graph::terminal::final",
                            "enabled": "false"
                        },
                        {
                            "name": "Core::Graph::terminal::proxy",
                            "enabled": "true"
                        },
                        {
                            "name": "Core::Graph::terminal::diagnostic",
                            "enabled": "false"
                        }
                    ],
                    "metadata": [
                        {
                            "metaName": "DisplayMode",
                            "metaType": "string",
                            "metaValue": "2"
                        },
                        {
                            "metaName": "PortExpandedState",
                            "metadata": [
                                {
                                    "metaName": "surfaces",
                                    "metaType": "string",
                                    "metaValue": "0"
                                }
                            ]
                        },
                        {
                            "metaName": "zValue",
                            "metaType": "string",
                            "metaValue": "53.000000"
                        },
                        {
                            "metaName": "LayoutPos",
                            "metaType": "string",
                            "metaValue": "-87.713 485.023"
                        }
                    ]
                },
                {
                    "nodeName": "ivy_light",
                    "nodeType": "MJCG::Modeling::Growth::ivy_light",
                    "terminalStates": [
                        {
                            "name": "Core::Graph::terminal::diagnostic",
                            "enabled": "false"
                        }
                    ],
                    "metadata": [
                        {
                            "metaName": "DisplayMode",
                            "metaType": "string",
                            "metaValue": "2"
                        },
                        {
                            "metaName": "zValue",
                            "metaType": "string",
                            "metaValue": "55.000000"
                        },
                        {
                            "metaName": "LayoutPos",
                            "metaType": "string",
                            "metaValue": "-686.381 1289.37"
                        }
                    ]
                },
                {
                    "nodeName": "create_mesh_cube",
                    "nodeType": "Modeling::Primitive::create_mesh_cube",
                    "metadata": [
                        {
                            "metaName": "DisplayMode",
                            "metaType": "string",
                            "metaValue": "2"
                        },
                        {
                            "metaName": "zValue",
                            "metaType": "string",
                            "metaValue": "58.000000"
                        },
                        {
                            "metaName": "LayoutPos",
                            "metaType": "string",
                            "metaValue": "-1109.41 788.985"
                        }
                    ]
                },
                {
                    "nodeName": "edit_mesh",
                    "nodeType": "edit_mesh",
                    "metadata": [
                        {
                            "metaName": "DisplayMode",
                            "metaType": "string",
                            "metaValue": "2"
                        },
                        {
                            "metaName": "LayoutPos",
                            "metaType": "string",
                            "metaValue": "-861.125 807.167"
                        },
                        {
                            "metaName": "zValue",
                            "metaType": "string",
                            "metaValue": "57.000000"
                        }
                    ]
                },
                {
                    "nodeName": "ivy_surface",
                    "nodeType": "MJCG::Modeling::Growth::ivy_surface",
                    "fanInPortNames": {
                        "mesh": [
                            "sphere_mesh"
                        ]
                    },
                    "terminalStates": [
                        {
                            "name": "Core::Graph::terminal::diagnostic",
                            "enabled": "true"
                        }
                    ],
                    "metadata": [
                        {
                            "metaName": "DisplayMode",
                            "metaType": "string",
                            "metaValue": "2"
                        },
                        {
                            "metaName": "zValue",
                            "metaType": "string",
                            "metaValue": "38.000000"
                        },
                        {
                            "metaName": "LayoutPos",
                            "metaType": "string",
                            "metaValue": "-609.578 346.941"
                        }
                    ]
                },
                {
                    "nodeName": "create_mesh_sphere",
                    "nodeType": "Modeling::Primitive::create_mesh_sphere",
                    "terminalStates": [
                        {
                            "name": "Core::Graph::terminal::diagnostic",
                            "enabled": "false"
                        }
                    ],
                    "metadata": [
                        {
                            "metaName": "DisplayMode",
                            "metaType": "string",
                            "metaValue": "2"
                        },
                        {
                            "metaName": "zValue",
                            "metaType": "string",
                            "metaValue": "39.000000"
                        },
                        {
                            "metaName": "LayoutPos",
                            "metaType": "string",
                            "metaValue": "-866.868 372.85"
                        }
                    ]
                }
            ],
            "connections": [
                {
                    "source": "value2.output",
                    "target": "ivy_seeds.positions.output"
                },
                {
                    "source": "ivy_seeds.seeds",
                    "target": "generate_ivy.seeds.seeds"
                },
                {
                    "source": "ivy_light.light",
                    "target": "generate_ivy.Lights.light"
                },
                {
                    "source": "create_mesh_cube.cube_mesh",
                    "target": "edit_mesh.mesh"
                },
                {
                    "source": "edit_mesh.out_mesh",
                    "target": "ivy_surface1.mesh.out_mesh"
                },
                {
                    "source": "create_mesh_sphere.sphere_mesh",
                    "target": "ivy_surface.mesh.sphere_mesh"
                },
                {
                    "source": "ivy_surface.surface",
                    "target": "generate_ivy.surfaces.surface1"
                },
                {
                    "source": "ivy_surface1.surface",
                    "target": "generate_ivy.surfaces.surface"
                }
            ],
            "values": [
                {
                    "valueName": "ivy_surface1.nutrition",
                    "valueType": "float",
                    "value": "0f"
                },
                {
                    "valueName": "ivy_surface1.adhesion",
                    "valueType": "float",
                    "value": "0f"
                },
                {
                    "valueName": "ivy_surface1.display_property",
                    "valueType": "MJCG::ivySurfaceDiagnosticType",
                    "value": "Off"
                },
                {
                    "valueName": "value2.value",
                    "valueType": "Math::float3",
                    "value": {
                        "x": "0.800000012f",
                        "y": "1.75f",
                        "z": "-0.800000012f"
                    }
                },
                {
                    "valueName": "ivy_seeds.tilt_angle",
                    "valueType": "float",
                    "value": "5f"
                },
                {
                    "valueName": "generate_ivy.processing_mode",
                    "valueType": "MJCG::processingType",
                    "value": "Iteration"
                },
                {
                    "valueName": "generate_ivy.max_iterations",
                    "valueType": "long",
                    "value": "1000"
                },
                {
                    "valueName": "generate_ivy.branch_angle",
                    "valueType": "float",
                    "value": "0f"
                },
                {
                    "valueName": "generate_ivy.max_self_shadow",
                    "valueType": "float",
                    "value": "30f"
                },
                {
                    "valueName": "generate_ivy.min_hanging_length",
                    "valueType": "float",
                    "value": "2.5f"
                },
                {
                    "valueName": "generate_ivy.max_hanging_length",
                    "valueType": "float",
                    "value": "3.5f"
                },
                {
                    "valueName": "generate_ivy.mass",
                    "valueType": "float",
                    "value": "4.5f"
                },
                {
                    "valueName": "generate_ivy.moment_threshold",
                    "valueType": "float",
                    "value": "0.00100000005f"
                },
                {
                    "valueName": "generate_ivy.phototropism_weight",
                    "valueType": "float",
                    "value": "1f"
                },
                {
                    "valueName": "generate_ivy.geotropism_weight",
                    "valueType": "float",
                    "value": "1f"
                },
                {
                    "valueName": "generate_ivy.direction_weight",
                    "valueType": "float",
                    "value": "1f"
                },
                {
                    "valueName": "generate_ivy.gravity_weight",
                    "valueType": "float",
                    "value": "1f"
                },
                {
                    "valueName": "ivy_light.kill_occluded",
                    "valueType": "bool",
                    "value": "false"
                },
                {
                    "valueName": "ivy_light.sunlight",
                    "valueType": "bool",
                    "value": "true"
                },
                {
                    "valueName": "ivy_light.sunlight_samples",
                    "valueType": "uint",
                    "value": "500U"
                },
                {
                    "valueName": "create_mesh_cube.length",
                    "valueType": "float",
                    "value": "4f"
                },
                {
                    "valueName": "create_mesh_cube.width",
                    "valueType": "float",
                    "value": "4f"
                },
                {
                    "valueName": "create_mesh_cube.height",
                    "valueType": "float",
                    "value": "4f"
                },
                {
                    "valueName": "create_mesh_cube.position",
                    "valueType": "Math::float3",
                    "value": {
                        "x": "0f",
                        "y": "0f",
                        "z": "0f"
                    }
                },
                {
                    "valueName": "create_mesh_cube.up_axis",
                    "valueType": "Math::float3",
                    "value": {
                        "x": "0f",
                        "y": "1f",
                        "z": "0f"
                    }
                },
                {
                    "valueName": "create_mesh_cube.base_to_pivot",
                    "valueType": "bool",
                    "value": "true"
                },
                {
                    "valueName": "edit_mesh.mesh",
                    "valueType": "Object",
                    "value": {}
                },
                {
                    "valueName": "ivy_surface.enable",
                    "valueType": "bool",
                    "value": "true"
                },
                {
                    "valueName": "ivy_surface.nutrition",
                    "valueType": "float",
                    "value": "1f"
                },
                {
                    "valueName": "ivy_surface.adhesion",
                    "valueType": "float",
                    "value": "0.75f"
                },
                {
                    "valueName": "ivy_surface.nutrition_property",
                    "valueType": "string",
                    "value": "point_nutrition"
                },
                {
                    "valueName": "ivy_surface.adhesion_property",
                    "valueType": "string",
                    "value": "point_adhesion"
                },
                {
                    "valueName": "ivy_surface.display_property",
                    "valueType": "MJCG::ivySurfaceDiagnosticType",
                    "value": "Off"
                },
                {
                    "valueName": "create_mesh_sphere.radius",
                    "valueType": "float",
                    "value": "1f"
                },
                {
                    "valueName": "create_mesh_sphere.position",
                    "valueType": "Math::float3",
                    "value": {
                        "x": "0f",
                        "y": "1f",
                        "z": "0f"
                    }
                },
                {
                    "valueName": "create_mesh_sphere.base_to_pivot",
                    "valueType": "bool",
                    "value": "true"
                }
            ],
            "reservedNodeNames": [
                {
                    "name": "input"
                },
                {
                    "name": "output"
                },
                {
                    "name": "input1"
                }
            ]
        }
    ]
}
