{
    "header": {
        "metadata": [
            {
                "metaName": "adskFileFormatVersion",
                "metaValue": "100L"
            }
        ]
    },
    "dependencies": [
        {
            "uri": "file:///Math_types.json"
        },
        {
            "uri": "file:///Math_float.json"
        },
        {
            "uri": "file:///Math_double.json"
        },
        {
            "uri": "file:///Math_conversion.json"
        },
        {
            "uri": "file:///Math_long.json"
        },
        {
            "uri": "file:///Math_char.json"
        },
        {
            "uri": "file:///Math_int.json"
        },
        {
            "uri": "file:///Math_short.json"
        },
        {
            "uri": "file:///Math_uchar.json"
        },
        {
            "uri": "file:///Math_uint.json"
        },
        {
            "uri": "file:///Math_ulong.json"
        },
        {
            "uri": "file:///Math_ushort.json"
        },
        {
            "uri": "file:///Math_bool.json"
        },
        {
            "uri": "file:///fill_interpolated_array.json"
        },
        {
            "uri": "file:///Math_constants.json"
        },
        {
            "uri": "file:///bifrost_object_i.json"
        },
        {
            "uri": "file:///bifrost_geometry_query_types.json"
        },
        {
            "uri": "file:///geometry_types.json"
        },
        {
            "uri": "file:///create_object_from_schema.json"
        },
        {
            "uri": "file:///set_property_any.json"
        },
        {
            "uri": "file:///set_property.json"
        },
        {
            "uri": "file:///get_property_any.json"
        },
        {
            "uri": "file:///get_property.json"
        },
        {
            "uri": "file:///set_sub_object_property.json"
        },
        {
            "uri": "file:///construct_strands.json"
        },
        {
            "uri": "file:///Math_array.json"
        },
        {
            "uri": "file:///Core_Constants_default_value.json"
        },
        {
            "uri": "file:///int_filter.json"
        },
        {
            "uri": "file:///get_array_indices.json"
        },
        {
            "uri": "file:///CoreArrayOps.json"
        },
        {
            "uri": "file:///has_property.json"
        },
        {
            "uri": "file:///create_volume_geo_prop.json"
        },
        {
            "uri": "file:///is_a.json"
        },
        {
            "uri": "file:///is_a_mesh.json"
        },
        {
            "uri": "file:///is_a_strands.json"
        },
        {
            "uri": "file:///is_a_points.json"
        },
        {
            "uri": "file:///is_a_volume.json"
        },
        {
            "uri": "file:///get_geo_schema_type.json"
        },
        {
            "uri": "file:///switch_is_a.json"
        },
        {
            "uri": "file:///get_target_component.json"
        },
        {
            "uri": "file:///create_data_geo_prop.json"
        },
        {
            "uri": "file:///get_geo_component_count.json"
        },
        {
            "uri": "file:///set_geo_property.array.json"
        },
        {
            "uri": "file:///set_geo_property.scalar.json"
        },
        {
            "uri": "file:///get_geo_property.json"
        },
        {
            "uri": "file:///get_strands_structure.json"
        },
        {
            "uri": "file:///access_offset_array.json"
        },
        {
            "uri": "file:///get_geo_property_check.json"
        },
        {
            "uri": "file:///update_point_strand_index.json"
        },
        {
            "uri": "file:///check_point_strand_index.json"
        },
        {
            "uri": "file:///update_strands_ratio.json"
        },
        {
            "uri": "file:///Math_quaternion_to_matrix.json"
        },
        {
            "uri": "file:///Math_compose_transform_matrix.json"
        },
        {
            "uri": "file:///Math_vector3_to_vector4.json"
        },
        {
            "uri": "file:///Math_vector4_to_vector3.json"
        },
        {
            "uri": "file:///multiply_vector_by_matrix.json"
        },
        {
            "uri": "file:///Math_rotate_by_quaternion.json"
        },
        {
            "uri": "file:///create_mesh_plane.json"
        },
        {
            "uri": "file:///twice_of.json"
        },
        {
            "uri": "file:///Math_euler_to_quaternion.json"
        },
        {
            "uri": "file:///Math_degrees_to_radians.json"
        },
        {
            "uri": "file:///Core_Array_array_is_empty.json"
        },
        {
            "uri": "file:///get_geo_target_count.json"
        },
        {
            "uri": "file:///volume_types.json"
        },
        {
            "uri": "file:///volume_nodedefs.json"
        },
        {
            "uri": "file:///interpret_auto_port_as_vector.json"
        },
        {
            "uri": "file:///get_property_keys.json"
        },
        {
            "uri": "file:///is_empty.json"
        },
        {
            "uri": "file:///materials.json"
        },
        {
            "uri": "file:///standard_surface_mat.json"
        },
        {
            "uri": "file:///assign_diagnostic_material.json"
        },
        {
            "uri": "file:///object_terminal.json"
        }
    ],
    "namespaces": [],
    "types": [],
    "compounds": [
        {
            "name": "MJCG::Modeling::Strands::create_circle",
            "uriImported": "stream:/bifrostGraphShape1",
            "metadata": [
                {
                    "metaName": "documentation",
                    "metaType": "string",
                    "metaValue": "..//strands/docs/create_circle.md"
                },
                {
                    "metaName": "icon",
                    "metaType": "string",
                    "metaValue": "../../icons/mjcg.png"
                },
                {
                    "metaName": "io_nodes",
                    "metadata": [
                        {
                            "metaName": "io_inodes",
                            "metadata": [
                                {
                                    "metaName": "input_2",
                                    "metadata": [
                                        {
                                            "metaName": "DisplayMode",
                                            "metaType": "string",
                                            "metaValue": "2"
                                        },
                                        {
                                            "metaName": "io_ports",
                                            "metadata": [
                                                {
                                                    "metaName": "scale"
                                                },
                                                {
                                                    "metaName": "rotation"
                                                },
                                                {
                                                    "metaName": "translation"
                                                },
                                                {
                                                    "metaName": "use_transform_matrix"
                                                },
                                                {
                                                    "metaName": "transform"
                                                }
                                            ]
                                        },
                                        {
                                            "metaName": "LayoutPos",
                                            "metaType": "string",
                                            "metaValue": "-1395.82 222.605"
                                        }
                                    ]
                                },
                                {
                                    "metaName": "input1",
                                    "metadata": [
                                        {
                                            "metaName": "DisplayMode",
                                            "metaType": "string",
                                            "metaValue": "2"
                                        },
                                        {
                                            "metaName": "io_ports",
                                            "metadata": [
                                                {
                                                    "metaName": "radius"
                                                },
                                                {
                                                    "metaName": "axis"
                                                }
                                            ]
                                        },
                                        {
                                            "metaName": "LayoutPos",
                                            "metaType": "string",
                                            "metaValue": "-2865.95 131.371"
                                        }
                                    ]
                                },
                                {
                                    "metaName": "input",
                                    "metadata": [
                                        {
                                            "metaName": "DisplayMode",
                                            "metaType": "string",
                                            "metaValue": "2"
                                        },
                                        {
                                            "metaName": "LayoutPos",
                                            "metaType": "string",
                                            "metaValue": "-2274.53 645.959"
                                        },
                                        {
                                            "metaName": "io_ports",
                                            "metadata": [
                                                {
                                                    "metaName": "sides"
                                                }
                                            ]
                                        }
                                    ]
                                }
                            ]
                        },
                        {
                            "metaName": "io_onodes",
                            "metadata": [
                                {
                                    "metaName": "output",
                                    "metadata": [
                                        {
                                            "metaName": "DisplayMode",
                                            "metaType": "string",
                                            "metaValue": "2"
                                        },
                                        {
                                            "metaName": "io_ports",
                                            "metadata": [
                                                {
                                                    "metaName": "strands"
                                                },
                                                {
                                                    "metaName": "positions"
                                                }
                                            ]
                                        },
                                        {
                                            "metaName": "LayoutPos",
                                            "metaType": "string",
                                            "metaValue": "137.833 30.4113"
                                        }
                                    ]
                                }
                            ]
                        }
                    ]
                },
                {
                    "metaName": "backdrop",
                    "metadata": [
                        {
                            "metaName": "type",
                            "metaType": "string",
                            "metaValue": "backdrop"
                        },
                        {
                            "metaName": "text",
                            "metaType": "string",
                            "metaValue": "Build Theta array from 0 to 2*PI."
                        },
                        {
                            "metaName": "color",
                            "metaType": "string",
                            "metaValue": "#356d3c"
                        },
                        {
                            "metaName": "coords",
                            "metaType": "string",
                            "metaValue": "-2579.78 269.699 859.427 577.341"
                        }
                    ]
                },
                {
                    "metaName": "backdrop1",
                    "metadata": [
                        {
                            "metaName": "type",
                            "metaType": "string",
                            "metaValue": "backdrop"
                        },
                        {
                            "metaName": "text",
                            "metaType": "string",
                            "metaValue": "Circle algorithm source: \nhttps://www.mathopenref.com/coordcirclealgorithm.html"
                        },
                        {
                            "metaName": "coords",
                            "metaType": "string",
                            "metaValue": "-2073.9 109.886 327.516 73.7105"
                        },
                        {
                            "metaName": "color",
                            "metaType": "string",
                            "metaValue": "#6d4e4f"
                        }
                    ]
                },
                {
                    "metaName": "_recentNode_",
                    "metaType": "string",
                    "metaValue": "BifrostGraph,Core::Constants,zero"
                },
                {
                    "metaName": "_recentNode_",
                    "metaType": "string",
                    "metaValue": "BifrostGraph,Core::Math,twice_of"
                },
                {
                    "metaName": "_recentNode_",
                    "metaType": "string",
                    "metaValue": "BifrostBoard,Geometry::Strands::Internal,update_strand_ratio"
                },
                {
                    "metaName": "_recentNode_",
                    "metaType": "string",
                    "metaValue": "BifrostBoard,Geometry::Strands,construct_strands"
                },
                {
                    "metaName": "_recentNode_",
                    "metaType": "string",
                    "metaValue": "BifrostBoard,Math,add"
                },
                {
                    "metaName": "backdrop6",
                    "metadata": [
                        {
                            "metaName": "type",
                            "metaType": "string",
                            "metaValue": "backdrop"
                        },
                        {
                            "metaName": "type",
                            "metaType": "string",
                            "metaValue": "backdrop"
                        },
                        {
                            "metaName": "text",
                            "metaType": "string",
                            "metaValue": "Transform the grid points"
                        },
                        {
                            "metaName": "coords",
                            "metaType": "string",
                            "metaValue": "-1418.56 37.8039 786.003 486.786"
                        },
                        {
                            "metaName": "color",
                            "metaType": "string",
                            "metaValue": "#6d6d53"
                        }
                    ]
                },
                {
                    "metaName": "ViewportRect",
                    "metaType": "string",
                    "metaValue": "-2946.18 -288.263 3415.07 1428.31"
                },
                {
                    "metaName": "UILayout",
                    "metaType": "string",
                    "metaValue": "{\n    \"NodeLayout\": {\n        \"hideUndeclaredPorts\": false,\n        \"items\": [\n            {\n                \"expanded\": false,\n                \"group\": \"Circle\",\n                \"items\": [\n                    {\n                        \"port\": \"sides\"\n                    },\n                    {\n                        \"port\": \"radius\"\n                    },\n                    {\n                        \"port\": \"radius1\"\n                    },\n                    {\n                        \"port\": \"axis\"\n                    }\n                ]\n            },\n            {\n                \"port\": \"sizes\"\n            },\n            {\n                \"expanded\": false,\n                \"group\": \"Transform\",\n                \"items\": [\n                    {\n                        \"port\": \"scale\"\n                    },\n                    {\n                        \"port\": \"quaternion\"\n                    },\n                    {\n                        \"port\": \"rotation\"\n                    },\n                    {\n                        \"port\": \"translation\"\n                    },\n                    {\n                        \"port\": \"use_transform_matrix\"\n                    },\n                    {\n                        \"port\": \"transform_matrix\"\n                    },\n                    {\n                        \"port\": \"use_matrix\"\n                    },\n                    {\n                        \"port\": \"matrix\"\n                    },\n                    {\n                        \"port\": \"transform\"\n                    }\n                ]\n            }\n        ]\n    }\n}\n"
                },
                {
                    "metaName": "PortExpandedState",
                    "metadata": [
                        {
                            "metaName": "Transform",
                            "metaType": "string",
                            "metaValue": "0"
                        },
                        {
                            "metaName": "Circle",
                            "metaType": "string",
                            "metaValue": "0"
                        }
                    ]
                },
                {
                    "metaName": "DisplayMode",
                    "metaType": "string",
                    "metaValue": "2"
                },
                {
                    "metaName": "LayoutPos",
                    "metaType": "string",
                    "metaValue": "-172.192 52.5992"
                },
                {
                    "metaName": "terminal_node_disabled_flags",
                    "metaType": "string",
                    "metaValue": "Core::Graph::terminal::proxy"
                }
            ],
            "ports": [
                {
                    "portName": "strands",
                    "portDirection": "output",
                    "portType": "Amino::Object"
                },
                {
                    "portName": "positions",
                    "portDirection": "output",
                    "portType": "array<Math::float3>"
                },
                {
                    "portName": "scale",
                    "portDirection": "input",
                    "portType": "Math::float3",
                    "portDefault": {
                        "x": "1f",
                        "y": "1f",
                        "z": "1f"
                    }
                },
                {
                    "portName": "rotation",
                    "portDirection": "input",
                    "portType": "Math::float3"
                },
                {
                    "portName": "translation",
                    "portDirection": "input",
                    "portType": "Math::float3"
                },
                {
                    "portName": "use_transform_matrix",
                    "portDirection": "input",
                    "portType": "bool"
                },
                {
                    "portName": "transform",
                    "portDirection": "input",
                    "portType": "Math::float4x4",
                    "portDefault": {
                        "c0": {
                            "x": "1f",
                            "y": "0f",
                            "z": "0f",
                            "w": "0f"
                        },
                        "c1": {
                            "x": "0f",
                            "y": "1f",
                            "z": "0f",
                            "w": "0f"
                        },
                        "c2": {
                            "x": "0f",
                            "y": "0f",
                            "z": "1f",
                            "w": "0f"
                        },
                        "c3": {
                            "x": "0f",
                            "y": "0f",
                            "z": "0f",
                            "w": "1f"
                        }
                    }
                },
                {
                    "portName": "sides",
                    "portDirection": "input",
                    "portType": "long",
                    "portDefault": "6"
                },
                {
                    "portName": "radius",
                    "portDirection": "input",
                    "portType": "float",
                    "portDefault": "1f"
                },
                {
                    "portName": "axis",
                    "portDirection": "input",
                    "portType": "Math::float3",
                    "portDefault": {
                        "x": "0f",
                        "y": "0f",
                        "z": "1f"
                    }
                }
            ],
            "compounds": [
                {
                    "name": "for_each__create_circle",
                    "uriImported": "stream:/bifrostGraphShape1",
                    "metadata": [
                        {
                            "metaName": "icon",
                            "metaType": "string",
                            "metaValue": "<NATIVE>../icons/LoopForEach.svg"
                        },
                        {
                            "metaName": "icon",
                            "metaType": "string",
                            "metaValue": "<NATIVE>../icons/LoopForEach.svg"
                        },
                        {
                            "metaName": "io_nodes",
                            "metadata": [
                                {
                                    "metaName": "io_inodes",
                                    "metadata": [
                                        {
                                            "metaName": "input",
                                            "metadata": [
                                                {
                                                    "metaName": "DisplayMode",
                                                    "metaType": "string",
                                                    "metaValue": "2"
                                                },
                                                {
                                                    "metaName": "LayoutPos",
                                                    "metaType": "string",
                                                    "metaValue": "-1097.12 -219.034"
                                                },
                                                {
                                                    "metaName": "io_ports",
                                                    "metadata": [
                                                        {
                                                            "metaName": "current_index"
                                                        },
                                                        {
                                                            "metaName": "radius"
                                                        },
                                                        {
                                                            "metaName": "axis"
                                                        },
                                                        {
                                                            "metaName": "theta"
                                                        }
                                                    ]
                                                }
                                            ]
                                        }
                                    ]
                                },
                                {
                                    "metaName": "io_onodes",
                                    "metadata": [
                                        {
                                            "metaName": "output",
                                            "metadata": [
                                                {
                                                    "metaName": "DisplayMode",
                                                    "metaType": "string",
                                                    "metaValue": "2"
                                                },
                                                {
                                                    "metaName": "LayoutPos",
                                                    "metaType": "string",
                                                    "metaValue": "433.591 -84.2396"
                                                },
                                                {
                                                    "metaName": "io_ports",
                                                    "metadata": [
                                                        {
                                                            "metaName": "position"
                                                        }
                                                    ]
                                                }
                                            ]
                                        }
                                    ]
                                }
                            ]
                        },
                        {
                            "metaName": "_recentNode_",
                            "metaType": "string",
                            "metaValue": "BifrostGraph,Core::Math,rotation_between_vectors"
                        },
                        {
                            "metaName": "_recentNode_",
                            "metaType": "string",
                            "metaValue": "BifrostGraph,Modeling::Primitive,create_mesh_plane"
                        },
                        {
                            "metaName": "_recentNode_",
                            "metaType": "string",
                            "metaValue": "BifrostGraph,Core::Math,rotate_by_quaternion"
                        },
                        {
                            "metaName": "_recentNode_",
                            "metaType": "string",
                            "metaValue": "BifrostBoard,Math,matrix_to_quaternion"
                        },
                        {
                            "metaName": "_recentNode_",
                            "metaType": "string",
                            "metaValue": "BifrostBoard,Math,subtract"
                        },
                        {
                            "metaName": "ViewportRect",
                            "metaType": "string",
                            "metaValue": "-1177 -539.575 1917 966.149"
                        }
                    ],
                    "ports": [
                        {
                            "portName": "current_index",
                            "portDirection": "input",
                            "portType": "long",
                            "portIterationCounter": "true"
                        },
                        {
                            "portName": "radius",
                            "portDirection": "input",
                            "portType": "float"
                        },
                        {
                            "portName": "position",
                            "portDirection": "output",
                            "portType": "array<Math::float3>",
                            "portIterationTarget": "true"
                        },
                        {
                            "portName": "axis",
                            "portDirection": "input",
                            "portType": "Math::float3"
                        },
                        {
                            "portName": "theta",
                            "portDirection": "input",
                            "portType": "array<float>",
                            "portIterationTarget": "true"
                        }
                    ],
                    "compoundNodes": [
                        {
                            "nodeName": "cos",
                            "nodeType": "Core::Math::cos",
                            "metadata": [
                                {
                                    "metaName": "DisplayMode",
                                    "metaType": "string",
                                    "metaValue": "2"
                                },
                                {
                                    "metaName": "LayoutPos",
                                    "metaType": "string",
                                    "metaValue": "-782.547 -381.614"
                                }
                            ]
                        },
                        {
                            "nodeName": "sin",
                            "nodeType": "Core::Math::sin",
                            "metadata": [
                                {
                                    "metaName": "DisplayMode",
                                    "metaType": "string",
                                    "metaValue": "2"
                                },
                                {
                                    "metaName": "LayoutPos",
                                    "metaType": "string",
                                    "metaValue": "-788.453 33.0304"
                                }
                            ]
                        },
                        {
                            "nodeName": "scalar_to_vector3",
                            "nodeType": "Core::Conversion::scalar_to_vector3",
                            "metadata": [
                                {
                                    "metaName": "DisplayMode",
                                    "metaType": "string",
                                    "metaValue": "2"
                                },
                                {
                                    "metaName": "LayoutPos",
                                    "metaType": "string",
                                    "metaValue": "-162.82 -192.748"
                                }
                            ]
                        },
                        {
                            "nodeName": "multiply",
                            "nodeType": "Core::Math::multiply",
                            "multiInPortNames": [
                                "radius",
                                "output1"
                            ],
                            "metadata": [
                                {
                                    "metaName": "DisplayMode",
                                    "metaType": "string",
                                    "metaValue": "2"
                                },
                                {
                                    "metaName": "LayoutPos",
                                    "metaType": "string",
                                    "metaValue": "-453 -304"
                                }
                            ]
                        },
                        {
                            "nodeName": "multiply1",
                            "nodeType": "Core::Math::multiply",
                            "multiInPortNames": [
                                "radius",
                                "output1"
                            ],
                            "metadata": [
                                {
                                    "metaName": "DisplayMode",
                                    "metaType": "string",
                                    "metaValue": "2"
                                },
                                {
                                    "metaName": "LayoutPos",
                                    "metaType": "string",
                                    "metaValue": "-451.39 -72.2982"
                                }
                            ]
                        },
                        {
                            "nodeName": "rotate_by_quaternion",
                            "nodeType": "Core::Math::rotate_by_quaternion",
                            "metadata": [
                                {
                                    "metaName": "DisplayMode",
                                    "metaType": "string",
                                    "metaValue": "2"
                                },
                                {
                                    "metaName": "LayoutPos",
                                    "metaType": "string",
                                    "metaValue": "136.497 -87.1197"
                                }
                            ]
                        },
                        {
                            "nodeName": "rotation_between_vectors",
                            "nodeType": "Core::Math::rotation_between_vectors",
                            "metadata": [
                                {
                                    "metaName": "DisplayMode",
                                    "metaType": "string",
                                    "metaValue": "2"
                                },
                                {
                                    "metaName": "LayoutPos",
                                    "metaType": "string",
                                    "metaValue": "-170.821 68.7566"
                                }
                            ]
                        }
                    ],
                    "connections": [
                        {
                            "source": "cos.cosine",
                            "target": "multiply.first.output1"
                        },
                        {
                            "source": "sin.sine",
                            "target": "multiply1.first.output1"
                        },
                        {
                            "source": ".theta",
                            "target": "cos.value"
                        },
                        {
                            "source": ".theta",
                            "target": "sin.value"
                        },
                        {
                            "source": ".radius",
                            "target": "multiply.first.radius"
                        },
                        {
                            "source": ".radius",
                            "target": "multiply1.first.radius"
                        },
                        {
                            "source": ".axis",
                            "target": "rotation_between_vectors.to"
                        },
                        {
                            "source": "rotation_between_vectors.quaternion",
                            "target": "rotate_by_quaternion.quaternion"
                        },
                        {
                            "source": "scalar_to_vector3.vector3",
                            "target": "rotate_by_quaternion.vector"
                        },
                        {
                            "source": "multiply.output",
                            "target": "scalar_to_vector3.z"
                        },
                        {
                            "source": "multiply1.output",
                            "target": "scalar_to_vector3.y"
                        },
                        {
                            "source": "rotate_by_quaternion.rotated_vector",
                            "target": ".position"
                        }
                    ],
                    "values": [
                        {
                            "valueName": "rotation_between_vectors.from",
                            "valueType": "Math::float3",
                            "value": {
                                "x": "1f",
                                "y": "0f",
                                "z": "0f"
                            }
                        }
                    ],
                    "forEachCompound": {
                        "ports": [],
                        "grainSize": "1"
                    }
                },
                {
                    "name": "compose_transform",
                    "uriImported": "stream:/bifrostGraphShape1",
                    "metadata": [
                        {
                            "metaName": "_recentNode_",
                            "metaType": "string",
                            "metaValue": "BifrostGraph,Core::Math,multiply"
                        },
                        {
                            "metaName": "_recentNode_",
                            "metaType": "string",
                            "metaValue": "BifrostGraph,MJCG::Modeling::Strands,extrude_strands"
                        },
                        {
                            "metaName": "_recentNode_",
                            "metaType": "string",
                            "metaValue": "BifrostGraph,Core::Math,divide"
                        },
                        {
                            "metaName": "_recentNode_",
                            "metaType": "string",
                            "metaValue": "BifrostGraph,Core::Math,add"
                        },
                        {
                            "metaName": "_recentNode_",
                            "metaType": "string",
                            "metaValue": "BifrostGraph,Core::Conversion,vector3_to_scalar"
                        },
                        {
                            "metaName": "io_nodes",
                            "metadata": [
                                {
                                    "metaName": "io_inodes",
                                    "metadata": [
                                        {
                                            "metaName": "input",
                                            "metadata": [
                                                {
                                                    "metaName": "DisplayMode",
                                                    "metaType": "string",
                                                    "metaValue": "2"
                                                },
                                                {
                                                    "metaName": "LayoutPos",
                                                    "metaType": "string",
                                                    "metaValue": "154.81 968.098"
                                                },
                                                {
                                                    "metaName": "io_ports",
                                                    "metadata": [
                                                        {
                                                            "metaName": "scale"
                                                        },
                                                        {
                                                            "metaName": "rotation"
                                                        },
                                                        {
                                                            "metaName": "translation"
                                                        },
                                                        {
                                                            "metaName": "use_transform_matrix"
                                                        },
                                                        {
                                                            "metaName": "transform"
                                                        }
                                                    ]
                                                }
                                            ]
                                        }
                                    ]
                                },
                                {
                                    "metaName": "io_onodes",
                                    "metadata": [
                                        {
                                            "metaName": "output1",
                                            "metadata": [
                                                {
                                                    "metaName": "DisplayMode",
                                                    "metaType": "string",
                                                    "metaValue": "2"
                                                },
                                                {
                                                    "metaName": "io_ports",
                                                    "metadata": [
                                                        {
                                                            "metaName": "out_transform"
                                                        }
                                                    ]
                                                },
                                                {
                                                    "metaName": "LayoutPos",
                                                    "metaType": "string",
                                                    "metaValue": "1582.54 1049.95"
                                                }
                                            ]
                                        }
                                    ]
                                }
                            ]
                        },
                        {
                            "metaName": "ViewportRect",
                            "metaType": "string",
                            "metaValue": "74.2743 731.3 1814.42 914.452"
                        }
                    ],
                    "ports": [
                        {
                            "portName": "scale",
                            "portDirection": "input",
                            "portType": "Math::float3"
                        },
                        {
                            "portName": "rotation",
                            "portDirection": "input",
                            "portType": "Math::float3"
                        },
                        {
                            "portName": "translation",
                            "portDirection": "input",
                            "portType": "Math::float3"
                        },
                        {
                            "portName": "use_transform_matrix",
                            "portDirection": "input",
                            "portType": "bool"
                        },
                        {
                            "portName": "transform",
                            "portDirection": "input",
                            "portType": "Math::float4x4"
                        },
                        {
                            "portName": "out_transform",
                            "portDirection": "output",
                            "portType": "Math::float4x4"
                        }
                    ],
                    "compoundNodes": [
                        {
                            "nodeName": "SRT_to_matrix",
                            "nodeType": "Core::Math::SRT_to_matrix",
                            "metadata": [
                                {
                                    "metaName": "DisplayMode",
                                    "metaType": "string",
                                    "metaValue": "2"
                                },
                                {
                                    "metaName": "LayoutPos",
                                    "metaType": "string",
                                    "metaValue": "1040.34 1159.09"
                                }
                            ]
                        },
                        {
                            "nodeName": "degrees_to_radians",
                            "nodeType": "Core::Conversion::degrees_to_radians",
                            "metadata": [
                                {
                                    "metaName": "DisplayMode",
                                    "metaType": "string",
                                    "metaValue": "2"
                                },
                                {
                                    "metaName": "LayoutPos",
                                    "metaType": "string",
                                    "metaValue": "495.339 1233.09"
                                }
                            ]
                        },
                        {
                            "nodeName": "euler_to_quaternion",
                            "nodeType": "Core::Math::euler_to_quaternion",
                            "metadata": [
                                {
                                    "metaName": "DisplayMode",
                                    "metaType": "string",
                                    "metaValue": "2"
                                },
                                {
                                    "metaName": "LayoutPos",
                                    "metaType": "string",
                                    "metaValue": "764.339 1208.09"
                                }
                            ]
                        },
                        {
                            "nodeName": "if",
                            "nodeType": "Core::Logic::if",
                            "metadata": [
                                {
                                    "metaName": "DisplayMode",
                                    "metaType": "string",
                                    "metaValue": "2"
                                },
                                {
                                    "metaName": "LayoutPos",
                                    "metaType": "string",
                                    "metaValue": "1304.34 1023.09"
                                }
                            ]
                        }
                    ],
                    "connections": [
                        {
                            "source": "SRT_to_matrix.transform",
                            "target": "if.false_case"
                        },
                        {
                            "source": "degrees_to_radians.radians",
                            "target": "euler_to_quaternion.euler_radians"
                        },
                        {
                            "source": "euler_to_quaternion.quaternion",
                            "target": "SRT_to_matrix.quaternion"
                        },
                        {
                            "source": "if.output",
                            "target": ".out_transform"
                        },
                        {
                            "source": ".scale",
                            "target": "SRT_to_matrix.scale"
                        },
                        {
                            "source": ".rotation",
                            "target": "degrees_to_radians.degrees"
                        },
                        {
                            "source": ".translation",
                            "target": "SRT_to_matrix.translation"
                        },
                        {
                            "source": ".use_transform_matrix",
                            "target": "if.condition"
                        },
                        {
                            "source": ".transform",
                            "target": "if.true_case"
                        }
                    ],
                    "values": []
                }
            ],
            "compoundNodes": [
                {
                    "nodeName": "for_each__create_circle",
                    "nodeType": "for_each__create_circle",
                    "metadata": [
                        {
                            "metaName": "DisplayMode",
                            "metaType": "string",
                            "metaValue": "2"
                        },
                        {
                            "metaName": "LayoutPos",
                            "metaType": "string",
                            "metaValue": "-1667.75 75.8646"
                        }
                    ]
                },
                {
                    "nodeName": "fill_interpolated",
                    "nodeType": "MJCG::Core::Array::fill_interpolated_array",
                    "metadata": [
                        {
                            "metaName": "DisplayMode",
                            "metaType": "string",
                            "metaValue": "2"
                        },
                        {
                            "metaName": "LayoutPos",
                            "metaType": "string",
                            "metaValue": "-1993.64 421.957"
                        }
                    ]
                },
                {
                    "nodeName": "pi",
                    "nodeType": "Core::Constants::pi",
                    "metadata": [
                        {
                            "metaName": "DisplayMode",
                            "metaType": "string",
                            "metaValue": "2"
                        },
                        {
                            "metaName": "LayoutPos",
                            "metaType": "string",
                            "metaValue": "-2544.05 393.912"
                        }
                    ]
                },
                {
                    "nodeName": "construct_strands",
                    "nodeType": "Geometry::Strands::construct_strands",
                    "metadata": [
                        {
                            "metaName": "DisplayMode",
                            "metaType": "string",
                            "metaValue": "2"
                        },
                        {
                            "metaName": "LayoutPos",
                            "metaType": "string",
                            "metaValue": "-603.951 154.41"
                        }
                    ]
                },
                {
                    "nodeName": "twice_of",
                    "nodeType": "Core::Math::twice_of",
                    "metadata": [
                        {
                            "metaName": "DisplayMode",
                            "metaType": "string",
                            "metaValue": "2"
                        },
                        {
                            "metaName": "LayoutPos",
                            "metaType": "string",
                            "metaValue": "-2277.52 470.494"
                        }
                    ]
                },
                {
                    "nodeName": "zero1",
                    "nodeType": "Core::Constants::zero",
                    "metadata": [
                        {
                            "metaName": "DisplayMode",
                            "metaType": "string",
                            "metaValue": "2"
                        },
                        {
                            "metaName": "LayoutPos",
                            "metaType": "string",
                            "metaValue": "-2287.49 287.787"
                        }
                    ]
                },
                {
                    "nodeName": "multiply_vector_by_matrix1",
                    "nodeType": "MJCG::Core::Math::multiply_vector_by_matrix",
                    "metadata": [
                        {
                            "metaName": "DisplayMode",
                            "metaType": "string",
                            "metaValue": "2"
                        },
                        {
                            "metaName": "LayoutPos",
                            "metaType": "string",
                            "metaValue": "-914.788 52.1107"
                        }
                    ]
                },
                {
                    "nodeName": "compose_transform",
                    "nodeType": "compose_transform",
                    "metadata": [
                        {
                            "metaName": "DisplayMode",
                            "metaType": "string",
                            "metaValue": "2"
                        },
                        {
                            "metaName": "LayoutPos",
                            "metaType": "string",
                            "metaValue": "-1139.4 176.054"
                        }
                    ]
                },
                {
                    "nodeName": "assign_diagnostic_material",
                    "nodeType": "Diagnostic::Display::assign_diagnostic_material",
                    "metadata": [
                        {
                            "metaName": "DisplayMode",
                            "metaType": "string",
                            "metaValue": "2"
                        },
                        {
                            "metaName": "LayoutPos",
                            "metaType": "string",
                            "metaValue": "-117.676 276.605"
                        }
                    ]
                },
                {
                    "nodeName": "terminal",
                    "nodeType": "Core::Graph::terminal",
                    "fanInPortNames": {
                        "final": [],
                        "proxy": [
                            "geometry_with_material"
                        ],
                        "diagnostic": []
                    },
                    "deactivatedTerminals": [
                        "Core::Graph::terminal::final",
                        "Core::Graph::terminal::diagnostic"
                    ],
                    "metadata": [
                        {
                            "metaName": "DisplayMode",
                            "metaType": "string",
                            "metaValue": "2"
                        },
                        {
                            "metaName": "LayoutPos",
                            "metaType": "string",
                            "metaValue": "162.893 252.175"
                        }
                    ]
                }
            ],
            "connections": [
                {
                    "source": "fill_interpolated.interpolated",
                    "target": "for_each__create_circle.theta"
                },
                {
                    "source": ".sides",
                    "target": "fill_interpolated.size"
                },
                {
                    "source": ".radius",
                    "target": "for_each__create_circle.radius"
                },
                {
                    "source": "construct_strands.strands",
                    "target": ".strands"
                },
                {
                    "source": ".axis",
                    "target": "for_each__create_circle.axis"
                },
                {
                    "source": "pi.pi",
                    "target": "twice_of.value"
                },
                {
                    "source": "twice_of.double_value",
                    "target": "fill_interpolated.second"
                },
                {
                    "source": "pi.pi",
                    "target": "zero1.type"
                },
                {
                    "source": "zero1.zero",
                    "target": "fill_interpolated.first"
                },
                {
                    "source": "for_each__create_circle.position",
                    "target": "multiply_vector_by_matrix1.vector"
                },
                {
                    "source": "multiply_vector_by_matrix1.out_vector",
                    "target": "construct_strands.point_position"
                },
                {
                    "source": "multiply_vector_by_matrix1.out_vector",
                    "target": ".positions"
                },
                {
                    "source": ".scale",
                    "target": "compose_transform.scale"
                },
                {
                    "source": ".rotation",
                    "target": "compose_transform.rotation"
                },
                {
                    "source": ".translation",
                    "target": "compose_transform.translation"
                },
                {
                    "source": "compose_transform.out_transform",
                    "target": "multiply_vector_by_matrix1.matrix"
                },
                {
                    "source": ".use_transform_matrix",
                    "target": "compose_transform.use_transform_matrix"
                },
                {
                    "source": ".transform",
                    "target": "compose_transform.transform"
                },
                {
                    "source": "assign_diagnostic_material.geometry_with_material",
                    "target": "terminal.proxy.geometry_with_material"
                },
                {
                    "source": "construct_strands.strands",
                    "target": "assign_diagnostic_material.geometry"
                }
            ],
            "values": [
                {
                    "valueName": "for_each__create_circle.radius",
                    "valueType": "float",
                    "value": "10f"
                },
                {
                    "valueName": "fill_interpolated.second",
                    "valueType": "float",
                    "value": "2f"
                },
                {
                    "valueName": "fill_interpolated.size",
                    "valueType": "ulong",
                    "value": "3"
                },
                {
                    "valueName": "fill_interpolated.pop_last",
                    "valueType": "bool",
                    "value": "true"
                },
                {
                    "valueName": "compose_transform.scale",
                    "valueType": "Math::float3",
                    "value": {
                        "x": "0f",
                        "y": "0f",
                        "z": "0f"
                    }
                },
                {
                    "valueName": "compose_transform.rotation",
                    "valueType": "Math::float3",
                    "value": {
                        "x": "0f",
                        "y": "0f",
                        "z": "0f"
                    }
                },
                {
                    "valueName": "compose_transform.translation",
                    "valueType": "Math::float3",
                    "value": {
                        "x": "0f",
                        "y": "0f",
                        "z": "0f"
                    }
                },
                {
                    "valueName": "compose_transform.use_transform_matrix",
                    "valueType": "bool",
                    "value": "false"
                },
                {
                    "valueName": "compose_transform.transform",
                    "valueType": "Math::float4x4",
                    "value": {
                        "c0": {
                            "x": "0f",
                            "y": "0f",
                            "z": "0f",
                            "w": "0f"
                        },
                        "c1": {
                            "x": "0f",
                            "y": "0f",
                            "z": "0f",
                            "w": "0f"
                        },
                        "c2": {
                            "x": "0f",
                            "y": "0f",
                            "z": "0f",
                            "w": "0f"
                        },
                        "c3": {
                            "x": "0f",
                            "y": "0f",
                            "z": "0f",
                            "w": "0f"
                        }
                    }
                },
                {
                    "valueName": "assign_diagnostic_material.emission_color",
                    "valueType": "Math::float3",
                    "value": {
                        "x": "1f",
                        "y": "1f",
                        "z": "1f"
                    }
                },
                {
                    "valueName": "assign_diagnostic_material.specular",
                    "valueType": "float",
                    "value": "0f"
                },
                {
                    "valueName": "assign_diagnostic_material.emission",
                    "valueType": "float",
                    "value": "1f"
                }
            ]
        }
    ]
}