{
    "header": {
        "metadata": [
            {
                "metaName": "adskFileFormatVersion",
                "metaValue": "100L"
            }
        ]
    },
    "dependencies": [
        {
            "uri": "file:///Math_types.json"
        },
        {
            "uri": "file:///Math_long.json"
        },
        {
            "uri": "file:///Math_float.json"
        },
        {
            "uri": "file:///Math_double.json"
        },
        {
            "uri": "file:///Math_char.json"
        },
        {
            "uri": "file:///Math_int.json"
        },
        {
            "uri": "file:///Math_short.json"
        },
        {
            "uri": "file:///Math_uchar.json"
        },
        {
            "uri": "file:///Math_uint.json"
        },
        {
            "uri": "file:///Math_ulong.json"
        },
        {
            "uri": "file:///Math_ushort.json"
        },
        {
            "uri": "file:///riv_types.json"
        },
        {
            "uri": "file:///bifrost_object_i.json"
        },
        {
            "uri": "file:///point_types.json"
        },
        {
            "uri": "file:///FCurve.json"
        },
        {
            "uri": "file:///riv_ops.json"
        },
        {
            "uri": "file:///distance_between_vectors.json"
        },
        {
            "uri": "file:///resize_vector.json"
        },
        {
            "uri": "file:///Core_Constants_default_value.json"
        },
        {
            "uri": "file:///Math_conversion.json"
        },
        {
            "uri": "file:///cumulative_sum_array.json"
        },
        {
            "uri": "file:///Math_array.json"
        },
        {
            "uri": "file:///access_offset_array.json"
        },
        {
            "uri": "file:///CoreArrayOps.json"
        },
        {
            "uri": "file:///bifrost_geometry_query_types.json"
        },
        {
            "uri": "file:///geometry_types.json"
        },
        {
            "uri": "file:///set_property_any.json"
        },
        {
            "uri": "file:///set_property.json"
        },
        {
            "uri": "file:///get_property_any.json"
        },
        {
            "uri": "file:///get_property.json"
        },
        {
            "uri": "file:///has_property.json"
        },
        {
            "uri": "file:///create_volume_geo_prop.json"
        },
        {
            "uri": "file:///is_a.json"
        },
        {
            "uri": "file:///create_object_from_schema.json"
        },
        {
            "uri": "file:///is_a_mesh.json"
        },
        {
            "uri": "file:///is_a_strands.json"
        },
        {
            "uri": "file:///is_a_points.json"
        },
        {
            "uri": "file:///is_a_volume.json"
        },
        {
            "uri": "file:///get_geo_schema_type.json"
        },
        {
            "uri": "file:///switch_is_a.json"
        },
        {
            "uri": "file:///get_target_component.json"
        },
        {
            "uri": "file:///create_data_geo_prop.json"
        },
        {
            "uri": "file:///get_geo_component_count.json"
        },
        {
            "uri": "file:///set_geo_property.array.json"
        },
        {
            "uri": "file:///set_geo_property.scalar.json"
        },
        {
            "uri": "file:///get_geo_property.json"
        },
        {
            "uri": "file:///get_strands_structure.json"
        },
        {
            "uri": "file:///update_point_strand_index.json"
        },
        {
            "uri": "file:///int_filter.json"
        },
        {
            "uri": "file:///get_array_indices.json"
        },
        {
            "uri": "file:///get_geo_property_check.json"
        },
        {
            "uri": "file:///check_point_strand_index.json"
        },
        {
            "uri": "file:///update_strands_ratio.json"
        },
        {
            "uri": "file:///int_array_filter.json"
        },
        {
            "uri": "file:///set_geo_property_data.json"
        },
        {
            "uri": "file:///set_point_position.json"
        },
        {
            "uri": "file:///set_sub_object_property.json"
        },
        {
            "uri": "file:///validate_strands.json"
        },
        {
            "uri": "file:///construct_strands.json"
        },
        {
            "uri": "file:///create_strands_from_counts.json"
        },
        {
            "uri": "file:///twice_of.json"
        },
        {
            "uri": "file:///Math_constants.json"
        },
        {
            "uri": "file:///get_property_keys.json"
        },
        {
            "uri": "file:///is_empty.json"
        },
        {
            "uri": "file:///materials.json"
        },
        {
            "uri": "file:///standard_surface_mat.json"
        },
        {
            "uri": "file:///half_of.json"
        },
        {
            "uri": "file:///Math_bool.json"
        },
        {
            "uri": "file:///Math_change_range.json"
        },
        {
            "uri": "file:///change_range.json"
        },
        {
            "uri": "file:///set_strands_shape.json"
        },
        {
            "uri": "file:///Arnold_enums.json"
        },
        {
            "uri": "file:///CoreStringOps.json"
        },
        {
            "uri": "file:///erase_property.json"
        },
        {
            "uri": "file:///set_Arnold_parameter.json"
        },
        {
            "uri": "file:///Arnold_ray_types.json"
        },
        {
            "uri": "file:///Arnold_ray_bitmask.json"
        },
        {
            "uri": "file:///validate_mesh.json"
        },
        {
            "uri": "file:///set_Arnold_geo_settings.json"
        },
        {
            "uri": "file:///set_Arnold_strands_settings.json"
        },
        {
            "uri": "file:///increment_decrement.json"
        },
        {
            "uri": "file:///create_arrow_strands.json"
        }
    ],
    "namespaces": [],
    "types": [],
    "compounds": [
        {
            "name": "MJCG::Graphs::resize_vector_world",
            "uriImported": "stream:/stream",
            "metadata": [
                {
                    "metaName": "io_nodes",
                    "metadata": [
                        {
                            "metaName": "io_inodes",
                            "metadata": [
                                {
                                    "metaName": "input",
                                    "metadata": [
                                        {
                                            "metaName": "DisplayMode",
                                            "metaType": "string",
                                            "metaValue": "2"
                                        },
                                        {
                                            "metaName": "io_ports",
                                            "metadata": [
                                                {
                                                    "metaName": "start"
                                                },
                                                {
                                                    "metaName": "end"
                                                },
                                                {
                                                    "metaName": "Magnitude"
                                                }
                                            ]
                                        },
                                        {
                                            "metaName": "LayoutPos",
                                            "metaType": "string",
                                            "metaValue": "-1410.52 545.352"
                                        }
                                    ]
                                }
                            ]
                        },
                        {
                            "metaName": "io_onodes",
                            "metadata": [
                                {
                                    "metaName": "output",
                                    "metadata": [
                                        {
                                            "metaName": "DisplayMode",
                                            "metaType": "string",
                                            "metaValue": "2"
                                        },
                                        {
                                            "metaName": "io_ports",
                                            "metadata": [
                                                {
                                                    "metaName": "strands"
                                                }
                                            ]
                                        },
                                        {
                                            "metaName": "LayoutPos",
                                            "metaType": "string",
                                            "metaValue": "853.548 596.836"
                                        }
                                    ]
                                },
                                {
                                    "metaName": "output1",
                                    "metadata": [
                                        {
                                            "metaName": "DisplayMode",
                                            "metaType": "string",
                                            "metaValue": "2"
                                        },
                                        {
                                            "metaName": "LayoutPos",
                                            "metaType": "string",
                                            "metaValue": "230.231 812.926"
                                        },
                                        {
                                            "metaName": "io_ports",
                                            "metadata": [
                                                {
                                                    "metaName": "resized"
                                                }
                                            ]
                                        }
                                    ]
                                }
                            ]
                        }
                    ]
                },
                {
                    "metaName": "_recentNode_",
                    "metaType": "string",
                    "metaValue": "BifrostGraph,Core::Math,add"
                },
                {
                    "metaName": "_recentNode_",
                    "metaType": "string",
                    "metaValue": "BifrostGraph,Modeling::Strands,create_arrow_strands"
                },
                {
                    "metaName": "_recentNode_",
                    "metaType": "string",
                    "metaValue": "BifrostGraph,Core::Math,subtract"
                },
                {
                    "metaName": "_recentNode_",
                    "metaType": "string",
                    "metaValue": "BifrostGraph,MJCG::Core::Math,resize_vector"
                },
                {
                    "metaName": "_recentNode_",
                    "metaType": "string",
                    "metaValue": "BifrostGraph,Core::Math,multiply"
                },
                {
                    "metaName": "backdrop",
                    "metadata": [
                        {
                            "metaName": "type",
                            "metaType": "string",
                            "metaValue": "backdrop"
                        },
                        {
                            "metaName": "color",
                            "metaType": "string",
                            "metaValue": "#486d3e"
                        },
                        {
                            "metaName": "text",
                            "metaType": "string",
                            "metaValue": "Resizes a vector locally."
                        },
                        {
                            "metaName": "coords",
                            "metaType": "string",
                            "metaValue": "-1069.31 305.698 874.984 616.883"
                        }
                    ]
                },
                {
                    "metaName": "backdrop1",
                    "metadata": [
                        {
                            "metaName": "type",
                            "metaType": "string",
                            "metaValue": "backdrop"
                        },
                        {
                            "metaName": "coords",
                            "metaType": "string",
                            "metaValue": "-133.187 669.67 625.415 344.967"
                        },
                        {
                            "metaName": "color",
                            "metaType": "string",
                            "metaValue": "#37456d"
                        },
                        {
                            "metaName": "text",
                            "metaType": "string",
                            "metaValue": "Add the resized vector back to world space, output to scene."
                        }
                    ]
                },
                {
                    "metaName": "backdrop2",
                    "metadata": [
                        {
                            "metaName": "type",
                            "metaType": "string",
                            "metaValue": "backdrop"
                        },
                        {
                            "metaName": "text",
                            "metaType": "string",
                            "metaValue": "Diagnostic display."
                        },
                        {
                            "metaName": "color",
                            "metaType": "string",
                            "metaValue": "#6d3939"
                        },
                        {
                            "metaName": "coords",
                            "metaType": "string",
                            "metaValue": "549.449 478.931 586.161 365.984"
                        }
                    ]
                },
                {
                    "metaName": "ViewportRect",
                    "metaType": "string",
                    "metaValue": "-1502.04 335 2673.73 694"
                },
                {
                    "metaName": "compoundIsGraph",
                    "metaValue": "true"
                },
                {
                    "metaName": "author",
                    "metaType": "string",
                    "metaValue": "Maxime Jeanmougin"
                },
                {
                    "metaName": "category",
                    "metaType": "string",
                    "metaValue": "MJCG"
                },
                {
                    "metaName": "description",
                    "metaType": "string",
                    "metaValue": "Resize a vector in local space and reapply the change to world space."
                },
                {
                    "metaName": "example_scene",
                    "metaType": "string",
                    "metaValue": "resize_vector_world_example.ma"
                },
                {
                    "metaName": "thumbnail",
                    "metaType": "string",
                    "metaValue": "resize_vector_world_thumb.png"
                }
            ],
            "ports": [
                {
                    "portName": "start",
                    "portDirection": "input",
                    "portType": "Math::float3",
                    "portDefault": {
                        "x": "-1.02874827f",
                        "y": "-0.827455938f",
                        "z": "0f"
                    }
                },
                {
                    "portName": "resized",
                    "portDirection": "output",
                    "portType": "Math::float3"
                },
                {
                    "portName": "end",
                    "portDirection": "input",
                    "portType": "Math::float3",
                    "portDefault": {
                        "x": "-0.0452974141f",
                        "y": "-2.60902619f",
                        "z": "1.08105361f"
                    }
                },
                {
                    "portName": "Magnitude",
                    "portDirection": "input",
                    "portType": "float",
                    "portDefault": "2.01030922f"
                },
                {
                    "portName": "strands",
                    "portDirection": "output",
                    "portType": "Amino::Object"
                }
            ],
            "compoundNodes": [
                {
                    "nodeName": "distance_to",
                    "nodeType": "MJCG::Core::Math::distance_between_vectors",
                    "metadata": [
                        {
                            "metaName": "DisplayMode",
                            "metaType": "string",
                            "metaValue": "2"
                        },
                        {
                            "metaName": "LayoutPos",
                            "metaType": "string",
                            "metaValue": "-1018.51 689.951"
                        }
                    ]
                },
                {
                    "nodeName": "multiply",
                    "nodeType": "Core::Math::multiply",
                    "multiInPortNames": [
                        "distance",
                        "Magnitude"
                    ],
                    "metadata": [
                        {
                            "metaName": "DisplayMode",
                            "metaType": "string",
                            "metaValue": "2"
                        },
                        {
                            "metaName": "LayoutPos",
                            "metaType": "string",
                            "metaValue": "-704.645 546.091"
                        }
                    ]
                },
                {
                    "nodeName": "resize_vector",
                    "nodeType": "MJCG::Core::Math::resize_vector",
                    "metadata": [
                        {
                            "metaName": "DisplayMode",
                            "metaType": "string",
                            "metaValue": "2"
                        },
                        {
                            "metaName": "LayoutPos",
                            "metaType": "string",
                            "metaValue": "-463.982 374.572"
                        }
                    ]
                },
                {
                    "nodeName": "subtract",
                    "nodeType": "Core::Math::subtract",
                    "multiInPortNames": [
                        "vector2",
                        "vector1"
                    ],
                    "metadata": [
                        {
                            "metaName": "DisplayMode",
                            "metaType": "string",
                            "metaValue": "2"
                        },
                        {
                            "metaName": "LayoutPos",
                            "metaType": "string",
                            "metaValue": "-1028.14 398.13"
                        }
                    ]
                },
                {
                    "nodeName": "create_arrow_strands",
                    "nodeType": "Modeling::Strands::create_arrow_strands",
                    "fanInPortNames": {
                        "start_positions": [
                            "vector1",
                            "vector2"
                        ],
                        "end_positions": [
                            "vector2",
                            "output"
                        ]
                    },
                    "metadata": [
                        {
                            "metaName": "DisplayMode",
                            "metaType": "string",
                            "metaValue": "2"
                        },
                        {
                            "metaName": "LayoutPos",
                            "metaType": "string",
                            "metaValue": "594.745 538.607"
                        }
                    ]
                },
                {
                    "nodeName": "add",
                    "nodeType": "Core::Math::add",
                    "multiInPortNames": [
                        "out_vector",
                        "vector1"
                    ],
                    "metadata": [
                        {
                            "metaName": "DisplayMode",
                            "metaType": "string",
                            "metaValue": "2"
                        },
                        {
                            "metaName": "LayoutPos",
                            "metaType": "string",
                            "metaValue": "-70.8962 733.268"
                        }
                    ]
                }
            ],
            "connections": [
                {
                    "source": "subtract.output",
                    "target": "resize_vector.vector"
                },
                {
                    "source": ".start",
                    "target": "distance_to.first"
                },
                {
                    "source": "distance_to.distance",
                    "target": "multiply.first.distance"
                },
                {
                    "source": ".Magnitude",
                    "target": "multiply.first.Magnitude"
                },
                {
                    "source": "multiply.output",
                    "target": "resize_vector.length"
                },
                {
                    "source": ".start",
                    "target": "create_arrow_strands.start_positions.vector1"
                },
                {
                    "source": "resize_vector.resized",
                    "target": "add.first.out_vector"
                },
                {
                    "source": ".start",
                    "target": "add.first.vector1"
                },
                {
                    "source": "create_arrow_strands.strands",
                    "target": ".strands"
                },
                {
                    "source": ".start",
                    "target": "create_arrow_strands.start_positions.vector2"
                },
                {
                    "source": "add.output",
                    "target": ".resized"
                },
                {
                    "source": ".start",
                    "target": "subtract.first.vector1"
                },
                {
                    "source": "add.output",
                    "target": "create_arrow_strands.end_positions.output"
                },
                {
                    "source": ".end",
                    "target": "subtract.first.vector2"
                },
                {
                    "source": ".end",
                    "target": "distance_to.second"
                },
                {
                    "source": ".end",
                    "target": "create_arrow_strands.end_positions.vector2"
                }
            ],
            "values": [
                {
                    "valueName": "create_arrow_strands.arrowhead_size",
                    "valueType": "float",
                    "value": "0.150000006f"
                },
                {
                    "valueName": "create_arrow_strands.stem_width_ratio",
                    "valueType": "float",
                    "value": "0.150000006f"
                }
            ],
            "reservedNodeNames": [
                {
                    "name": "input"
                },
                {
                    "name": "output"
                },
                {
                    "name": "output1"
                }
            ]
        }
    ]
}