{
    "header": {
        "metadata": [
            {
                "metaName": "adskFileFormatVersion",
                "metaValue": "100L"
            }
        ]
    },
    "dependencies": [
        {
            "uri": "file:///bifrost_object_i.json"
        },
        {
            "uri": "file:///Math_types.json"
        },
        {
            "uri": "file:///Math_conversion.json"
        },
        {
            "uri": "file:///bifrost_geometry_query_types.json"
        },
        {
            "uri": "file:///geometry_types.json"
        },
        {
            "uri": "file:///has_property.json"
        },
        {
            "uri": "file:///get_property_any.json"
        },
        {
            "uri": "file:///get_property.json"
        },
        {
            "uri": "file:///create_volume_geo_prop.json"
        },
        {
            "uri": "file:///is_a.json"
        },
        {
            "uri": "file:///create_object_from_schema.json"
        },
        {
            "uri": "file:///is_a_mesh.json"
        },
        {
            "uri": "file:///is_a_strands.json"
        },
        {
            "uri": "file:///is_a_points.json"
        },
        {
            "uri": "file:///is_a_volume.json"
        },
        {
            "uri": "file:///get_geo_schema_type.json"
        },
        {
            "uri": "file:///switch_is_a.json"
        },
        {
            "uri": "file:///get_target_component.json"
        },
        {
            "uri": "file:///create_data_geo_prop.json"
        },
        {
            "uri": "file:///set_property_any.json"
        },
        {
            "uri": "file:///set_property.json"
        },
        {
            "uri": "file:///get_geo_component_count.json"
        },
        {
            "uri": "file:///set_geo_property.array.json"
        },
        {
            "uri": "file:///set_geo_property.scalar.json"
        },
        {
            "uri": "file:///update_mesh_adjacency.json"
        },
        {
            "uri": "file:///Math_long.json"
        },
        {
            "uri": "file:///Math_float.json"
        },
        {
            "uri": "file:///Math_double.json"
        },
        {
            "uri": "file:///Math_char.json"
        },
        {
            "uri": "file:///Math_int.json"
        },
        {
            "uri": "file:///Math_short.json"
        },
        {
            "uri": "file:///Math_uchar.json"
        },
        {
            "uri": "file:///Math_uint.json"
        },
        {
            "uri": "file:///Math_ulong.json"
        },
        {
            "uri": "file:///Math_ushort.json"
        },
        {
            "uri": "file:///riv_types.json"
        },
        {
            "uri": "file:///point_types.json"
        },
        {
            "uri": "file:///FCurve.json"
        },
        {
            "uri": "file:///riv_ops.json"
        },
        {
            "uri": "file:///access_offset_array.json"
        },
        {
            "uri": "file:///Core_Array_sum_array_impl.json"
        },
        {
            "uri": "file:///Core_Array_sum_array.json"
        },
        {
            "uri": "file:///increment_decrement.json"
        },
        {
            "uri": "file:///half_of.json"
        },
        {
            "uri": "file:///one_minus.json"
        },
        {
            "uri": "file:///get_sub_object.json"
        },
        {
            "uri": "file:///get_point_count.json"
        },
        {
            "uri": "file:///Core_Array_array_is_empty.json"
        },
        {
            "uri": "file:///get_geo_target_count.json"
        },
        {
            "uri": "file:///Math_bool.json"
        },
        {
            "uri": "file:///Math_vector4_to_vector3.json"
        },
        {
            "uri": "file:///get_geo_property_check.json"
        },
        {
            "uri": "file:///volume_types.json"
        },
        {
            "uri": "file:///volume_nodedefs.json"
        },
        {
            "uri": "file:///interpret_auto_port_as_vector.json"
        },
        {
            "uri": "file:///get_property_keys.json"
        },
        {
            "uri": "file:///is_empty.json"
        },
        {
            "uri": "file:///materials.json"
        },
        {
            "uri": "file:///standard_surface_mat.json"
        },
        {
            "uri": "file:///assign_diagnostic_material.json"
        },
        {
            "uri": "file:///CoreArrayOps.json"
        },
        {
            "uri": "file:///get_geo_property.json"
        },
        {
            "uri": "file:///object_terminal.json"
        },
        {
            "uri": "file:///get_mesh_structure.json"
        },
        {
            "uri": "file:///erase_property.json"
        },
        {
            "uri": "file:///update_mesh_curvature.json"
        },
        {
            "uri": "file:///set_sub_object_property.json"
        },
        {
            "uri": "file:///validate_mesh.json"
        },
        {
            "uri": "file:///construct_mesh.json"
        },
        {
            "uri": "file:///Math_vector3_to_vector4.json"
        },
        {
            "uri": "file:///Math_quaternion_to_matrix.json"
        },
        {
            "uri": "file:///Math_compose_transform_matrix.json"
        },
        {
            "uri": "file:///Math_array.json"
        },
        {
            "uri": "file:///Core_Array_slice_array.json"
        },
        {
            "uri": "file:///Core_Array_reverse_array.json"
        },
        {
            "uri": "file:///fluids_types.json"
        },
        {
            "uri": "file:///fluids_nodedefs.json"
        },
        {
            "uri": "file:///CoreStringOps.json"
        },
        {
            "uri": "file:///string_to_array.json"
        },
        {
            "uri": "file:///Math_axis_angle_to_quaternion.json"
        },
        {
            "uri": "file:///Math_length_squared.json"
        },
        {
            "uri": "file:///Math_almost_equal.json"
        },
        {
            "uri": "file:///rotation_between_vectors.json"
        },
        {
            "uri": "file:///Math_multiply_quaternions.json"
        },
        {
            "uri": "file:///Math_rotate_by_quaternion.json"
        },
        {
            "uri": "file:///create_mesh_cube.json"
        },
        {
            "uri": "file:///converters_types.json"
        },
        {
            "uri": "file:///convert_auto_resolution_mode.json"
        },
        {
            "uri": "file:///Math_constants.json"
        },
        {
            "uri": "file:///Core_Array_array_bounds_impl.json"
        },
        {
            "uri": "file:///Core_Array_array_bounds.json"
        },
        {
            "uri": "file:///get_position_property.json"
        },
        {
            "uri": "file:///compute_voxel_scale.json"
        },
        {
            "uri": "file:///converters_nodedefs.json"
        },
        {
            "uri": "file:///post_process_level_set.json"
        },
        {
            "uri": "file:///set_geo_property_data.json"
        },
        {
            "uri": "file:///compute_fog_density.json"
        },
        {
            "uri": "file:///delete_level_set.json"
        },
        {
            "uri": "file:///if_compute_volume.json"
        },
        {
            "uri": "file:///setup_resolution_fields.json"
        },
        {
            "uri": "file:///mesh_to_volume.json"
        },
        {
            "uri": "file:///points_to_volume.json"
        },
        {
            "uri": "file:///convert_to_volume_internal.json"
        },
        {
            "uri": "file:///convert_to_volume.json"
        },
        {
            "uri": "file:///mesh_nodedefs.json"
        },
        {
            "uri": "file:///switch_adaptivity.json"
        },
        {
            "uri": "file:///get_detail_size.json"
        },
        {
            "uri": "file:///sample_volume_property.json"
        },
        {
            "uri": "file:///sample_volume_property_type.json"
        },
        {
            "uri": "file:///get_point_position.json"
        },
        {
            "uri": "file:///sample_volume_properties.json"
        },
        {
            "uri": "file:///volume_to_mesh.json"
        },
        {
            "uri": "file:///array_average.json"
        },
        {
            "uri": "file:///Math_lerp_with_clamp.json"
        },
        {
            "uri": "file:///interpret_auto_port_as_scalar.json"
        },
        {
            "uri": "file:///get_point_normal.json"
        },
        {
            "uri": "file:///update_point_neighbors.json"
        },
        {
            "uri": "file:///get_strands_structure.json"
        },
        {
            "uri": "file:///Core_Array_flatten_nested_array.json"
        },
        {
            "uri": "file:///update_point_strand_index.json"
        },
        {
            "uri": "file:///check_point_strand_index.json"
        },
        {
            "uri": "file:///update_strands_neighbors.json"
        },
        {
            "uri": "file:///Core_Constants_default_value.json"
        },
        {
            "uri": "file:///smooth_geo_property.json"
        },
        {
            "uri": "file:///simulation_types.json"
        },
        {
            "uri": "file:///simulation_nodedefs.json"
        },
        {
            "uri": "file:///Math_degrees_to_radians.json"
        },
        {
            "uri": "file:///set_point_position.json"
        }
    ],
    "namespaces": [],
    "types": [],
    "compounds": [
        {
            "name": "MJCG::Graphs::smooth_geo_property_curvature",
            "uriImported": "file:///__duplicateCompoundURIHelper__",
            "metadata": [
                {
                    "metaName": "io_nodes",
                    "metadata": [
                        {
                            "metaName": "io_inodes",
                            "metadata": [
                                {
                                    "metaName": "input",
                                    "metadata": [
                                        {
                                            "metaName": "DisplayMode",
                                            "metaType": "string",
                                            "metaValue": "2"
                                        },
                                        {
                                            "metaName": "LayoutPos",
                                            "metaType": "string",
                                            "metaValue": "1162.43 672.954"
                                        }
                                    ]
                                }
                            ]
                        },
                        {
                            "metaName": "io_onodes",
                            "metadata": [
                                {
                                    "metaName": "output",
                                    "metadata": [
                                        {
                                            "metaName": "DisplayMode",
                                            "metaType": "string",
                                            "metaValue": "2"
                                        },
                                        {
                                            "metaName": "io_ports"
                                        },
                                        {
                                            "metaName": "LayoutPos",
                                            "metaType": "string",
                                            "metaValue": "1422.43 670.343"
                                        }
                                    ]
                                }
                            ]
                        }
                    ]
                },
                {
                    "metaName": "backdrop3",
                    "metadata": [
                        {
                            "metaName": "type",
                            "metaType": "string",
                            "metaValue": "backdrop"
                        },
                        {
                            "metaName": "color",
                            "metaType": "string",
                            "metaValue": "#2e4a6d"
                        },
                        {
                            "metaName": "text",
                            "metaType": "string",
                            "metaValue": "convert the cube to a volume, remesh it. Get the first object since we don't want the array."
                        },
                        {
                            "metaName": "coords",
                            "metaType": "string",
                            "metaValue": "44.6344 282.261 766.301 405.292"
                        }
                    ]
                },
                {
                    "metaName": "backdrop4",
                    "metadata": [
                        {
                            "metaName": "type",
                            "metaType": "string",
                            "metaValue": "backdrop"
                        },
                        {
                            "metaName": "color",
                            "metaType": "string",
                            "metaValue": "#6d3e49"
                        },
                        {
                            "metaName": "text",
                            "metaType": "string",
                            "metaValue": "update the mesh's point curvature."
                        },
                        {
                            "metaName": "coords",
                            "metaType": "string",
                            "metaValue": "1202.63 293.708 327.472 333.234"
                        }
                    ]
                },
                {
                    "metaName": "backdrop",
                    "metadata": [
                        {
                            "metaName": "type",
                            "metaType": "string",
                            "metaValue": "backdrop"
                        },
                        {
                            "metaName": "text",
                            "metaType": "string",
                            "metaValue": "Smooth the point_curvature geo property\n"
                        },
                        {
                            "metaName": "color",
                            "metaType": "string",
                            "metaValue": "#6d6836"
                        },
                        {
                            "metaName": "coords",
                            "metaType": "string",
                            "metaValue": "2513.92 271.659 306.403 462.203"
                        }
                    ]
                },
                {
                    "metaName": "backdrop1",
                    "metadata": [
                        {
                            "metaName": "type",
                            "metaType": "string",
                            "metaValue": "backdrop"
                        },
                        {
                            "metaName": "color",
                            "metaType": "string",
                            "metaValue": "#4e6d41"
                        },
                        {
                            "metaName": "coords",
                            "metaType": "string",
                            "metaValue": "1920.11 449.177 542.814 285.668"
                        },
                        {
                            "metaName": "text",
                            "metaType": "string",
                            "metaValue": "control the smoothing iterations with the current frame\n"
                        }
                    ]
                },
                {
                    "metaName": "backdrop2",
                    "metadata": [
                        {
                            "metaName": "type",
                            "metaType": "string",
                            "metaValue": "backdrop"
                        },
                        {
                            "metaName": "text",
                            "metaType": "string",
                            "metaValue": "cache the mesh in a feedback port.\nThis is just so that the demo is faster."
                        },
                        {
                            "metaName": "color",
                            "metaType": "string",
                            "metaValue": "#6d5231"
                        },
                        {
                            "metaName": "coords",
                            "metaType": "string",
                            "metaValue": "1590.57 308.165 299.259 300.033"
                        }
                    ]
                },
                {
                    "metaName": "backdrop5",
                    "metadata": [
                        {
                            "metaName": "type",
                            "metaType": "string",
                            "metaValue": "backdrop"
                        },
                        {
                            "metaName": "text",
                            "metaType": "string",
                            "metaValue": "Deforms the mesh by twisting it along an axis."
                        },
                        {
                            "metaName": "color",
                            "metaType": "string",
                            "metaValue": "#6d6d52"
                        },
                        {
                            "metaName": "coords",
                            "metaType": "string",
                            "metaValue": "850.362 303.832 302.956 335.774"
                        }
                    ]
                },
                {
                    "metaName": "_recentNode_",
                    "metaType": "string",
                    "metaValue": "BifrostGraph,Core::Type_Conversion,to_long"
                },
                {
                    "metaName": "_recentNode_",
                    "metaType": "string",
                    "metaValue": "BifrostGraph,Core::Math,multiply"
                },
                {
                    "metaName": "_recentNode_",
                    "metaType": "string",
                    "metaValue": "BifrostGraph,Core::Conversion,vector3_to_scalar"
                },
                {
                    "metaName": "_recentNode_",
                    "metaType": "string",
                    "metaValue": "BifrostGraph,Geometry::Properties,set_point_position"
                },
                {
                    "metaName": "_recentNode_",
                    "metaType": "string",
                    "metaValue": "BifrostGraph,Core::Math,axis_angle_to_quaternion"
                },
                {
                    "metaName": "ViewportRect",
                    "metaType": "string",
                    "metaValue": "-293.444 -411.951 3151.09 1978.25"
                },
                {
                    "metaName": "compoundIsGraph",
                    "metaValue": "true"
                },
                {
                    "metaName": "author",
                    "metaType": "string",
                    "metaValue": "Maxime Jeanmougin"
                },
                {
                    "metaName": "category",
                    "metaType": "string",
                    "metaValue": "MJCG"
                },
                {
                    "metaName": "description",
                    "metaType": "string",
                    "metaValue": "Smooths the point_curvature geo property of a twisted cube."
                },
                {
                    "metaName": "thumbnail",
                    "metaType": "string",
                    "metaValue": "smooth_geo_property_curvature_thumb.png"
                }
            ],
            "ports": [],
            "compounds": [
                {
                    "name": "twist_mesh",
                    "uriImported": "file:///__duplicateCompoundURIHelper__",
                    "metadata": [
                        {
                            "metaName": "io_nodes",
                            "metadata": [
                                {
                                    "metaName": "io_inodes",
                                    "metadata": [
                                        {
                                            "metaName": "input",
                                            "metadata": [
                                                {
                                                    "metaName": "DisplayMode",
                                                    "metaType": "string",
                                                    "metaValue": "2"
                                                },
                                                {
                                                    "metaName": "LayoutPos",
                                                    "metaType": "string",
                                                    "metaValue": "-27.7056 -70.3892"
                                                },
                                                {
                                                    "metaName": "io_ports",
                                                    "metadata": [
                                                        {
                                                            "metaName": "geometry"
                                                        },
                                                        {
                                                            "metaName": "axis"
                                                        },
                                                        {
                                                            "metaName": "angle"
                                                        }
                                                    ]
                                                }
                                            ]
                                        }
                                    ]
                                },
                                {
                                    "metaName": "io_onodes",
                                    "metadata": [
                                        {
                                            "metaName": "output",
                                            "metadata": [
                                                {
                                                    "metaName": "DisplayMode",
                                                    "metaType": "string",
                                                    "metaValue": "2"
                                                },
                                                {
                                                    "metaName": "LayoutPos",
                                                    "metaType": "string",
                                                    "metaValue": "2450 70"
                                                },
                                                {
                                                    "metaName": "io_ports",
                                                    "metadata": [
                                                        {
                                                            "metaName": "out_geometry"
                                                        }
                                                    ]
                                                }
                                            ]
                                        }
                                    ]
                                }
                            ]
                        },
                        {
                            "metaName": "ViewportRect",
                            "metaType": "string",
                            "metaValue": "26.2197 -477.891 2293.03 1439.56"
                        }
                    ],
                    "ports": [
                        {
                            "portName": "geometry",
                            "portDirection": "input",
                            "portType": "Amino::Object"
                        },
                        {
                            "portName": "axis",
                            "portDirection": "input",
                            "portType": "Math::float3"
                        },
                        {
                            "portName": "angle",
                            "portDirection": "input",
                            "portType": "float"
                        },
                        {
                            "portName": "out_geometry",
                            "portDirection": "output",
                            "portType": "Amino::Object"
                        }
                    ],
                    "compoundNodes": [
                        {
                            "nodeName": "axis_angle_to_quaternion",
                            "nodeType": "Core::Math::axis_angle_to_quaternion",
                            "metadata": [
                                {
                                    "metaName": "DisplayMode",
                                    "metaType": "string",
                                    "metaValue": "2"
                                },
                                {
                                    "metaName": "LayoutPos",
                                    "metaType": "string",
                                    "metaValue": "1578.76 239.128"
                                }
                            ]
                        },
                        {
                            "nodeName": "degrees_to_radians",
                            "nodeType": "Core::Conversion::degrees_to_radians",
                            "metadata": [
                                {
                                    "metaName": "DisplayMode",
                                    "metaType": "string",
                                    "metaValue": "2"
                                },
                                {
                                    "metaName": "LayoutPos",
                                    "metaType": "string",
                                    "metaValue": "1298.22 371.356"
                                }
                            ]
                        },
                        {
                            "nodeName": "get_point_position",
                            "nodeType": "Geometry::Properties::get_point_position",
                            "metadata": [
                                {
                                    "metaName": "DisplayMode",
                                    "metaType": "string",
                                    "metaValue": "2"
                                },
                                {
                                    "metaName": "LayoutPos",
                                    "metaType": "string",
                                    "metaValue": "310.43 163.108"
                                }
                            ]
                        },
                        {
                            "nodeName": "multiply",
                            "nodeType": "Core::Math::multiply",
                            "multiInPortNames": [
                                "y",
                                "output1"
                            ],
                            "metadata": [
                                {
                                    "metaName": "DisplayMode",
                                    "metaType": "string",
                                    "metaValue": "2"
                                },
                                {
                                    "metaName": "LayoutPos",
                                    "metaType": "string",
                                    "metaValue": "992.653 365.676"
                                }
                            ]
                        },
                        {
                            "nodeName": "rotate_by_quaternion",
                            "nodeType": "Core::Math::rotate_by_quaternion",
                            "metadata": [
                                {
                                    "metaName": "DisplayMode",
                                    "metaType": "string",
                                    "metaValue": "2"
                                },
                                {
                                    "metaName": "LayoutPos",
                                    "metaType": "string",
                                    "metaValue": "1840 90"
                                }
                            ]
                        },
                        {
                            "nodeName": "set_point_position",
                            "nodeType": "Geometry::Properties::set_point_position",
                            "metadata": [
                                {
                                    "metaName": "DisplayMode",
                                    "metaType": "string",
                                    "metaValue": "2"
                                },
                                {
                                    "metaName": "LayoutPos",
                                    "metaType": "string",
                                    "metaValue": "2134.7 -64.1481"
                                }
                            ]
                        },
                        {
                            "nodeName": "vector3_to_scalar",
                            "nodeType": "Core::Conversion::vector3_to_scalar",
                            "metadata": [
                                {
                                    "metaName": "DisplayMode",
                                    "metaType": "string",
                                    "metaValue": "2"
                                },
                                {
                                    "metaName": "LayoutPos",
                                    "metaType": "string",
                                    "metaValue": "682.843 365.51"
                                }
                            ]
                        }
                    ],
                    "connections": [
                        {
                            "source": "degrees_to_radians.radians",
                            "target": "axis_angle_to_quaternion.radians"
                        },
                        {
                            "source": "axis_angle_to_quaternion.quaternion",
                            "target": "rotate_by_quaternion.quaternion"
                        },
                        {
                            "source": "multiply.output",
                            "target": "degrees_to_radians.degrees"
                        },
                        {
                            "source": ".geometry",
                            "target": "get_point_position.geometry"
                        },
                        {
                            "source": "get_point_position.point_position",
                            "target": "rotate_by_quaternion.vector"
                        },
                        {
                            "source": "get_point_position.point_position",
                            "target": "vector3_to_scalar.vector3"
                        },
                        {
                            "source": "vector3_to_scalar.y",
                            "target": "multiply.first.y"
                        },
                        {
                            "source": ".angle",
                            "target": "multiply.first.output1"
                        },
                        {
                            "source": "rotate_by_quaternion.rotated_vector",
                            "target": "set_point_position.positions"
                        },
                        {
                            "source": "set_point_position.out_geometry",
                            "target": ".out_geometry"
                        },
                        {
                            "source": ".geometry",
                            "target": "set_point_position.geometry"
                        },
                        {
                            "source": ".axis",
                            "target": "axis_angle_to_quaternion.axis"
                        }
                    ],
                    "values": [],
                    "reservedNodeNames": [
                        {
                            "name": "input"
                        },
                        {
                            "name": "output"
                        }
                    ]
                },
                {
                    "name": "cache",
                    "uriImported": "file:///__duplicateCompoundURIHelper__",
                    "metadata": [
                        {
                            "metaName": "io_nodes",
                            "metadata": [
                                {
                                    "metaName": "io_inodes",
                                    "metadata": [
                                        {
                                            "metaName": "input",
                                            "metadata": [
                                                {
                                                    "metaName": "DisplayMode",
                                                    "metaType": "string",
                                                    "metaValue": "2"
                                                },
                                                {
                                                    "metaName": "LayoutPos",
                                                    "metaType": "string",
                                                    "metaValue": "-873 -61"
                                                },
                                                {
                                                    "metaName": "io_ports",
                                                    "metadata": [
                                                        {
                                                            "metaName": "mesh"
                                                        }
                                                    ]
                                                }
                                            ]
                                        }
                                    ]
                                },
                                {
                                    "metaName": "io_onodes",
                                    "metadata": [
                                        {
                                            "metaName": "output",
                                            "metadata": [
                                                {
                                                    "metaName": "DisplayMode",
                                                    "metaType": "string",
                                                    "metaValue": "2"
                                                },
                                                {
                                                    "metaName": "LayoutPos",
                                                    "metaType": "string",
                                                    "metaValue": "648 -61"
                                                },
                                                {
                                                    "metaName": "io_ports",
                                                    "metadata": [
                                                        {
                                                            "metaName": "cached"
                                                        }
                                                    ]
                                                }
                                            ]
                                        }
                                    ]
                                }
                            ]
                        },
                        {
                            "metaName": "ViewportRect",
                            "metaType": "string",
                            "metaValue": "-953 -265.65 1907 585.3"
                        }
                    ],
                    "ports": [
                        {
                            "portName": "mesh",
                            "portDirection": "input",
                            "portType": "Amino::Object",
                            "linkedFeedbackPort": "cached"
                        },
                        {
                            "portName": "cached",
                            "portDirection": "output",
                            "portType": "Amino::Object"
                        }
                    ],
                    "compoundNodes": [],
                    "connections": [
                        {
                            "source": ".mesh",
                            "target": ".cached"
                        }
                    ],
                    "reservedNodeNames": [
                        {
                            "name": "input"
                        },
                        {
                            "name": "output"
                        }
                    ]
                }
            ],
            "compoundNodes": [
                {
                    "nodeName": "update_mesh_curvature",
                    "nodeType": "MJCG::Geometry::Mesh::update_mesh_curvature",
                    "deactivatedTerminals": [
                        "Core::Graph::terminal::diagnostic"
                    ],
                    "metadata": [
                        {
                            "metaName": "DisplayMode",
                            "metaType": "string",
                            "metaValue": "2"
                        },
                        {
                            "metaName": "LayoutPos",
                            "metaType": "string",
                            "metaValue": "1257.45 353.26"
                        }
                    ]
                },
                {
                    "nodeName": "create_mesh_cube",
                    "nodeType": "Modeling::Primitive::create_mesh_cube",
                    "metadata": [
                        {
                            "metaName": "DisplayMode",
                            "metaType": "string",
                            "metaValue": "2"
                        },
                        {
                            "metaName": "LayoutPos",
                            "metaType": "string",
                            "metaValue": "-212.868 365.953"
                        }
                    ]
                },
                {
                    "nodeName": "convert_to_volume",
                    "nodeType": "Modeling::Converters::convert_to_volume",
                    "fanInPortNames": {
                        "geometry": [
                            "cube_mesh"
                        ],
                        "base_resolution": [],
                        "half_resolution": [],
                        "quarter_resolution": [],
                        "eighth_resolution": []
                    },
                    "metadata": [
                        {
                            "metaName": "DisplayMode",
                            "metaType": "string",
                            "metaValue": "2"
                        },
                        {
                            "metaName": "LayoutPos",
                            "metaType": "string",
                            "metaValue": "66.9154 339.494"
                        },
                        {
                            "metaName": "PortExpandedState",
                            "metadata": [
                                {
                                    "metaName": "Resolution",
                                    "metaType": "string",
                                    "metaValue": "0"
                                }
                            ]
                        }
                    ]
                },
                {
                    "nodeName": "volume_to_mesh",
                    "nodeType": "Geometry::Converters::volume_to_mesh",
                    "fanInPortNames": {
                        "volumes": [
                            "volume"
                        ]
                    },
                    "metadata": [
                        {
                            "metaName": "DisplayMode",
                            "metaType": "string",
                            "metaValue": "2"
                        },
                        {
                            "metaName": "LayoutPos",
                            "metaType": "string",
                            "metaValue": "304.167 336.844"
                        }
                    ]
                },
                {
                    "nodeName": "first_in_array",
                    "nodeType": "Core::Array::first_in_array",
                    "metadata": [
                        {
                            "metaName": "DisplayMode",
                            "metaType": "string",
                            "metaValue": "2"
                        },
                        {
                            "metaName": "LayoutPos",
                            "metaType": "string",
                            "metaValue": "555.207 358.582"
                        }
                    ]
                },
                {
                    "nodeName": "smooth_geo_property",
                    "nodeType": "MJCG::Geometry::Common::smooth_geo_property",
                    "metadata": [
                        {
                            "metaName": "DisplayMode",
                            "metaType": "string",
                            "metaValue": "2"
                        },
                        {
                            "metaName": "PortExpandedState",
                            "metadata": [
                                {
                                    "metaName": "Smoothing",
                                    "metaType": "string",
                                    "metaValue": "1"
                                }
                            ]
                        },
                        {
                            "metaName": "LayoutPos",
                            "metaType": "string",
                            "metaValue": "2551.39 329.789"
                        }
                    ]
                },
                {
                    "nodeName": "time",
                    "nodeType": "Core::Time::time",
                    "metadata": [
                        {
                            "metaName": "DisplayMode",
                            "metaType": "string",
                            "metaValue": "2"
                        },
                        {
                            "metaName": "LayoutPos",
                            "metaType": "string",
                            "metaValue": "1940.85 496.509"
                        }
                    ]
                },
                {
                    "nodeName": "twist_mesh",
                    "nodeType": "twist_mesh",
                    "metadata": [
                        {
                            "metaName": "DisplayMode",
                            "metaType": "string",
                            "metaValue": "2"
                        },
                        {
                            "metaName": "LayoutPos",
                            "metaType": "string",
                            "metaValue": "887.381 344.527"
                        }
                    ]
                },
                {
                    "nodeName": "cache",
                    "nodeType": "cache",
                    "metadata": [
                        {
                            "metaName": "DisplayMode",
                            "metaType": "string",
                            "metaValue": "2"
                        },
                        {
                            "metaName": "LayoutPos",
                            "metaType": "string",
                            "metaValue": "1626.46 351.45"
                        }
                    ]
                },
                {
                    "nodeName": "to_long",
                    "nodeType": "Core::Type_Conversion::to_long",
                    "metadata": [
                        {
                            "metaName": "DisplayMode",
                            "metaType": "string",
                            "metaValue": "2"
                        },
                        {
                            "metaName": "LayoutPos",
                            "metaType": "string",
                            "metaValue": "2192.62 520.518"
                        }
                    ]
                }
            ],
            "connections": [
                {
                    "source": "convert_to_volume.volume",
                    "target": "volume_to_mesh.volumes.volume"
                },
                {
                    "source": "volume_to_mesh.meshes",
                    "target": "first_in_array.array"
                },
                {
                    "source": "twist_mesh.out_geometry",
                    "target": "update_mesh_curvature.mesh"
                },
                {
                    "source": "create_mesh_cube.cube_mesh",
                    "target": "convert_to_volume.geometry.cube_mesh"
                },
                {
                    "source": "time.frame",
                    "target": "to_long.from"
                },
                {
                    "source": "to_long.long",
                    "target": "smooth_geo_property.iterations"
                },
                {
                    "source": "first_in_array.first",
                    "target": "twist_mesh.geometry"
                },
                {
                    "source": "update_mesh_curvature.out_mesh",
                    "target": "cache.mesh"
                },
                {
                    "source": "cache.cached",
                    "target": "smooth_geo_property.geometry"
                }
            ],
            "values": [
                {
                    "valueName": "create_mesh_cube.height",
                    "valueType": "float",
                    "value": "1.5f"
                },
                {
                    "valueName": "convert_to_volume.volume_mode",
                    "valueType": "Geometry::Converters::VolumeMode",
                    "value": "Solid"
                },
                {
                    "valueName": "convert_to_volume.offset",
                    "valueType": "float",
                    "value": "0f"
                },
                {
                    "valueName": "convert_to_volume.store_level_set",
                    "valueType": "bool",
                    "value": "true"
                },
                {
                    "valueName": "convert_to_volume.store_fog_density",
                    "valueType": "bool",
                    "value": "true"
                },
                {
                    "valueName": "convert_to_volume.fog_density",
                    "valueType": "float",
                    "value": "2f"
                },
                {
                    "valueName": "convert_to_volume.resolution_mode",
                    "valueType": "Geometry::Volume::AutoResolutionType",
                    "value": "Relative"
                },
                {
                    "valueName": "convert_to_volume.detail_size",
                    "valueType": "float",
                    "value": "0.0299999993f"
                },
                {
                    "valueName": "convert_to_volume.enable_bandwidth",
                    "valueType": "bool",
                    "value": "false"
                },
                {
                    "valueName": "convert_to_volume.bandwidth",
                    "valueType": "float",
                    "value": "0f"
                },
                {
                    "valueName": "convert_to_volume.volume_subdivision_structure",
                    "valueType": "Geometry::Volume::AutoSubdivisionStructure",
                    "value": "Automatic"
                },
                {
                    "valueName": "convert_to_volume.adaptivity",
                    "valueType": "Geometry::Volume::Adaptivity",
                    "value": "Off"
                },
                {
                    "valueName": "volume_to_mesh.level_set_threshold",
                    "valueType": "float",
                    "value": "0f"
                },
                {
                    "valueName": "volume_to_mesh.mesh_mode",
                    "valueType": "Geometry::Converters::MeshMode",
                    "value": "Automatic"
                },
                {
                    "valueName": "volume_to_mesh.property_threshold",
                    "valueType": "float",
                    "value": "0f"
                },
                {
                    "valueName": "volume_to_mesh.custom_interior_mode",
                    "valueType": "Geometry::Converters::Interior",
                    "value": "Greater"
                },
                {
                    "valueName": "volume_to_mesh.detail_size_scale",
                    "valueType": "float",
                    "value": "1f"
                },
                {
                    "valueName": "volume_to_mesh.adaptivity",
                    "valueType": "Geometry::Common::Adaptivity",
                    "value": "Automatic"
                },
                {
                    "valueName": "volume_to_mesh.smoothing",
                    "valueType": "float",
                    "value": "0f"
                },
                {
                    "valueName": "smooth_geo_property.iterations",
                    "valueType": "long",
                    "value": "10"
                },
                {
                    "valueName": "smooth_geo_property.property",
                    "valueType": "string",
                    "value": "point_curvature"
                },
                {
                    "valueName": "smooth_geo_property.type",
                    "valueType": "array<float>",
                    "value": []
                },
                {
                    "valueName": "twist_mesh.geometry",
                    "valueType": "Amino::Object",
                    "value": {}
                },
                {
                    "valueName": "twist_mesh.axis",
                    "valueType": "Math::float3",
                    "value": {
                        "x": "0f",
                        "y": "1f",
                        "z": "0f"
                    }
                },
                {
                    "valueName": "twist_mesh.angle",
                    "valueType": "float",
                    "value": "200f"
                }
            ],
            "reservedNodeNames": [
                {
                    "name": "input"
                },
                {
                    "name": "output"
                }
            ]
        }
    ]
}
