{
    "header": {
        "metadata": [
            {
                "metaName": "adskFileFormatVersion",
                "metaValue": "100L"
            }
        ]
    },
    "dependencies": [
        {
            "uri": "file:///Math_types.json"
        },
        {
            "uri": "file:///Math_long.json"
        },
        {
            "uri": "file:///Math_float.json"
        },
        {
            "uri": "file:///Math_double.json"
        },
        {
            "uri": "file:///Math_char.json"
        },
        {
            "uri": "file:///Math_uint.json"
        },
        {
            "uri": "file:///Math_short.json"
        },
        {
            "uri": "file:///Math_ulong.json"
        },
        {
            "uri": "file:///Math_int.json"
        },
        {
            "uri": "file:///Math_uchar.json"
        },
        {
            "uri": "file:///Math_ushort.json"
        },
        {
            "uri": "file:///Math_constants.json"
        }
    ],
    "namespaces": [],
    "types": [],
    "compounds": [
        {
            "name": "MJCG::Core::Math::arc_length",
            "uriImported": "file:///arc_length.json",
            "metadata": [
                {
                    "metaName": "documentation",
                    "metaType": "string",
                    "metaValue": "../math/docs/arc_length.md"
                },
                {
                    "metaName": "icon",
                    "metaType": "string",
                    "metaValue": "../icons/mjcg.png"
                },
                {
                    "metaName": "io_nodes",
                    "metadata": [
                        {
                            "metaName": "io_inodes",
                            "metadata": [
                                {
                                    "metaName": "input",
                                    "metadata": [
                                        {
                                            "metaName": "io_metadata",
                                            "metadata": [
                                                {
                                                    "metaName": "DisplayMode",
                                                    "metaType": "string",
                                                    "metaValue": "2"
                                                },
                                                {
                                                    "metaName": "LayoutPos",
                                                    "metaType": "string",
                                                    "metaValue": "135.132 -2093.81"
                                                }
                                            ]
                                        },
                                        {
                                            "metaName": "io_ports",
                                            "metadata": [
                                                {
                                                    "metaName": "angle"
                                                },
                                                {
                                                    "metaName": "radius"
                                                }
                                            ]
                                        }
                                    ]
                                }
                            ]
                        },
                        {
                            "metaName": "io_onodes",
                            "metadata": [
                                {
                                    "metaName": "output",
                                    "metadata": [
                                        {
                                            "metaName": "io_metadata",
                                            "metadata": [
                                                {
                                                    "metaName": "DisplayMode",
                                                    "metaType": "string",
                                                    "metaValue": "2"
                                                },
                                                {
                                                    "metaName": "LayoutPos",
                                                    "metaType": "string",
                                                    "metaValue": "1273.53 -2124.21"
                                                }
                                            ]
                                        },
                                        {
                                            "metaName": "io_ports",
                                            "metadata": [
                                                {
                                                    "metaName": "arc_length"
                                                }
                                            ]
                                        }
                                    ]
                                }
                            ]
                        }
                    ]
                },
                {
                    "metaName": "_recentNode_",
                    "metaType": "string",
                    "metaValue": "BifrostBoard,Math,multiply"
                },
                {
                    "metaName": "_recentNode_",
                    "metaType": "string",
                    "metaValue": "BifrostBoard,Math,pi"
                },
                {
                    "metaName": "_recentNode_",
                    "metaType": "string",
                    "metaValue": "BifrostBoard,Math,divide"
                },
                {
                    "metaName": "_recentNode_",
                    "metaType": "string",
                    "metaValue": "BifrostBoard,MJCG::Math,arc_length"
                },
                {
                    "metaName": "_recentNode_",
                    "metaType": "string",
                    "metaValue": "BifrostBoard,Math,quaternion_to_euler"
                },
                {
                    "metaName": "ViewportRect",
                    "metaType": "string",
                    "metaValue": "312.99 -2424.94 1058.63 789.668"
                }
            ],
            "ports": [
                {
                    "portName": "angle",
                    "portDirection": "input",
                    "portType": "float"
                },
                {
                    "portName": "radius",
                    "portDirection": "input",
                    "portType": "float"
                },
                {
                    "portName": "arc_length",
                    "portDirection": "output",
                    "portType": "float"
                }
            ],
            "compoundNodes": [
                {
                    "nodeName": "_360_",
                    "valueType": "float",
                    "metadata": [
                        {
                            "metaName": "LayoutPos",
                            "metaType": "string",
                            "metaValue": "391.13 -2214.76"
                        },
                        {
                            "metaName": "DisplayMode",
                            "metaType": "string",
                            "metaValue": "2"
                        },
                        {
                            "metaName": "valuenode_defaultvalue",
                            "metaType": "string",
                            "metaValue": "360"
                        }
                    ]
                },
                {
                    "nodeName": "TWO",
                    "valueType": "float",
                    "metadata": [
                        {
                            "metaName": "DisplayMode",
                            "metaType": "string",
                            "metaValue": "1"
                        },
                        {
                            "metaName": "LayoutPos",
                            "metaType": "string",
                            "metaValue": "382.13 -1933.76"
                        },
                        {
                            "metaName": "valuenode_defaultvalue",
                            "metaType": "string",
                            "metaValue": "2"
                        }
                    ]
                },
                {
                    "nodeName": "divide1",
                    "nodeType": "Core::Math::divide",
                    "multiInPortNames": [
                        "angle",
                        "output1"
                    ],
                    "metadata": [
                        {
                            "metaName": "DisplayMode",
                            "metaType": "string",
                            "metaValue": "2"
                        },
                        {
                            "metaName": "LayoutPos",
                            "metaType": "string",
                            "metaValue": "670.846 -2319.45"
                        }
                    ]
                },
                {
                    "nodeName": "multiply2",
                    "nodeType": "Core::Math::multiply",
                    "multiInPortNames": [
                        "output1",
                        "radius"
                    ],
                    "metadata": [
                        {
                            "metaName": "DisplayMode",
                            "metaType": "string",
                            "metaValue": "2"
                        },
                        {
                            "metaName": "LayoutPos",
                            "metaType": "string",
                            "metaValue": "677.399 -1957.76"
                        }
                    ]
                },
                {
                    "nodeName": "pi",
                    "nodeType": "Core::Constants::pi",
                    "metadata": [
                        {
                            "metaName": "DisplayMode",
                            "metaType": "string",
                            "metaValue": "2"
                        },
                        {
                            "metaName": "LayoutPos",
                            "metaType": "string",
                            "metaValue": "670.85 -2115.01"
                        }
                    ]
                },
                {
                    "nodeName": "multiply",
                    "nodeType": "Core::Math::multiply",
                    "multiInPortNames": [
                        "output1",
                        "output2",
                        "output3"
                    ],
                    "metadata": [
                        {
                            "metaName": "DisplayMode",
                            "metaType": "string",
                            "metaValue": "2"
                        },
                        {
                            "metaName": "LayoutPos",
                            "metaType": "string",
                            "metaValue": "956.535 -2162.18"
                        }
                    ]
                }
            ],
            "connections": [
                {
                    "source": ".angle",
                    "target": "divide1.first.angle"
                },
                {
                    "source": "_360_.output",
                    "target": "divide1.first.output1"
                },
                {
                    "source": "TWO.output",
                    "target": "multiply2.first.output1"
                },
                {
                    "source": ".radius",
                    "target": "multiply2.first.radius"
                },
                {
                    "source": "divide1.output",
                    "target": "multiply.first.output1"
                },
                {
                    "source": "pi.pi",
                    "target": "multiply.first.output2"
                },
                {
                    "source": "multiply2.output",
                    "target": "multiply.first.output3"
                },
                {
                    "source": "multiply.output",
                    "target": ".arc_length"
                }
            ],
            "values": [
                {
                    "valueName": "_360_.value",
                    "valueType": "float",
                    "value": "360f"
                },
                {
                    "valueName": "TWO.value",
                    "valueType": "float",
                    "value": "2f"
                }
            ]
        }
    ]
}
