{
    "header": {
        "metadata": [
            {
                "metaName": "adskFileFormatVersion",
                "metaValue": "100L"
            }
        ]
    },
    "namespaces": [],
    "types": [],
    "compounds": [
        {
            "name": "MJCG::Core::Math::bias",
            "uriImported": "file:///bias.json",
            "metadata": [
                {
                    "metaName": "documentation",
                    "metaType": "string",
                    "metaValue": "../math/docs/bias.md"
                },
                {
                    "metaName": "icon",
                    "metaType": "string",
                    "metaValue": "../icons/mjcg.png"
                },
                {
                    "metaName": "io_nodes",
                    "metadata": [
                        {
                            "metaName": "io_inodes",
                            "metadata": [
                                {
                                    "metaName": "input",
                                    "metadata": [
                                        {
                                            "metaName": "DisplayMode",
                                            "metaType": "string",
                                            "metaValue": "2"
                                        },
                                        {
                                            "metaName": "LayoutPos",
                                            "metaType": "string",
                                            "metaValue": "-484.068 427.259"
                                        },
                                        {
                                            "metaName": "io_ports",
                                            "metadata": [
                                                {
                                                    "metaName": "value"
                                                },
                                                {
                                                    "metaName": "bias"
                                                }
                                            ]
                                        }
                                    ]
                                }
                            ]
                        },
                        {
                            "metaName": "io_onodes",
                            "metadata": [
                                {
                                    "metaName": "output",
                                    "metadata": [
                                        {
                                            "metaName": "DisplayMode",
                                            "metaType": "string",
                                            "metaValue": "2"
                                        },
                                        {
                                            "metaName": "LayoutPos",
                                            "metaType": "string",
                                            "metaValue": "1747.02 267.538"
                                        },
                                        {
                                            "metaName": "io_ports",
                                            "metadata": [
                                                {
                                                    "metaName": "output"
                                                }
                                            ]
                                        }
                                    ]
                                }
                            ]
                        }
                    ]
                },
                {
                    "metaName": "_recentNode_",
                    "metaType": "string",
                    "metaValue": "BifrostGraph,Core::Logic,if"
                },
                {
                    "metaName": "_recentNode_",
                    "metaType": "string",
                    "metaValue": "BifrostGraph,MJCG::Core::Math,bias_and_gain"
                },
                {
                    "metaName": "_recentNode_",
                    "metaType": "string",
                    "metaValue": "BifrostGraph,MJCG::Core::Math,bias"
                },
                {
                    "metaName": "_recentNode_",
                    "metaType": "string",
                    "metaValue": "BifrostGraph,MJCG::Core::Math,gain"
                },
                {
                    "metaName": "_recentNode_",
                    "metaType": "string",
                    "metaValue": "BifrostGraph,MJCG::Core::Math,multiply_vector_by_matrix"
                },
                {
                    "metaName": "ViewportRect",
                    "metaType": "string",
                    "metaValue": "-564 -110.145 2617 1551.29"
                },
                {
                    "metaName": "DisplayMode",
                    "metaType": "string",
                    "metaValue": "2"
                },
                {
                    "metaName": "LayoutPos",
                    "metaType": "string",
                    "metaValue": "241.212 1088.83"
                }
            ],
            "ports": [
                {
                    "portName": "value",
                    "portDirection": "input"
                },
                {
                    "portName": "bias",
                    "portDirection": "input",
                    "portDefaultType": "float",
                    "portDefault": "0.5f"
                },
                {
                    "portName": "output",
                    "portDirection": "output"
                }
            ],
            "compounds": [
                {
                    "name": "init_value",
                    "uriImported": "file:///bias.json",
                    "metadata": [
                        {
                            "metaName": "io_nodes",
                            "metadata": [
                                {
                                    "metaName": "io_inodes",
                                    "metadata": [
                                        {
                                            "metaName": "input",
                                            "metadata": [
                                                {
                                                    "metaName": "io_ports",
                                                    "metadata": [
                                                        {
                                                            "metaName": "value"
                                                        }
                                                    ]
                                                },
                                                {
                                                    "metaName": "DisplayMode",
                                                    "metaType": "string",
                                                    "metaValue": "2"
                                                },
                                                {
                                                    "metaName": "LayoutPos",
                                                    "metaType": "string",
                                                    "metaValue": "10 58"
                                                }
                                            ]
                                        }
                                    ]
                                },
                                {
                                    "metaName": "io_onodes",
                                    "metadata": [
                                        {
                                            "metaName": "output",
                                            "metadata": [
                                                {
                                                    "metaName": "io_ports",
                                                    "metadata": [
                                                        {
                                                            "metaName": "output"
                                                        }
                                                    ]
                                                },
                                                {
                                                    "metaName": "DisplayMode",
                                                    "metaType": "string",
                                                    "metaValue": "2"
                                                },
                                                {
                                                    "metaName": "LayoutPos",
                                                    "metaType": "string",
                                                    "metaValue": "620 10"
                                                }
                                            ]
                                        }
                                    ]
                                }
                            ]
                        },
                        {
                            "metaName": "ViewportRect",
                            "metaType": "string",
                            "metaValue": "-231.639 -268.639 1318.82 781.765"
                        }
                    ],
                    "ports": [
                        {
                            "portName": "value",
                            "portDirection": "input"
                        },
                        {
                            "portName": "output",
                            "portDirection": "output"
                        }
                    ],
                    "compoundNodes": [
                        {
                            "nodeName": "if",
                            "nodeType": "Core::Logic::if",
                            "metadata": [
                                {
                                    "metaName": "DisplayMode",
                                    "metaType": "string",
                                    "metaValue": "2"
                                },
                                {
                                    "metaName": "LayoutPos",
                                    "metaType": "string",
                                    "metaValue": "315 11"
                                }
                            ]
                        }
                    ],
                    "connections": [
                        {
                            "source": ".value",
                            "target": "if.true_case"
                        },
                        {
                            "source": "if.output",
                            "target": ".output"
                        }
                    ],
                    "values": [
                        {
                            "valueName": "if.condition",
                            "valueType": "bool",
                            "value": "true"
                        }
                    ],
                    "reservedNodeNames": [
                        {
                            "name": "input"
                        },
                        {
                            "name": "output"
                        }
                    ]
                }
            ],
            "compoundNodes": [
                {
                    "nodeName": "value",
                    "valueType": "float",
                    "metadata": [
                        {
                            "metaName": "DisplayMode",
                            "metaType": "string",
                            "metaValue": "2"
                        },
                        {
                            "metaName": "LayoutPos",
                            "metaType": "string",
                            "metaValue": "-21.842 578.95"
                        },
                        {
                            "metaName": "valuenode_defaultvalue",
                            "metaType": "string",
                            "metaValue": "1"
                        }
                    ]
                },
                {
                    "nodeName": "subtract1",
                    "nodeType": "Core::Math::subtract",
                    "multiInPortNames": [
                        "output1",
                        "value"
                    ],
                    "metadata": [
                        {
                            "metaName": "DisplayMode",
                            "metaType": "string",
                            "metaValue": "2"
                        },
                        {
                            "metaName": "LayoutPos",
                            "metaType": "string",
                            "metaValue": "281.137 859.063"
                        }
                    ]
                },
                {
                    "nodeName": "multiply2",
                    "nodeType": "Core::Math::multiply",
                    "multiInPortNames": [
                        "output1",
                        "output2"
                    ],
                    "metadata": [
                        {
                            "metaName": "DisplayMode",
                            "metaType": "string",
                            "metaValue": "2"
                        },
                        {
                            "metaName": "LayoutPos",
                            "metaType": "string",
                            "metaValue": "895.841 813.632"
                        }
                    ]
                },
                {
                    "nodeName": "divide1",
                    "nodeType": "Core::Math::divide",
                    "multiInPortNames": [
                        "value",
                        "output1"
                    ],
                    "metadata": [
                        {
                            "metaName": "DisplayMode",
                            "metaType": "string",
                            "metaValue": "2"
                        },
                        {
                            "metaName": "LayoutPos",
                            "metaType": "string",
                            "metaValue": "1495.37 247.733"
                        }
                    ]
                },
                {
                    "nodeName": "subtract3",
                    "nodeType": "Core::Math::subtract",
                    "multiInPortNames": [
                        "output1",
                        "output2"
                    ],
                    "metadata": [
                        {
                            "metaName": "DisplayMode",
                            "metaType": "string",
                            "metaValue": "2"
                        },
                        {
                            "metaName": "LayoutPos",
                            "metaType": "string",
                            "metaValue": "613.687 672.509"
                        }
                    ]
                },
                {
                    "nodeName": "add1",
                    "nodeType": "Core::Math::add",
                    "multiInPortNames": [
                        "output1",
                        "output2"
                    ],
                    "metadata": [
                        {
                            "metaName": "DisplayMode",
                            "metaType": "string",
                            "metaValue": "2"
                        },
                        {
                            "metaName": "LayoutPos",
                            "metaType": "string",
                            "metaValue": "1206.74 533.719"
                        }
                    ]
                },
                {
                    "nodeName": "divide2",
                    "nodeType": "Core::Math::divide",
                    "multiInPortNames": [
                        "output1",
                        "output2"
                    ],
                    "metadata": [
                        {
                            "metaName": "DisplayMode",
                            "metaType": "string",
                            "metaValue": "2"
                        },
                        {
                            "metaName": "LayoutPos",
                            "metaType": "string",
                            "metaValue": "304.048 402.243"
                        }
                    ]
                },
                {
                    "nodeName": "value2",
                    "valueType": "float",
                    "metadata": [
                        {
                            "metaName": "DisplayMode",
                            "metaType": "string",
                            "metaValue": "2"
                        },
                        {
                            "metaName": "LayoutPos",
                            "metaType": "string",
                            "metaValue": "307.254 671.47"
                        },
                        {
                            "metaName": "valuenode_defaultvalue",
                            "metaType": "string",
                            "metaValue": "2"
                        }
                    ]
                },
                {
                    "nodeName": "init_value",
                    "nodeType": "init_value",
                    "metadata": [
                        {
                            "metaName": "DisplayMode",
                            "metaType": "string",
                            "metaValue": "2"
                        },
                        {
                            "metaName": "LayoutPos",
                            "metaType": "string",
                            "metaValue": "-193.572 266.93"
                        }
                    ]
                }
            ],
            "connections": [
                {
                    "source": "divide1.output",
                    "target": ".output"
                },
                {
                    "source": "multiply2.output",
                    "target": "add1.first.output1"
                },
                {
                    "source": "value.output",
                    "target": "add1.first.output2"
                },
                {
                    "source": "value.output",
                    "target": "subtract1.first.output1"
                },
                {
                    "source": "divide2.output",
                    "target": "subtract3.first.output1"
                },
                {
                    "source": "value2.output",
                    "target": "subtract3.first.output2"
                },
                {
                    "source": "subtract3.output",
                    "target": "multiply2.first.output1"
                },
                {
                    "source": "subtract1.output",
                    "target": "multiply2.first.output2"
                },
                {
                    "source": "add1.output",
                    "target": "divide1.first.output1"
                },
                {
                    "source": "value.output",
                    "target": "divide2.first.output1"
                },
                {
                    "source": ".bias",
                    "target": "divide2.first.output2"
                },
                {
                    "source": ".value",
                    "target": "init_value.value"
                },
                {
                    "source": "init_value.output",
                    "target": "divide1.first.value"
                },
                {
                    "source": "init_value.output",
                    "target": "subtract1.first.value"
                }
            ],
            "values": [
                {
                    "valueName": "value.value",
                    "valueType": "float",
                    "value": "1f"
                },
                {
                    "valueName": "value2.value",
                    "valueType": "float",
                    "value": "2f"
                }
            ],
            "reservedNodeNames": [
                {
                    "name": "input"
                },
                {
                    "name": "output"
                }
            ]
        }
    ]
}
