{
    "header": {
        "metadata": [
            {
                "metaName": "adskFileFormatVersion",
                "metaValue": "100L"
            }
        ]
    },
    "namespaces": [],
    "types": [],
    "compounds": [
        {
            "name": "MJCG::Core::Math::distance_between_point_and_line",
            "metadata": [
                {
                    "metaName": "documentation",
                    "metaType": "string",
                    "metaValue": "../math/docs/distance_between_point_and_line.md"
                },
                {
                    "metaName": "icon",
                    "metaType": "string",
                    "metaValue": "../icons/mjcg.png"
                },
                {
                    "metaName": "io_nodes",
                    "metadata": [
                        {
                            "metaName": "io_inodes",
                            "metadata": [
                                {
                                    "metaName": "input",
                                    "metadata": [
                                        {
                                            "metaName": "DisplayMode",
                                            "metaType": "string",
                                            "metaValue": "2"
                                        },
                                        {
                                            "metaName": "io_ports",
                                            "metadata": [
                                                {
                                                    "metaName": "position"
                                                },
                                                {
                                                    "metaName": "line_start"
                                                },
                                                {
                                                    "metaName": "line_end"
                                                },
                                                {
                                                    "metaName": "proximity_method"
                                                }
                                            ]
                                        },
                                        {
                                            "metaName": "LayoutPos",
                                            "metaType": "string",
                                            "metaValue": "-759.583 -92.0512"
                                        }
                                    ]
                                }
                            ]
                        },
                        {
                            "metaName": "io_onodes",
                            "metadata": [
                                {
                                    "metaName": "output",
                                    "metadata": [
                                        {
                                            "metaName": "DisplayMode",
                                            "metaType": "string",
                                            "metaValue": "2"
                                        },
                                        {
                                            "metaName": "LayoutPos",
                                            "metaType": "string",
                                            "metaValue": "618.163 -102.337"
                                        },
                                        {
                                            "metaName": "io_ports",
                                            "metadata": [
                                                {
                                                    "metaName": "distance"
                                                }
                                            ]
                                        }
                                    ]
                                }
                            ]
                        }
                    ]
                },
                {
                    "metaName": "_recentNode_",
                    "metaType": "string",
                    "metaValue": "BifrostGraph,Core::Math,length"
                },
                {
                    "metaName": "_recentNode_",
                    "metaType": "string",
                    "metaValue": "BifrostGraph,Core::Math,subtract"
                },
                {
                    "metaName": "_recentNode_",
                    "metaType": "string",
                    "metaValue": "BifrostGraph,Core::Math,linear_interpolate"
                },
                {
                    "metaName": "_recentNode_",
                    "metaType": "string",
                    "metaValue": "BifrostGraph,Core::Math,lerp"
                },
                {
                    "metaName": "_recentNode_",
                    "metaType": "string",
                    "metaValue": "BifrostGraph,MJCG::Core::Math,closest_point_to_line_ratio"
                },
                {
                    "metaName": "ViewportRect",
                    "metaType": "string",
                    "metaValue": "-790.461 -462.871 1448.57 869.656"
                },
                {
                    "metaName": "DisplayMode",
                    "metaType": "string",
                    "metaValue": "2"
                },
                {
                    "metaName": "LayoutPos",
                    "metaType": "string",
                    "metaValue": "-262.037 -60.0221"
                }
            ],
            "isDefaultOverload": "true",
            "ports": [
                {
                    "portName": "position",
                    "portDirection": "input",
                    "portType": "Math::float3"
                },
                {
                    "portName": "line_start",
                    "portDirection": "input",
                    "portType": "Math::float3"
                },
                {
                    "portName": "line_end",
                    "portDirection": "input",
                    "portType": "Math::float3"
                },
                {
                    "portName": "proximity_method",
                    "portDirection": "input",
                    "portType": "MJCG::LineSegmentType",
                    "portDefault": "line"
                },
                {
                    "portName": "distance",
                    "portDirection": "output",
                    "portType": "float"
                }
            ],
            "compoundNodes": [
                {
                    "nodeName": "closest_point_to_line_ratio",
                    "nodeType": "MJCG::Core::Math::closest_point_to_line_ratio",
                    "metadata": [
                        {
                            "metaName": "DisplayMode",
                            "metaType": "string",
                            "metaValue": "2"
                        },
                        {
                            "metaName": "LayoutPos",
                            "metaType": "string",
                            "metaValue": "-433.916 121.093"
                        }
                    ]
                },
                {
                    "nodeName": "lerp",
                    "nodeType": "Core::Math::lerp",
                    "metadata": [
                        {
                            "metaName": "DisplayMode",
                            "metaType": "string",
                            "metaValue": "2"
                        },
                        {
                            "metaName": "LayoutPos",
                            "metaType": "string",
                            "metaValue": "-157.974 -9.27502"
                        }
                    ]
                },
                {
                    "nodeName": "subtract",
                    "nodeType": "Core::Math::subtract",
                    "multiInPortNames": [
                        "interpolated",
                        "position"
                    ],
                    "metadata": [
                        {
                            "metaName": "DisplayMode",
                            "metaType": "string",
                            "metaValue": "2"
                        },
                        {
                            "metaName": "LayoutPos",
                            "metaType": "string",
                            "metaValue": "106.039 -138.392"
                        }
                    ]
                },
                {
                    "nodeName": "length",
                    "nodeType": "Core::Math::length",
                    "metadata": [
                        {
                            "metaName": "DisplayMode",
                            "metaType": "string",
                            "metaValue": "2"
                        },
                        {
                            "metaName": "LayoutPos",
                            "metaType": "string",
                            "metaValue": "359.281 -102.357"
                        }
                    ]
                }
            ],
            "connections": [
                {
                    "source": ".proximity_method",
                    "target": "closest_point_to_line_ratio.proximity_method"
                },
                {
                    "source": "closest_point_to_line_ratio.ratio",
                    "target": "lerp.fraction"
                },
                {
                    "source": "subtract.output",
                    "target": "length.vector"
                },
                {
                    "source": "length.length",
                    "target": ".distance"
                },
                {
                    "source": ".position",
                    "target": "closest_point_to_line_ratio.position"
                },
                {
                    "source": ".line_start",
                    "target": "closest_point_to_line_ratio.line_start"
                },
                {
                    "source": ".line_start",
                    "target": "lerp.first"
                },
                {
                    "source": ".line_end",
                    "target": "closest_point_to_line_ratio.line_end"
                },
                {
                    "source": ".line_end",
                    "target": "lerp.second"
                },
                {
                    "source": "lerp.interpolated",
                    "target": "subtract.first.interpolated"
                },
                {
                    "source": ".position",
                    "target": "subtract.first.position"
                }
            ],
            "values": [
                {
                    "valueName": "closest_point_to_line_ratio.proximity_method",
                    "valueType": "MJCG::LineSegmentType",
                    "value": "line"
                }
            ],
            "reservedNodeNames": [
                {
                    "name": "input"
                },
                {
                    "name": "output"
                }
            ]
        },
        {
            "name": "MJCG::Core::Math::distance_between_point_and_line",
            "uriImported": "file:///distance_between_point_and_line.json",
            "metadata": [
                {
                    "metaName": "documentation",
                    "metaType": "string",
                    "metaValue": "../math/docs/distance_between_point_and_line.md"
                },
                {
                    "metaName": "icon",
                    "metaType": "string",
                    "metaValue": "../icons/mjcg.png"
                },
                {
                    "metaName": "io_nodes",
                    "metadata": [
                        {
                            "metaName": "io_inodes",
                            "metadata": [
                                {
                                    "metaName": "input",
                                    "metadata": [
                                        {
                                            "metaName": "DisplayMode",
                                            "metaType": "string",
                                            "metaValue": "2"
                                        },
                                        {
                                            "metaName": "LayoutPos",
                                            "metaType": "string",
                                            "metaValue": "-759.583 -92.0512"
                                        },
                                        {
                                            "metaName": "io_ports",
                                            "metadata": [
                                                {
                                                    "metaName": "position"
                                                },
                                                {
                                                    "metaName": "line_start"
                                                },
                                                {
                                                    "metaName": "line_end"
                                                },
                                                {
                                                    "metaName": "proximity_method"
                                                }
                                            ]
                                        }
                                    ]
                                }
                            ]
                        },
                        {
                            "metaName": "io_onodes",
                            "metadata": [
                                {
                                    "metaName": "output",
                                    "metadata": [
                                        {
                                            "metaName": "DisplayMode",
                                            "metaType": "string",
                                            "metaValue": "2"
                                        },
                                        {
                                            "metaName": "LayoutPos",
                                            "metaType": "string",
                                            "metaValue": "618.163 -102.337"
                                        },
                                        {
                                            "metaName": "io_ports",
                                            "metadata": [
                                                {
                                                    "metaName": "distance"
                                                }
                                            ]
                                        }
                                    ]
                                }
                            ]
                        }
                    ]
                },
                {
                    "metaName": "_recentNode_",
                    "metaType": "string",
                    "metaValue": "BifrostGraph,Core::Math,length"
                },
                {
                    "metaName": "_recentNode_",
                    "metaType": "string",
                    "metaValue": "BifrostGraph,Core::Math,subtract"
                },
                {
                    "metaName": "_recentNode_",
                    "metaType": "string",
                    "metaValue": "BifrostGraph,Core::Math,linear_interpolate"
                },
                {
                    "metaName": "_recentNode_",
                    "metaType": "string",
                    "metaValue": "BifrostGraph,Core::Math,lerp"
                },
                {
                    "metaName": "_recentNode_",
                    "metaType": "string",
                    "metaValue": "BifrostGraph,MJCG::Core::Math,closest_point_to_line_ratio"
                },
                {
                    "metaName": "ViewportRect",
                    "metaType": "string",
                    "metaValue": "-790.461 -462.871 1448.57 869.656"
                },
                {
                    "metaName": "DisplayMode",
                    "metaType": "string",
                    "metaValue": "2"
                },
                {
                    "metaName": "LayoutPos",
                    "metaType": "string",
                    "metaValue": "-307.199 -71.0822"
                }
            ],
            "ports": [
                {
                    "portName": "position",
                    "portDirection": "input",
                    "portType": "Math::float2"
                },
                {
                    "portName": "line_start",
                    "portDirection": "input",
                    "portType": "Math::float2"
                },
                {
                    "portName": "line_end",
                    "portDirection": "input",
                    "portType": "Math::float2"
                },
                {
                    "portName": "proximity_method",
                    "portDirection": "input",
                    "portType": "MJCG::LineSegmentType",
                    "portDefault": "line"
                },
                {
                    "portName": "distance",
                    "portDirection": "output",
                    "portType": "float"
                }
            ],
            "compoundNodes": [
                {
                    "nodeName": "closest_point_to_line_ratio",
                    "nodeType": "MJCG::Core::Math::closest_point_to_line_ratio",
                    "metadata": [
                        {
                            "metaName": "DisplayMode",
                            "metaType": "string",
                            "metaValue": "2"
                        },
                        {
                            "metaName": "LayoutPos",
                            "metaType": "string",
                            "metaValue": "-433.916 121.093"
                        }
                    ]
                },
                {
                    "nodeName": "lerp",
                    "nodeType": "Core::Math::lerp",
                    "metadata": [
                        {
                            "metaName": "DisplayMode",
                            "metaType": "string",
                            "metaValue": "2"
                        },
                        {
                            "metaName": "LayoutPos",
                            "metaType": "string",
                            "metaValue": "-157.974 -9.27502"
                        }
                    ]
                },
                {
                    "nodeName": "subtract",
                    "nodeType": "Core::Math::subtract",
                    "multiInPortNames": [
                        "interpolated",
                        "position"
                    ],
                    "metadata": [
                        {
                            "metaName": "DisplayMode",
                            "metaType": "string",
                            "metaValue": "2"
                        },
                        {
                            "metaName": "LayoutPos",
                            "metaType": "string",
                            "metaValue": "106.039 -138.392"
                        }
                    ]
                },
                {
                    "nodeName": "length",
                    "nodeType": "Core::Math::length",
                    "metadata": [
                        {
                            "metaName": "DisplayMode",
                            "metaType": "string",
                            "metaValue": "2"
                        },
                        {
                            "metaName": "LayoutPos",
                            "metaType": "string",
                            "metaValue": "359.281 -102.357"
                        }
                    ]
                }
            ],
            "connections": [
                {
                    "source": ".proximity_method",
                    "target": "closest_point_to_line_ratio.proximity_method"
                },
                {
                    "source": "closest_point_to_line_ratio.ratio",
                    "target": "lerp.fraction"
                },
                {
                    "source": "subtract.output",
                    "target": "length.vector"
                },
                {
                    "source": "length.length",
                    "target": ".distance"
                },
                {
                    "source": "lerp.interpolated",
                    "target": "subtract.first.interpolated"
                },
                {
                    "source": ".position",
                    "target": "closest_point_to_line_ratio.position"
                },
                {
                    "source": ".position",
                    "target": "subtract.first.position"
                },
                {
                    "source": ".line_start",
                    "target": "closest_point_to_line_ratio.line_start"
                },
                {
                    "source": ".line_start",
                    "target": "lerp.first"
                },
                {
                    "source": ".line_end",
                    "target": "closest_point_to_line_ratio.line_end"
                },
                {
                    "source": ".line_end",
                    "target": "lerp.second"
                }
            ],
            "values": [
                {
                    "valueName": "closest_point_to_line_ratio.proximity_method",
                    "valueType": "MJCG::LineSegmentType",
                    "value": "line"
                }
            ],
            "reservedNodeNames": [
                {
                    "name": "input"
                },
                {
                    "name": "output"
                }
            ]
        },
        {
            "name": "MJCG::Core::Math::distance_between_point_and_line",
            "uriImported": "file:///distance_between_point_and_line.json",
            "metadata": [
                {
                    "metaName": "documentation",
                    "metaType": "string",
                    "metaValue": "../math/docs/distance_between_point_and_line.md"
                },
                {
                    "metaName": "icon",
                    "metaType": "string",
                    "metaValue": "../icons/mjcg.png"
                },
                {
                    "metaName": "io_nodes",
                    "metadata": [
                        {
                            "metaName": "io_inodes",
                            "metadata": [
                                {
                                    "metaName": "input",
                                    "metadata": [
                                        {
                                            "metaName": "DisplayMode",
                                            "metaType": "string",
                                            "metaValue": "2"
                                        },
                                        {
                                            "metaName": "LayoutPos",
                                            "metaType": "string",
                                            "metaValue": "-759.583 -92.0512"
                                        },
                                        {
                                            "metaName": "io_ports",
                                            "metadata": [
                                                {
                                                    "metaName": "position"
                                                },
                                                {
                                                    "metaName": "line_start"
                                                },
                                                {
                                                    "metaName": "line_end"
                                                },
                                                {
                                                    "metaName": "proximity_method"
                                                }
                                            ]
                                        }
                                    ]
                                }
                            ]
                        },
                        {
                            "metaName": "io_onodes",
                            "metadata": [
                                {
                                    "metaName": "output",
                                    "metadata": [
                                        {
                                            "metaName": "DisplayMode",
                                            "metaType": "string",
                                            "metaValue": "2"
                                        },
                                        {
                                            "metaName": "LayoutPos",
                                            "metaType": "string",
                                            "metaValue": "618.163 -102.337"
                                        },
                                        {
                                            "metaName": "io_ports",
                                            "metadata": [
                                                {
                                                    "metaName": "distance"
                                                }
                                            ]
                                        }
                                    ]
                                }
                            ]
                        }
                    ]
                },
                {
                    "metaName": "_recentNode_",
                    "metaType": "string",
                    "metaValue": "BifrostGraph,Core::Math,length"
                },
                {
                    "metaName": "_recentNode_",
                    "metaType": "string",
                    "metaValue": "BifrostGraph,Core::Math,subtract"
                },
                {
                    "metaName": "_recentNode_",
                    "metaType": "string",
                    "metaValue": "BifrostGraph,Core::Math,linear_interpolate"
                },
                {
                    "metaName": "_recentNode_",
                    "metaType": "string",
                    "metaValue": "BifrostGraph,Core::Math,lerp"
                },
                {
                    "metaName": "_recentNode_",
                    "metaType": "string",
                    "metaValue": "BifrostGraph,MJCG::Core::Math,closest_point_to_line_ratio"
                },
                {
                    "metaName": "ViewportRect",
                    "metaType": "string",
                    "metaValue": "-790.461 -462.871 1448.57 869.656"
                },
                {
                    "metaName": "DisplayMode",
                    "metaType": "string",
                    "metaValue": "2"
                },
                {
                    "metaName": "LayoutPos",
                    "metaType": "string",
                    "metaValue": "-307.199 -71.0822"
                }
            ],
            "ports": [
                {
                    "portName": "position",
                    "portDirection": "input",
                    "portType": "Math::float4"
                },
                {
                    "portName": "line_start",
                    "portDirection": "input",
                    "portType": "Math::float4"
                },
                {
                    "portName": "line_end",
                    "portDirection": "input",
                    "portType": "Math::float4"
                },
                {
                    "portName": "proximity_method",
                    "portDirection": "input",
                    "portType": "MJCG::LineSegmentType",
                    "portDefault": "line"
                },
                {
                    "portName": "distance",
                    "portDirection": "output",
                    "portType": "float"
                }
            ],
            "compoundNodes": [
                {
                    "nodeName": "closest_point_to_line_ratio",
                    "nodeType": "MJCG::Core::Math::closest_point_to_line_ratio",
                    "metadata": [
                        {
                            "metaName": "DisplayMode",
                            "metaType": "string",
                            "metaValue": "2"
                        },
                        {
                            "metaName": "LayoutPos",
                            "metaType": "string",
                            "metaValue": "-433.916 121.093"
                        }
                    ]
                },
                {
                    "nodeName": "lerp",
                    "nodeType": "Core::Math::lerp",
                    "metadata": [
                        {
                            "metaName": "DisplayMode",
                            "metaType": "string",
                            "metaValue": "2"
                        },
                        {
                            "metaName": "LayoutPos",
                            "metaType": "string",
                            "metaValue": "-157.974 -9.27502"
                        }
                    ]
                },
                {
                    "nodeName": "subtract",
                    "nodeType": "Core::Math::subtract",
                    "multiInPortNames": [
                        "interpolated",
                        "position"
                    ],
                    "metadata": [
                        {
                            "metaName": "DisplayMode",
                            "metaType": "string",
                            "metaValue": "2"
                        },
                        {
                            "metaName": "LayoutPos",
                            "metaType": "string",
                            "metaValue": "106.039 -138.392"
                        }
                    ]
                },
                {
                    "nodeName": "length",
                    "nodeType": "Core::Math::length",
                    "metadata": [
                        {
                            "metaName": "DisplayMode",
                            "metaType": "string",
                            "metaValue": "2"
                        },
                        {
                            "metaName": "LayoutPos",
                            "metaType": "string",
                            "metaValue": "359.281 -102.357"
                        }
                    ]
                }
            ],
            "connections": [
                {
                    "source": ".proximity_method",
                    "target": "closest_point_to_line_ratio.proximity_method"
                },
                {
                    "source": "closest_point_to_line_ratio.ratio",
                    "target": "lerp.fraction"
                },
                {
                    "source": "subtract.output",
                    "target": "length.vector"
                },
                {
                    "source": "length.length",
                    "target": ".distance"
                },
                {
                    "source": "lerp.interpolated",
                    "target": "subtract.first.interpolated"
                },
                {
                    "source": ".position",
                    "target": "closest_point_to_line_ratio.position"
                },
                {
                    "source": ".position",
                    "target": "subtract.first.position"
                },
                {
                    "source": ".line_start",
                    "target": "closest_point_to_line_ratio.line_start"
                },
                {
                    "source": ".line_start",
                    "target": "lerp.first"
                },
                {
                    "source": ".line_end",
                    "target": "closest_point_to_line_ratio.line_end"
                },
                {
                    "source": ".line_end",
                    "target": "lerp.second"
                }
            ],
            "values": [
                {
                    "valueName": "closest_point_to_line_ratio.proximity_method",
                    "valueType": "MJCG::LineSegmentType",
                    "value": "line"
                }
            ],
            "reservedNodeNames": [
                {
                    "name": "input"
                },
                {
                    "name": "output"
                }
            ]
        },
        {
            "name": "MJCG::Core::Math::distance_between_point_and_line",
            "uriImported": "file:///distance_between_point_and_line.json",
            "metadata": [
                {
                    "metaName": "documentation",
                    "metaType": "string",
                    "metaValue": "../math/docs/distance_between_point_and_line.md"
                },
                {
                    "metaName": "icon",
                    "metaType": "string",
                    "metaValue": "../icons/mjcg.png"
                },
                {
                    "metaName": "io_nodes",
                    "metadata": [
                        {
                            "metaName": "io_inodes",
                            "metadata": [
                                {
                                    "metaName": "input",
                                    "metadata": [
                                        {
                                            "metaName": "DisplayMode",
                                            "metaType": "string",
                                            "metaValue": "2"
                                        },
                                        {
                                            "metaName": "LayoutPos",
                                            "metaType": "string",
                                            "metaValue": "-759.583 -92.0512"
                                        },
                                        {
                                            "metaName": "io_ports",
                                            "metadata": [
                                                {
                                                    "metaName": "position"
                                                },
                                                {
                                                    "metaName": "line_start"
                                                },
                                                {
                                                    "metaName": "line_end"
                                                },
                                                {
                                                    "metaName": "proximity_method"
                                                }
                                            ]
                                        }
                                    ]
                                }
                            ]
                        },
                        {
                            "metaName": "io_onodes",
                            "metadata": [
                                {
                                    "metaName": "output",
                                    "metadata": [
                                        {
                                            "metaName": "DisplayMode",
                                            "metaType": "string",
                                            "metaValue": "2"
                                        },
                                        {
                                            "metaName": "LayoutPos",
                                            "metaType": "string",
                                            "metaValue": "618.163 -102.337"
                                        },
                                        {
                                            "metaName": "io_ports",
                                            "metadata": [
                                                {
                                                    "metaName": "distance"
                                                }
                                            ]
                                        }
                                    ]
                                }
                            ]
                        }
                    ]
                },
                {
                    "metaName": "_recentNode_",
                    "metaType": "string",
                    "metaValue": "BifrostGraph,Core::Math,length"
                },
                {
                    "metaName": "_recentNode_",
                    "metaType": "string",
                    "metaValue": "BifrostGraph,Core::Math,subtract"
                },
                {
                    "metaName": "_recentNode_",
                    "metaType": "string",
                    "metaValue": "BifrostGraph,Core::Math,linear_interpolate"
                },
                {
                    "metaName": "_recentNode_",
                    "metaType": "string",
                    "metaValue": "BifrostGraph,Core::Math,lerp"
                },
                {
                    "metaName": "_recentNode_",
                    "metaType": "string",
                    "metaValue": "BifrostGraph,MJCG::Core::Math,closest_point_to_line_ratio"
                },
                {
                    "metaName": "ViewportRect",
                    "metaType": "string",
                    "metaValue": "-790.461 -462.871 1448.57 869.656"
                },
                {
                    "metaName": "DisplayMode",
                    "metaType": "string",
                    "metaValue": "2"
                },
                {
                    "metaName": "LayoutPos",
                    "metaType": "string",
                    "metaValue": "-307.199 -71.0822"
                }
            ],
            "ports": [
                {
                    "portName": "position",
                    "portDirection": "input",
                    "portType": "Math::double4"
                },
                {
                    "portName": "line_start",
                    "portDirection": "input",
                    "portType": "Math::double4"
                },
                {
                    "portName": "line_end",
                    "portDirection": "input",
                    "portType": "Math::double4"
                },
                {
                    "portName": "proximity_method",
                    "portDirection": "input",
                    "portType": "MJCG::LineSegmentType",
                    "portDefault": "line"
                },
                {
                    "portName": "distance",
                    "portDirection": "output",
                    "portType": "double"
                }
            ],
            "compoundNodes": [
                {
                    "nodeName": "closest_point_to_line_ratio",
                    "nodeType": "MJCG::Core::Math::closest_point_to_line_ratio",
                    "metadata": [
                        {
                            "metaName": "DisplayMode",
                            "metaType": "string",
                            "metaValue": "2"
                        },
                        {
                            "metaName": "LayoutPos",
                            "metaType": "string",
                            "metaValue": "-433.916 121.093"
                        }
                    ]
                },
                {
                    "nodeName": "lerp",
                    "nodeType": "Core::Math::lerp",
                    "metadata": [
                        {
                            "metaName": "DisplayMode",
                            "metaType": "string",
                            "metaValue": "2"
                        },
                        {
                            "metaName": "LayoutPos",
                            "metaType": "string",
                            "metaValue": "-157.974 -9.27502"
                        }
                    ]
                },
                {
                    "nodeName": "subtract",
                    "nodeType": "Core::Math::subtract",
                    "multiInPortNames": [
                        "interpolated",
                        "position"
                    ],
                    "metadata": [
                        {
                            "metaName": "DisplayMode",
                            "metaType": "string",
                            "metaValue": "2"
                        },
                        {
                            "metaName": "LayoutPos",
                            "metaType": "string",
                            "metaValue": "106.039 -138.392"
                        }
                    ]
                },
                {
                    "nodeName": "length",
                    "nodeType": "Core::Math::length",
                    "metadata": [
                        {
                            "metaName": "DisplayMode",
                            "metaType": "string",
                            "metaValue": "2"
                        },
                        {
                            "metaName": "LayoutPos",
                            "metaType": "string",
                            "metaValue": "359.281 -102.357"
                        }
                    ]
                }
            ],
            "connections": [
                {
                    "source": ".proximity_method",
                    "target": "closest_point_to_line_ratio.proximity_method"
                },
                {
                    "source": "closest_point_to_line_ratio.ratio",
                    "target": "lerp.fraction"
                },
                {
                    "source": "subtract.output",
                    "target": "length.vector"
                },
                {
                    "source": "lerp.interpolated",
                    "target": "subtract.first.interpolated"
                },
                {
                    "source": "length.length",
                    "target": ".distance"
                },
                {
                    "source": ".position",
                    "target": "closest_point_to_line_ratio.position"
                },
                {
                    "source": ".position",
                    "target": "subtract.first.position"
                },
                {
                    "source": ".line_start",
                    "target": "closest_point_to_line_ratio.line_start"
                },
                {
                    "source": ".line_start",
                    "target": "lerp.first"
                },
                {
                    "source": ".line_end",
                    "target": "closest_point_to_line_ratio.line_end"
                },
                {
                    "source": ".line_end",
                    "target": "lerp.second"
                }
            ],
            "values": [
                {
                    "valueName": "closest_point_to_line_ratio.proximity_method",
                    "valueType": "MJCG::LineSegmentType",
                    "value": "line"
                }
            ],
            "reservedNodeNames": [
                {
                    "name": "input"
                },
                {
                    "name": "output"
                }
            ]
        },
        {
            "name": "MJCG::Core::Math::distance_between_point_and_line",
            "uriImported": "file:///distance_between_point_and_line.json",
            "metadata": [
                {
                    "metaName": "documentation",
                    "metaType": "string",
                    "metaValue": "../math/docs/distance_between_point_and_line.md"
                },
                {
                    "metaName": "icon",
                    "metaType": "string",
                    "metaValue": "../icons/mjcg.png"
                },
                {
                    "metaName": "io_nodes",
                    "metadata": [
                        {
                            "metaName": "io_inodes",
                            "metadata": [
                                {
                                    "metaName": "input",
                                    "metadata": [
                                        {
                                            "metaName": "DisplayMode",
                                            "metaType": "string",
                                            "metaValue": "2"
                                        },
                                        {
                                            "metaName": "LayoutPos",
                                            "metaType": "string",
                                            "metaValue": "-759.583 -92.0512"
                                        },
                                        {
                                            "metaName": "io_ports",
                                            "metadata": [
                                                {
                                                    "metaName": "position"
                                                },
                                                {
                                                    "metaName": "line_start"
                                                },
                                                {
                                                    "metaName": "line_end"
                                                },
                                                {
                                                    "metaName": "proximity_method"
                                                }
                                            ]
                                        }
                                    ]
                                }
                            ]
                        },
                        {
                            "metaName": "io_onodes",
                            "metadata": [
                                {
                                    "metaName": "output",
                                    "metadata": [
                                        {
                                            "metaName": "DisplayMode",
                                            "metaType": "string",
                                            "metaValue": "2"
                                        },
                                        {
                                            "metaName": "LayoutPos",
                                            "metaType": "string",
                                            "metaValue": "618.163 -102.337"
                                        },
                                        {
                                            "metaName": "io_ports",
                                            "metadata": [
                                                {
                                                    "metaName": "distance"
                                                }
                                            ]
                                        }
                                    ]
                                }
                            ]
                        }
                    ]
                },
                {
                    "metaName": "_recentNode_",
                    "metaType": "string",
                    "metaValue": "BifrostGraph,Core::Math,length"
                },
                {
                    "metaName": "_recentNode_",
                    "metaType": "string",
                    "metaValue": "BifrostGraph,Core::Math,subtract"
                },
                {
                    "metaName": "_recentNode_",
                    "metaType": "string",
                    "metaValue": "BifrostGraph,Core::Math,linear_interpolate"
                },
                {
                    "metaName": "_recentNode_",
                    "metaType": "string",
                    "metaValue": "BifrostGraph,Core::Math,lerp"
                },
                {
                    "metaName": "_recentNode_",
                    "metaType": "string",
                    "metaValue": "BifrostGraph,MJCG::Core::Math,closest_point_to_line_ratio"
                },
                {
                    "metaName": "ViewportRect",
                    "metaType": "string",
                    "metaValue": "-790.461 -462.871 1448.57 869.656"
                },
                {
                    "metaName": "DisplayMode",
                    "metaType": "string",
                    "metaValue": "2"
                },
                {
                    "metaName": "LayoutPos",
                    "metaType": "string",
                    "metaValue": "-307.199 -71.0822"
                }
            ],
            "ports": [
                {
                    "portName": "position",
                    "portDirection": "input",
                    "portType": "Math::double3"
                },
                {
                    "portName": "line_start",
                    "portDirection": "input",
                    "portType": "Math::double3"
                },
                {
                    "portName": "line_end",
                    "portDirection": "input",
                    "portType": "Math::double3"
                },
                {
                    "portName": "proximity_method",
                    "portDirection": "input",
                    "portType": "MJCG::LineSegmentType",
                    "portDefault": "line"
                },
                {
                    "portName": "distance",
                    "portDirection": "output",
                    "portType": "double"
                }
            ],
            "compoundNodes": [
                {
                    "nodeName": "closest_point_to_line_ratio",
                    "nodeType": "MJCG::Core::Math::closest_point_to_line_ratio",
                    "metadata": [
                        {
                            "metaName": "DisplayMode",
                            "metaType": "string",
                            "metaValue": "2"
                        },
                        {
                            "metaName": "LayoutPos",
                            "metaType": "string",
                            "metaValue": "-433.916 121.093"
                        }
                    ]
                },
                {
                    "nodeName": "lerp",
                    "nodeType": "Core::Math::lerp",
                    "metadata": [
                        {
                            "metaName": "DisplayMode",
                            "metaType": "string",
                            "metaValue": "2"
                        },
                        {
                            "metaName": "LayoutPos",
                            "metaType": "string",
                            "metaValue": "-157.974 -9.27502"
                        }
                    ]
                },
                {
                    "nodeName": "subtract",
                    "nodeType": "Core::Math::subtract",
                    "multiInPortNames": [
                        "interpolated",
                        "position"
                    ],
                    "metadata": [
                        {
                            "metaName": "DisplayMode",
                            "metaType": "string",
                            "metaValue": "2"
                        },
                        {
                            "metaName": "LayoutPos",
                            "metaType": "string",
                            "metaValue": "106.039 -138.392"
                        }
                    ]
                },
                {
                    "nodeName": "length",
                    "nodeType": "Core::Math::length",
                    "metadata": [
                        {
                            "metaName": "DisplayMode",
                            "metaType": "string",
                            "metaValue": "2"
                        },
                        {
                            "metaName": "LayoutPos",
                            "metaType": "string",
                            "metaValue": "359.281 -102.357"
                        }
                    ]
                }
            ],
            "connections": [
                {
                    "source": ".proximity_method",
                    "target": "closest_point_to_line_ratio.proximity_method"
                },
                {
                    "source": "closest_point_to_line_ratio.ratio",
                    "target": "lerp.fraction"
                },
                {
                    "source": "subtract.output",
                    "target": "length.vector"
                },
                {
                    "source": "lerp.interpolated",
                    "target": "subtract.first.interpolated"
                },
                {
                    "source": "length.length",
                    "target": ".distance"
                },
                {
                    "source": ".position",
                    "target": "closest_point_to_line_ratio.position"
                },
                {
                    "source": ".position",
                    "target": "subtract.first.position"
                },
                {
                    "source": ".line_start",
                    "target": "closest_point_to_line_ratio.line_start"
                },
                {
                    "source": ".line_start",
                    "target": "lerp.first"
                },
                {
                    "source": ".line_end",
                    "target": "closest_point_to_line_ratio.line_end"
                },
                {
                    "source": ".line_end",
                    "target": "lerp.second"
                }
            ],
            "values": [
                {
                    "valueName": "closest_point_to_line_ratio.proximity_method",
                    "valueType": "MJCG::LineSegmentType",
                    "value": "line"
                }
            ],
            "reservedNodeNames": [
                {
                    "name": "input"
                },
                {
                    "name": "output"
                }
            ]
        },
        {
            "name": "MJCG::Core::Math::distance_between_point_and_line",
            "uriImported": "file:///distance_between_point_and_line.json",
            "metadata": [
                {
                    "metaName": "documentation",
                    "metaType": "string",
                    "metaValue": "../math/docs/distance_between_point_and_line.md"
                },
                {
                    "metaName": "icon",
                    "metaType": "string",
                    "metaValue": "../icons/mjcg.png"
                },
                {
                    "metaName": "io_nodes",
                    "metadata": [
                        {
                            "metaName": "io_inodes",
                            "metadata": [
                                {
                                    "metaName": "input",
                                    "metadata": [
                                        {
                                            "metaName": "DisplayMode",
                                            "metaType": "string",
                                            "metaValue": "2"
                                        },
                                        {
                                            "metaName": "LayoutPos",
                                            "metaType": "string",
                                            "metaValue": "-759.583 -92.0512"
                                        },
                                        {
                                            "metaName": "io_ports",
                                            "metadata": [
                                                {
                                                    "metaName": "position"
                                                },
                                                {
                                                    "metaName": "line_start"
                                                },
                                                {
                                                    "metaName": "line_end"
                                                },
                                                {
                                                    "metaName": "proximity_method"
                                                }
                                            ]
                                        }
                                    ]
                                }
                            ]
                        },
                        {
                            "metaName": "io_onodes",
                            "metadata": [
                                {
                                    "metaName": "output",
                                    "metadata": [
                                        {
                                            "metaName": "DisplayMode",
                                            "metaType": "string",
                                            "metaValue": "2"
                                        },
                                        {
                                            "metaName": "LayoutPos",
                                            "metaType": "string",
                                            "metaValue": "618.163 -102.337"
                                        },
                                        {
                                            "metaName": "io_ports",
                                            "metadata": [
                                                {
                                                    "metaName": "distance"
                                                }
                                            ]
                                        }
                                    ]
                                }
                            ]
                        }
                    ]
                },
                {
                    "metaName": "_recentNode_",
                    "metaType": "string",
                    "metaValue": "BifrostGraph,Core::Math,length"
                },
                {
                    "metaName": "_recentNode_",
                    "metaType": "string",
                    "metaValue": "BifrostGraph,Core::Math,subtract"
                },
                {
                    "metaName": "_recentNode_",
                    "metaType": "string",
                    "metaValue": "BifrostGraph,Core::Math,linear_interpolate"
                },
                {
                    "metaName": "_recentNode_",
                    "metaType": "string",
                    "metaValue": "BifrostGraph,Core::Math,lerp"
                },
                {
                    "metaName": "_recentNode_",
                    "metaType": "string",
                    "metaValue": "BifrostGraph,MJCG::Core::Math,closest_point_to_line_ratio"
                },
                {
                    "metaName": "ViewportRect",
                    "metaType": "string",
                    "metaValue": "-790.461 -462.871 1448.57 869.656"
                },
                {
                    "metaName": "DisplayMode",
                    "metaType": "string",
                    "metaValue": "2"
                },
                {
                    "metaName": "LayoutPos",
                    "metaType": "string",
                    "metaValue": "-307.199 -71.0822"
                }
            ],
            "ports": [
                {
                    "portName": "position",
                    "portDirection": "input",
                    "portType": "Math::double2"
                },
                {
                    "portName": "line_start",
                    "portDirection": "input",
                    "portType": "Math::double2"
                },
                {
                    "portName": "line_end",
                    "portDirection": "input",
                    "portType": "Math::double2"
                },
                {
                    "portName": "proximity_method",
                    "portDirection": "input",
                    "portType": "MJCG::LineSegmentType",
                    "portDefault": "line"
                },
                {
                    "portName": "distance",
                    "portDirection": "output",
                    "portType": "double"
                }
            ],
            "compoundNodes": [
                {
                    "nodeName": "closest_point_to_line_ratio",
                    "nodeType": "MJCG::Core::Math::closest_point_to_line_ratio",
                    "metadata": [
                        {
                            "metaName": "DisplayMode",
                            "metaType": "string",
                            "metaValue": "2"
                        },
                        {
                            "metaName": "LayoutPos",
                            "metaType": "string",
                            "metaValue": "-433.916 121.093"
                        }
                    ]
                },
                {
                    "nodeName": "lerp",
                    "nodeType": "Core::Math::lerp",
                    "metadata": [
                        {
                            "metaName": "DisplayMode",
                            "metaType": "string",
                            "metaValue": "2"
                        },
                        {
                            "metaName": "LayoutPos",
                            "metaType": "string",
                            "metaValue": "-157.974 -9.27502"
                        }
                    ]
                },
                {
                    "nodeName": "subtract",
                    "nodeType": "Core::Math::subtract",
                    "multiInPortNames": [
                        "interpolated",
                        "position"
                    ],
                    "metadata": [
                        {
                            "metaName": "DisplayMode",
                            "metaType": "string",
                            "metaValue": "2"
                        },
                        {
                            "metaName": "LayoutPos",
                            "metaType": "string",
                            "metaValue": "106.039 -138.392"
                        }
                    ]
                },
                {
                    "nodeName": "length",
                    "nodeType": "Core::Math::length",
                    "metadata": [
                        {
                            "metaName": "DisplayMode",
                            "metaType": "string",
                            "metaValue": "2"
                        },
                        {
                            "metaName": "LayoutPos",
                            "metaType": "string",
                            "metaValue": "359.281 -102.357"
                        }
                    ]
                }
            ],
            "connections": [
                {
                    "source": ".proximity_method",
                    "target": "closest_point_to_line_ratio.proximity_method"
                },
                {
                    "source": "closest_point_to_line_ratio.ratio",
                    "target": "lerp.fraction"
                },
                {
                    "source": "subtract.output",
                    "target": "length.vector"
                },
                {
                    "source": "lerp.interpolated",
                    "target": "subtract.first.interpolated"
                },
                {
                    "source": "length.length",
                    "target": ".distance"
                },
                {
                    "source": ".position",
                    "target": "closest_point_to_line_ratio.position"
                },
                {
                    "source": ".position",
                    "target": "subtract.first.position"
                },
                {
                    "source": ".line_start",
                    "target": "closest_point_to_line_ratio.line_start"
                },
                {
                    "source": ".line_start",
                    "target": "lerp.first"
                },
                {
                    "source": ".line_end",
                    "target": "closest_point_to_line_ratio.line_end"
                },
                {
                    "source": ".line_end",
                    "target": "lerp.second"
                }
            ],
            "values": [
                {
                    "valueName": "closest_point_to_line_ratio.proximity_method",
                    "valueType": "MJCG::LineSegmentType",
                    "value": "line"
                }
            ],
            "reservedNodeNames": [
                {
                    "name": "input"
                },
                {
                    "name": "output"
                }
            ]
        }
    ]
}
