{
    "header": {
        "metadata": [
            {
                "metaName": "adskFileFormatVersion",
                "metaValue": "100L"
            }
        ]
    },
    "namespaces": [],
    "types": [],
    "compounds": [
        {
            "name": "MJCG::Core::Math::multiply_vector_by_matrix",
            "uriImported": "file:///multiply_vector_by_matrix.json",
            "metadata": [
                {
                    "metaName": "documentation",
                    "metaType": "string",
                    "metaValue": "../math/docs/multiply_vector_by_matrix.md"
                },
                {
                    "metaName": "icon",
                    "metaType": "string",
                    "metaValue": "../icons/mjcg.png"
                },
                {
                    "metaName": "io_nodes",
                    "metadata": [
                        {
                            "metaName": "io_inodes",
                            "metadata": [
                                {
                                    "metaName": "input",
                                    "metadata": [
                                        {
                                            "metaName": "io_ports",
                                            "metadata": [
                                                {
                                                    "metaName": "matrix"
                                                },
                                                {
                                                    "metaName": "vector"
                                                }
                                            ]
                                        },
                                        {
                                            "metaName": "io_metadata",
                                            "metadata": [
                                                {
                                                    "metaName": "DisplayMode",
                                                    "metaType": "string",
                                                    "metaValue": "2"
                                                },
                                                {
                                                    "metaName": "LayoutPos",
                                                    "metaType": "string",
                                                    "metaValue": "123.15 68.1395"
                                                }
                                            ]
                                        }
                                    ]
                                }
                            ]
                        },
                        {
                            "metaName": "io_onodes",
                            "metadata": [
                                {
                                    "metaName": "output",
                                    "metadata": [
                                        {
                                            "metaName": "io_ports",
                                            "metadata": [
                                                {
                                                    "metaName": "out_vector"
                                                }
                                            ]
                                        },
                                        {
                                            "metaName": "io_metadata",
                                            "metadata": [
                                                {
                                                    "metaName": "DisplayMode",
                                                    "metaType": "string",
                                                    "metaValue": "2"
                                                },
                                                {
                                                    "metaName": "LayoutPos",
                                                    "metaType": "string",
                                                    "metaValue": "1184.92 64.9396"
                                                }
                                            ]
                                        }
                                    ]
                                }
                            ]
                        }
                    ]
                },
                {
                    "metaName": "_recentNode_",
                    "metaType": "string",
                    "metaValue": "BifrostGraph,Core::Conversion,vector4_to_vector3"
                },
                {
                    "metaName": "_recentNode_",
                    "metaType": "string",
                    "metaValue": "BifrostGraph,Core::Conversion,vector3_to_vector4"
                },
                {
                    "metaName": "_recentNode_",
                    "metaType": "string",
                    "metaValue": "BifrostGraph,MJCG::Core::Math,multiply_vector_by_matrix"
                },
                {
                    "metaName": "_recentNode_",
                    "metaType": "string",
                    "metaValue": "BifrostGraph,MJCG::Core::Math,distance_to"
                },
                {
                    "metaName": "_recentNode_",
                    "metaType": "string",
                    "metaValue": "BifrostGraph,MJCG::Core::Math,arc_length"
                },
                {
                    "metaName": "ViewportRect",
                    "metaType": "string",
                    "metaValue": "126.039 -108.452 1258.94 743.205"
                }
            ],
            "isDefaultOverload": "true",
            "ports": [
                {
                    "portName": "vector",
                    "portDirection": "input",
                    "portType": "Math::float3"
                },
                {
                    "portName": "matrix",
                    "portDirection": "input",
                    "portType": "Math::float4x4"
                },
                {
                    "portName": "out_vector",
                    "portDirection": "output",
                    "portType": "Math::float3"
                }
            ],
            "compoundNodes": [
                {
                    "nodeName": "matrix_multiply1",
                    "nodeType": "Core::Math::matrix_multiply",
                    "multiInPortNames": [
                        "transform",
                        "output1"
                    ],
                    "metadata": [
                        {
                            "metaName": "DisplayMode",
                            "metaType": "string",
                            "metaValue": "2"
                        },
                        {
                            "metaName": "LayoutPos",
                            "metaType": "string",
                            "metaValue": "656.903 45.9356"
                        }
                    ]
                },
                {
                    "nodeName": "vector3_to_vector4",
                    "nodeType": "Core::Conversion::vector3_to_vector4",
                    "metadata": [
                        {
                            "metaName": "DisplayMode",
                            "metaType": "string",
                            "metaValue": "2"
                        },
                        {
                            "metaName": "LayoutPos",
                            "metaType": "string",
                            "metaValue": "388.104 161.515"
                        }
                    ]
                },
                {
                    "nodeName": "vector4_to_vector3",
                    "nodeType": "Core::Conversion::vector4_to_vector3",
                    "metadata": [
                        {
                            "metaName": "DisplayMode",
                            "metaType": "string",
                            "metaValue": "2"
                        },
                        {
                            "metaName": "LayoutPos",
                            "metaType": "string",
                            "metaValue": "923.88 63.6686"
                        }
                    ]
                }
            ],
            "connections": [
                {
                    "source": ".vector",
                    "target": "vector3_to_vector4.vector3"
                },
                {
                    "source": "matrix_multiply1.matrix",
                    "target": "vector4_to_vector3.vector4"
                },
                {
                    "source": "vector4_to_vector3.vector3",
                    "target": ".out_vector"
                },
                {
                    "source": ".matrix",
                    "target": "matrix_multiply1.first.transform"
                },
                {
                    "source": "vector3_to_vector4.vector4",
                    "target": "matrix_multiply1.first.output1"
                }
            ],
            "values": [
                {
                    "valueName": "vector3_to_vector4.w",
                    "valueType": "float",
                    "value": "1f"
                }
            ],
            "reservedNodeNames": [
                {
                    "name": "input"
                },
                {
                    "name": "output"
                }
            ]
        },
        {
            "name": "MJCG::Core::Math::multiply_vector_by_matrix",
            "uriImported": "file:///multiply_vector_by_matrix.json",
            "metadata": [
                {
                    "metaName": "documentation",
                    "metaType": "string",
                    "metaValue": "../math/docs/multiply_vector_by_matrix.md"
                },
                {
                    "metaName": "icon",
                    "metaType": "string",
                    "metaValue": "../icons/mjcg.png"
                },
                {
                    "metaName": "io_nodes",
                    "metadata": [
                        {
                            "metaName": "io_inodes",
                            "metadata": [
                                {
                                    "metaName": "input",
                                    "metadata": [
                                        {
                                            "metaName": "DisplayMode",
                                            "metaType": "string",
                                            "metaValue": "2"
                                        },
                                        {
                                            "metaName": "io_ports",
                                            "metadata": [
                                                {
                                                    "metaName": "matrix"
                                                },
                                                {
                                                    "metaName": "vector"
                                                }
                                            ]
                                        },
                                        {
                                            "metaName": "LayoutPos",
                                            "metaType": "string",
                                            "metaValue": "118.141 70.1431"
                                        }
                                    ]
                                }
                            ]
                        },
                        {
                            "metaName": "io_onodes",
                            "metadata": [
                                {
                                    "metaName": "output",
                                    "metadata": [
                                        {
                                            "metaName": "DisplayMode",
                                            "metaType": "string",
                                            "metaValue": "2"
                                        },
                                        {
                                            "metaName": "LayoutPos",
                                            "metaType": "string",
                                            "metaValue": "1184.92 64.9396"
                                        },
                                        {
                                            "metaName": "io_ports",
                                            "metadata": [
                                                {
                                                    "metaName": "out_vector"
                                                }
                                            ]
                                        }
                                    ]
                                }
                            ]
                        }
                    ]
                },
                {
                    "metaName": "_recentNode_",
                    "metaType": "string",
                    "metaValue": "BifrostGraph,Core::Conversion,vector4_to_vector3"
                },
                {
                    "metaName": "_recentNode_",
                    "metaType": "string",
                    "metaValue": "BifrostGraph,Core::Conversion,vector3_to_vector4"
                },
                {
                    "metaName": "_recentNode_",
                    "metaType": "string",
                    "metaValue": "BifrostGraph,MJCG::Core::Math,multiply_vector_by_matrix"
                },
                {
                    "metaName": "_recentNode_",
                    "metaType": "string",
                    "metaValue": "BifrostGraph,MJCG::Core::Math,distance_to"
                },
                {
                    "metaName": "_recentNode_",
                    "metaType": "string",
                    "metaValue": "BifrostGraph,MJCG::Core::Math,arc_length"
                },
                {
                    "metaName": "ViewportRect",
                    "metaType": "string",
                    "metaValue": "-135.896 -404.174 1660.99 1079.94"
                },
                {
                    "metaName": "DisplayMode",
                    "metaType": "string",
                    "metaValue": "2"
                },
                {
                    "metaName": "LayoutPos",
                    "metaType": "string",
                    "metaValue": "1167.77 404"
                }
            ],
            "ports": [
                {
                    "portName": "vector",
                    "portDirection": "input",
                    "portType": "Math::double3"
                },
                {
                    "portName": "matrix",
                    "portDirection": "input",
                    "portType": "Math::double4x4"
                },
                {
                    "portName": "out_vector",
                    "portDirection": "output",
                    "portType": "Math::double3"
                }
            ],
            "compoundNodes": [
                {
                    "nodeName": "matrix_multiply1",
                    "nodeType": "Core::Math::matrix_multiply",
                    "multiInPortNames": [
                        "transform",
                        "output1"
                    ],
                    "metadata": [
                        {
                            "metaName": "DisplayMode",
                            "metaType": "string",
                            "metaValue": "2"
                        },
                        {
                            "metaName": "LayoutPos",
                            "metaType": "string",
                            "metaValue": "656.903 45.9356"
                        }
                    ]
                },
                {
                    "nodeName": "vector3_to_vector4",
                    "nodeType": "Core::Conversion::vector3_to_vector4",
                    "metadata": [
                        {
                            "metaName": "DisplayMode",
                            "metaType": "string",
                            "metaValue": "2"
                        },
                        {
                            "metaName": "LayoutPos",
                            "metaType": "string",
                            "metaValue": "388.104 161.515"
                        }
                    ]
                },
                {
                    "nodeName": "vector4_to_vector3",
                    "nodeType": "Core::Conversion::vector4_to_vector3",
                    "metadata": [
                        {
                            "metaName": "DisplayMode",
                            "metaType": "string",
                            "metaValue": "2"
                        },
                        {
                            "metaName": "LayoutPos",
                            "metaType": "string",
                            "metaValue": "923.88 63.6686"
                        }
                    ]
                }
            ],
            "connections": [
                {
                    "source": "matrix_multiply1.matrix",
                    "target": "vector4_to_vector3.vector4"
                },
                {
                    "source": "vector3_to_vector4.vector4",
                    "target": "matrix_multiply1.first.output1"
                },
                {
                    "source": ".vector",
                    "target": "vector3_to_vector4.vector3"
                },
                {
                    "source": "vector4_to_vector3.vector3",
                    "target": ".out_vector"
                },
                {
                    "source": ".matrix",
                    "target": "matrix_multiply1.first.transform"
                }
            ],
            "values": [
                {
                    "valueName": "vector3_to_vector4.w",
                    "valueType": "float",
                    "value": "1f"
                }
            ],
            "reservedNodeNames": [
                {
                    "name": "input"
                },
                {
                    "name": "output"
                }
            ]
        },
        {
            "name": "MJCG::Core::Math::multiply_vector_by_matrix",
            "uriImported": "file:///multiply_vector_by_matrix.json",
            "metadata": [
                {
                    "metaName": "documentation",
                    "metaType": "string",
                    "metaValue": "../math/docs/multiply_vector_by_matrix.md"
                },
                {
                    "metaName": "icon",
                    "metaType": "string",
                    "metaValue": "../icons/mjcg.png"
                },
                {
                    "metaName": "io_nodes",
                    "metadata": [
                        {
                            "metaName": "io_inodes",
                            "metadata": [
                                {
                                    "metaName": "input",
                                    "metadata": [
                                        {
                                            "metaName": "DisplayMode",
                                            "metaType": "string",
                                            "metaValue": "2"
                                        },
                                        {
                                            "metaName": "io_ports",
                                            "metadata": [
                                                {
                                                    "metaName": "matrix"
                                                },
                                                {
                                                    "metaName": "vector"
                                                }
                                            ]
                                        },
                                        {
                                            "metaName": "LayoutPos",
                                            "metaType": "string",
                                            "metaValue": "118.141 70.1431"
                                        }
                                    ]
                                }
                            ]
                        },
                        {
                            "metaName": "io_onodes",
                            "metadata": [
                                {
                                    "metaName": "output",
                                    "metadata": [
                                        {
                                            "metaName": "DisplayMode",
                                            "metaType": "string",
                                            "metaValue": "2"
                                        },
                                        {
                                            "metaName": "io_ports",
                                            "metadata": [
                                                {
                                                    "metaName": "out_vector"
                                                }
                                            ]
                                        },
                                        {
                                            "metaName": "LayoutPos",
                                            "metaType": "string",
                                            "metaValue": "918.251 83.5878"
                                        }
                                    ]
                                }
                            ]
                        }
                    ]
                },
                {
                    "metaName": "_recentNode_",
                    "metaType": "string",
                    "metaValue": "BifrostGraph,Core::Conversion,vector2_to_scalar"
                },
                {
                    "metaName": "_recentNode_",
                    "metaType": "string",
                    "metaValue": "BifrostGraph,Core::Conversion,vector4_to_vector3"
                },
                {
                    "metaName": "_recentNode_",
                    "metaType": "string",
                    "metaValue": "BifrostGraph,Core::Conversion,vector3_to_vector4"
                },
                {
                    "metaName": "_recentNode_",
                    "metaType": "string",
                    "metaValue": "BifrostGraph,MJCG::Core::Math,multiply_vector_by_matrix"
                },
                {
                    "metaName": "_recentNode_",
                    "metaType": "string",
                    "metaValue": "BifrostGraph,MJCG::Core::Math,distance_to"
                },
                {
                    "metaName": "ViewportRect",
                    "metaType": "string",
                    "metaValue": "344.623 -156.954 1030.62 670.091"
                },
                {
                    "metaName": "DisplayMode",
                    "metaType": "string",
                    "metaValue": "2"
                },
                {
                    "metaName": "LayoutPos",
                    "metaType": "string",
                    "metaValue": "940.118 409.67"
                }
            ],
            "ports": [
                {
                    "portName": "vector",
                    "portDirection": "input",
                    "portType": "Math::float4"
                },
                {
                    "portName": "matrix",
                    "portDirection": "input",
                    "portType": "Math::float4x4"
                },
                {
                    "portName": "out_vector",
                    "portDirection": "output",
                    "portType": "Math::float4"
                }
            ],
            "compoundNodes": [
                {
                    "nodeName": "matrix_multiply1",
                    "nodeType": "Core::Math::matrix_multiply",
                    "multiInPortNames": [
                        "transform",
                        "output1"
                    ],
                    "metadata": [
                        {
                            "metaName": "DisplayMode",
                            "metaType": "string",
                            "metaValue": "2"
                        },
                        {
                            "metaName": "LayoutPos",
                            "metaType": "string",
                            "metaValue": "656.903 45.9356"
                        }
                    ]
                }
            ],
            "connections": [
                {
                    "source": ".vector",
                    "target": "matrix_multiply1.first.output1"
                },
                {
                    "source": "matrix_multiply1.matrix",
                    "target": ".out_vector"
                },
                {
                    "source": ".matrix",
                    "target": "matrix_multiply1.first.transform"
                }
            ],
            "values": [],
            "reservedNodeNames": [
                {
                    "name": "input"
                },
                {
                    "name": "output"
                }
            ]
        },
        {
            "name": "MJCG::Core::Math::multiply_vector_by_matrix",
            "uriImported": "file:///multiply_vector_by_matrix.json",
            "metadata": [
                {
                    "metaName": "documentation",
                    "metaType": "string",
                    "metaValue": "../math/docs/multiply_vector_by_matrix.md"
                },
                {
                    "metaName": "icon",
                    "metaType": "string",
                    "metaValue": "../icons/mjcg.png"
                },
                {
                    "metaName": "io_nodes",
                    "metadata": [
                        {
                            "metaName": "io_inodes",
                            "metadata": [
                                {
                                    "metaName": "input",
                                    "metadata": [
                                        {
                                            "metaName": "DisplayMode",
                                            "metaType": "string",
                                            "metaValue": "2"
                                        },
                                        {
                                            "metaName": "io_ports",
                                            "metadata": [
                                                {
                                                    "metaName": "matrix"
                                                },
                                                {
                                                    "metaName": "vector"
                                                }
                                            ]
                                        },
                                        {
                                            "metaName": "LayoutPos",
                                            "metaType": "string",
                                            "metaValue": "118.141 70.1431"
                                        }
                                    ]
                                }
                            ]
                        },
                        {
                            "metaName": "io_onodes",
                            "metadata": [
                                {
                                    "metaName": "output",
                                    "metadata": [
                                        {
                                            "metaName": "DisplayMode",
                                            "metaType": "string",
                                            "metaValue": "2"
                                        },
                                        {
                                            "metaName": "io_ports",
                                            "metadata": [
                                                {
                                                    "metaName": "out_vector"
                                                }
                                            ]
                                        },
                                        {
                                            "metaName": "LayoutPos",
                                            "metaType": "string",
                                            "metaValue": "918.251 83.5878"
                                        }
                                    ]
                                }
                            ]
                        }
                    ]
                },
                {
                    "metaName": "_recentNode_",
                    "metaType": "string",
                    "metaValue": "BifrostGraph,Core::Conversion,vector2_to_scalar"
                },
                {
                    "metaName": "_recentNode_",
                    "metaType": "string",
                    "metaValue": "BifrostGraph,Core::Conversion,vector4_to_vector3"
                },
                {
                    "metaName": "_recentNode_",
                    "metaType": "string",
                    "metaValue": "BifrostGraph,Core::Conversion,vector3_to_vector4"
                },
                {
                    "metaName": "_recentNode_",
                    "metaType": "string",
                    "metaValue": "BifrostGraph,MJCG::Core::Math,multiply_vector_by_matrix"
                },
                {
                    "metaName": "_recentNode_",
                    "metaType": "string",
                    "metaValue": "BifrostGraph,MJCG::Core::Math,distance_to"
                },
                {
                    "metaName": "ViewportRect",
                    "metaType": "string",
                    "metaValue": "344.623 -156.954 1030.62 670.091"
                },
                {
                    "metaName": "DisplayMode",
                    "metaType": "string",
                    "metaValue": "2"
                },
                {
                    "metaName": "LayoutPos",
                    "metaType": "string",
                    "metaValue": "940.118 409.67"
                }
            ],
            "ports": [
                {
                    "portName": "vector",
                    "portDirection": "input",
                    "portType": "Math::double4"
                },
                {
                    "portName": "matrix",
                    "portDirection": "input",
                    "portType": "Math::double4x4"
                },
                {
                    "portName": "out_vector",
                    "portDirection": "output",
                    "portType": "Math::double4"
                }
            ],
            "compoundNodes": [
                {
                    "nodeName": "matrix_multiply1",
                    "nodeType": "Core::Math::matrix_multiply",
                    "multiInPortNames": [
                        "transform",
                        "output1"
                    ],
                    "metadata": [
                        {
                            "metaName": "DisplayMode",
                            "metaType": "string",
                            "metaValue": "2"
                        },
                        {
                            "metaName": "LayoutPos",
                            "metaType": "string",
                            "metaValue": "656.903 45.9356"
                        }
                    ]
                }
            ],
            "connections": [
                {
                    "source": ".vector",
                    "target": "matrix_multiply1.first.output1"
                },
                {
                    "source": "matrix_multiply1.matrix",
                    "target": ".out_vector"
                },
                {
                    "source": ".matrix",
                    "target": "matrix_multiply1.first.transform"
                }
            ],
            "values": [],
            "reservedNodeNames": [
                {
                    "name": "input"
                },
                {
                    "name": "output"
                }
            ]
        },
        {
            "name": "MJCG::Core::Math::multiply_vector_by_matrix",
            "uriImported": "file:///multiply_vector_by_matrix.json",
            "metadata": [
                {
                    "metaName": "documentation",
                    "metaType": "string",
                    "metaValue": "../math/docs/multiply_vector_by_matrix.md"
                },
                {
                    "metaName": "icon",
                    "metaType": "string",
                    "metaValue": "../icons/mjcg.png"
                },
                {
                    "metaName": "io_nodes",
                    "metadata": [
                        {
                            "metaName": "io_inodes",
                            "metadata": [
                                {
                                    "metaName": "input",
                                    "metadata": [
                                        {
                                            "metaName": "DisplayMode",
                                            "metaType": "string",
                                            "metaValue": "2"
                                        },
                                        {
                                            "metaName": "io_ports",
                                            "metadata": [
                                                {
                                                    "metaName": "matrix"
                                                },
                                                {
                                                    "metaName": "vector"
                                                }
                                            ]
                                        },
                                        {
                                            "metaName": "LayoutPos",
                                            "metaType": "string",
                                            "metaValue": "-182.6 69.7683"
                                        }
                                    ]
                                }
                            ]
                        },
                        {
                            "metaName": "io_onodes",
                            "metadata": [
                                {
                                    "metaName": "output",
                                    "metadata": [
                                        {
                                            "metaName": "DisplayMode",
                                            "metaType": "string",
                                            "metaValue": "2"
                                        },
                                        {
                                            "metaName": "io_ports",
                                            "metadata": [
                                                {
                                                    "metaName": "out_vector"
                                                }
                                            ]
                                        },
                                        {
                                            "metaName": "LayoutPos",
                                            "metaType": "string",
                                            "metaValue": "1413.67 63.9349"
                                        }
                                    ]
                                }
                            ]
                        }
                    ]
                },
                {
                    "metaName": "_recentNode_",
                    "metaType": "string",
                    "metaValue": "BifrostGraph,Core::Conversion,scalar_to_vector2"
                },
                {
                    "metaName": "_recentNode_",
                    "metaType": "string",
                    "metaValue": "BifrostGraph,Core::Conversion,vector4_to_scalar"
                },
                {
                    "metaName": "_recentNode_",
                    "metaType": "string",
                    "metaValue": "BifrostGraph,Core::Conversion,scalar_to_vector4"
                },
                {
                    "metaName": "_recentNode_",
                    "metaType": "string",
                    "metaValue": "BifrostGraph,Core::Conversion,vector2_to_scalar"
                },
                {
                    "metaName": "_recentNode_",
                    "metaType": "string",
                    "metaValue": "BifrostGraph,Core::Conversion,vector3_to_scalar"
                },
                {
                    "metaName": "ViewportRect",
                    "metaType": "string",
                    "metaValue": "669.95 -250.167 1155.2 751.089"
                },
                {
                    "metaName": "DisplayMode",
                    "metaType": "string",
                    "metaValue": "2"
                },
                {
                    "metaName": "LayoutPos",
                    "metaType": "string",
                    "metaValue": "940.118 409.67"
                }
            ],
            "ports": [
                {
                    "portName": "vector",
                    "portDirection": "input",
                    "portType": "Math::double2"
                },
                {
                    "portName": "matrix",
                    "portDirection": "input",
                    "portType": "Math::double4x4"
                },
                {
                    "portName": "out_vector",
                    "portDirection": "output",
                    "portType": "Math::double2"
                }
            ],
            "compoundNodes": [
                {
                    "nodeName": "matrix_multiply1",
                    "nodeType": "Core::Math::matrix_multiply",
                    "multiInPortNames": [
                        "transform",
                        "output1"
                    ],
                    "metadata": [
                        {
                            "metaName": "DisplayMode",
                            "metaType": "string",
                            "metaValue": "2"
                        },
                        {
                            "metaName": "LayoutPos",
                            "metaType": "string",
                            "metaValue": "632.669 51.4941"
                        }
                    ]
                },
                {
                    "nodeName": "vector2_to_scalar",
                    "nodeType": "Core::Conversion::vector2_to_scalar",
                    "metadata": [
                        {
                            "metaName": "DisplayMode",
                            "metaType": "string",
                            "metaValue": "2"
                        },
                        {
                            "metaName": "LayoutPos",
                            "metaType": "string",
                            "metaValue": "104.022 171.767"
                        }
                    ]
                },
                {
                    "nodeName": "scalar_to_vector4",
                    "nodeType": "Core::Conversion::scalar_to_vector4",
                    "metadata": [
                        {
                            "metaName": "DisplayMode",
                            "metaType": "string",
                            "metaValue": "2"
                        },
                        {
                            "metaName": "LayoutPos",
                            "metaType": "string",
                            "metaValue": "379.528 207.28"
                        }
                    ]
                },
                {
                    "nodeName": "vector4_to_scalar",
                    "nodeType": "Core::Conversion::vector4_to_scalar",
                    "metadata": [
                        {
                            "metaName": "DisplayMode",
                            "metaType": "string",
                            "metaValue": "2"
                        },
                        {
                            "metaName": "LayoutPos",
                            "metaType": "string",
                            "metaValue": "887.454 45.5355"
                        }
                    ]
                },
                {
                    "nodeName": "scalar_to_vector2",
                    "nodeType": "Core::Conversion::scalar_to_vector2",
                    "metadata": [
                        {
                            "metaName": "DisplayMode",
                            "metaType": "string",
                            "metaValue": "2"
                        },
                        {
                            "metaName": "LayoutPos",
                            "metaType": "string",
                            "metaValue": "1159.8 47.0065"
                        }
                    ]
                },
                {
                    "nodeName": "value",
                    "valueType": "float",
                    "metadata": [
                        {
                            "metaName": "valuenode_defaultvalue",
                            "metaType": "string",
                            "metaValue": "0"
                        },
                        {
                            "metaName": "DisplayMode",
                            "metaType": "string",
                            "metaValue": "2"
                        },
                        {
                            "metaName": "LayoutPos",
                            "metaType": "string",
                            "metaValue": "108.848 363.413"
                        }
                    ]
                }
            ],
            "connections": [
                {
                    "source": ".matrix",
                    "target": "matrix_multiply1.first.transform"
                },
                {
                    "source": "vector4_to_scalar.x",
                    "target": "scalar_to_vector2.x"
                },
                {
                    "source": "vector4_to_scalar.y",
                    "target": "scalar_to_vector2.y"
                },
                {
                    "source": "scalar_to_vector4.vector4",
                    "target": "matrix_multiply1.first.output1"
                },
                {
                    "source": "matrix_multiply1.matrix",
                    "target": "vector4_to_scalar.vector4"
                },
                {
                    "source": "vector2_to_scalar.y",
                    "target": "scalar_to_vector4.y"
                },
                {
                    "source": "vector2_to_scalar.x",
                    "target": "scalar_to_vector4.x"
                },
                {
                    "source": "value.output",
                    "target": "scalar_to_vector4.z"
                },
                {
                    "source": "value.output",
                    "target": "scalar_to_vector4.w"
                },
                {
                    "source": ".vector",
                    "target": "vector2_to_scalar.vector2"
                },
                {
                    "source": "scalar_to_vector2.vector2",
                    "target": ".out_vector"
                }
            ],
            "values": [
                {
                    "valueName": "value.value",
                    "valueType": "float",
                    "value": "1f"
                }
            ],
            "reservedNodeNames": [
                {
                    "name": "input"
                },
                {
                    "name": "output"
                }
            ]
        },
        {
            "name": "MJCG::Core::Math::multiply_vector_by_matrix",
            "uriImported": "file:///multiply_vector_by_matrix.json",
            "metadata": [
                {
                    "metaName": "documentation",
                    "metaType": "string",
                    "metaValue": "../math/docs/multiply_vector_by_matrix.md"
                },
                {
                    "metaName": "icon",
                    "metaType": "string",
                    "metaValue": "../icons/mjcg.png"
                },
                {
                    "metaName": "io_nodes",
                    "metadata": [
                        {
                            "metaName": "io_inodes",
                            "metadata": [
                                {
                                    "metaName": "input",
                                    "metadata": [
                                        {
                                            "metaName": "DisplayMode",
                                            "metaType": "string",
                                            "metaValue": "2"
                                        },
                                        {
                                            "metaName": "io_ports",
                                            "metadata": [
                                                {
                                                    "metaName": "matrix"
                                                },
                                                {
                                                    "metaName": "vector"
                                                }
                                            ]
                                        },
                                        {
                                            "metaName": "LayoutPos",
                                            "metaType": "string",
                                            "metaValue": "-182.6 69.7683"
                                        }
                                    ]
                                }
                            ]
                        },
                        {
                            "metaName": "io_onodes",
                            "metadata": [
                                {
                                    "metaName": "output",
                                    "metadata": [
                                        {
                                            "metaName": "DisplayMode",
                                            "metaType": "string",
                                            "metaValue": "2"
                                        },
                                        {
                                            "metaName": "io_ports",
                                            "metadata": [
                                                {
                                                    "metaName": "out_vector"
                                                }
                                            ]
                                        },
                                        {
                                            "metaName": "LayoutPos",
                                            "metaType": "string",
                                            "metaValue": "1413.67 63.9349"
                                        }
                                    ]
                                }
                            ]
                        }
                    ]
                },
                {
                    "metaName": "_recentNode_",
                    "metaType": "string",
                    "metaValue": "BifrostGraph,Core::Conversion,scalar_to_vector2"
                },
                {
                    "metaName": "_recentNode_",
                    "metaType": "string",
                    "metaValue": "BifrostGraph,Core::Conversion,vector4_to_scalar"
                },
                {
                    "metaName": "_recentNode_",
                    "metaType": "string",
                    "metaValue": "BifrostGraph,Core::Conversion,scalar_to_vector4"
                },
                {
                    "metaName": "_recentNode_",
                    "metaType": "string",
                    "metaValue": "BifrostGraph,Core::Conversion,vector2_to_scalar"
                },
                {
                    "metaName": "_recentNode_",
                    "metaType": "string",
                    "metaValue": "BifrostGraph,Core::Conversion,vector3_to_scalar"
                },
                {
                    "metaName": "ViewportRect",
                    "metaType": "string",
                    "metaValue": "669.95 -250.167 1155.2 751.089"
                },
                {
                    "metaName": "DisplayMode",
                    "metaType": "string",
                    "metaValue": "2"
                },
                {
                    "metaName": "LayoutPos",
                    "metaType": "string",
                    "metaValue": "940.118 409.67"
                }
            ],
            "ports": [
                {
                    "portName": "vector",
                    "portDirection": "input",
                    "portType": "Math::float2"
                },
                {
                    "portName": "matrix",
                    "portDirection": "input",
                    "portType": "Math::float4x4"
                },
                {
                    "portName": "out_vector",
                    "portDirection": "output",
                    "portType": "Math::float2"
                }
            ],
            "compoundNodes": [
                {
                    "nodeName": "matrix_multiply1",
                    "nodeType": "Core::Math::matrix_multiply",
                    "multiInPortNames": [
                        "transform",
                        "output1"
                    ],
                    "metadata": [
                        {
                            "metaName": "DisplayMode",
                            "metaType": "string",
                            "metaValue": "2"
                        },
                        {
                            "metaName": "LayoutPos",
                            "metaType": "string",
                            "metaValue": "632.669 51.4941"
                        }
                    ]
                },
                {
                    "nodeName": "vector2_to_scalar",
                    "nodeType": "Core::Conversion::vector2_to_scalar",
                    "metadata": [
                        {
                            "metaName": "DisplayMode",
                            "metaType": "string",
                            "metaValue": "2"
                        },
                        {
                            "metaName": "LayoutPos",
                            "metaType": "string",
                            "metaValue": "104.022 171.767"
                        }
                    ]
                },
                {
                    "nodeName": "scalar_to_vector4",
                    "nodeType": "Core::Conversion::scalar_to_vector4",
                    "metadata": [
                        {
                            "metaName": "DisplayMode",
                            "metaType": "string",
                            "metaValue": "2"
                        },
                        {
                            "metaName": "LayoutPos",
                            "metaType": "string",
                            "metaValue": "379.528 207.28"
                        }
                    ]
                },
                {
                    "nodeName": "vector4_to_scalar",
                    "nodeType": "Core::Conversion::vector4_to_scalar",
                    "metadata": [
                        {
                            "metaName": "DisplayMode",
                            "metaType": "string",
                            "metaValue": "2"
                        },
                        {
                            "metaName": "LayoutPos",
                            "metaType": "string",
                            "metaValue": "887.454 45.5355"
                        }
                    ]
                },
                {
                    "nodeName": "scalar_to_vector2",
                    "nodeType": "Core::Conversion::scalar_to_vector2",
                    "metadata": [
                        {
                            "metaName": "DisplayMode",
                            "metaType": "string",
                            "metaValue": "2"
                        },
                        {
                            "metaName": "LayoutPos",
                            "metaType": "string",
                            "metaValue": "1159.8 47.0065"
                        }
                    ]
                },
                {
                    "nodeName": "value",
                    "valueType": "float",
                    "metadata": [
                        {
                            "metaName": "valuenode_defaultvalue",
                            "metaType": "string",
                            "metaValue": "0"
                        },
                        {
                            "metaName": "DisplayMode",
                            "metaType": "string",
                            "metaValue": "2"
                        },
                        {
                            "metaName": "LayoutPos",
                            "metaType": "string",
                            "metaValue": "108.848 363.413"
                        }
                    ]
                }
            ],
            "connections": [
                {
                    "source": "vector4_to_scalar.x",
                    "target": "scalar_to_vector2.x"
                },
                {
                    "source": "vector4_to_scalar.y",
                    "target": "scalar_to_vector2.y"
                },
                {
                    "source": "scalar_to_vector4.vector4",
                    "target": "matrix_multiply1.first.output1"
                },
                {
                    "source": "matrix_multiply1.matrix",
                    "target": "vector4_to_scalar.vector4"
                },
                {
                    "source": "vector2_to_scalar.y",
                    "target": "scalar_to_vector4.y"
                },
                {
                    "source": "vector2_to_scalar.x",
                    "target": "scalar_to_vector4.x"
                },
                {
                    "source": "value.output",
                    "target": "scalar_to_vector4.z"
                },
                {
                    "source": "value.output",
                    "target": "scalar_to_vector4.w"
                },
                {
                    "source": ".vector",
                    "target": "vector2_to_scalar.vector2"
                },
                {
                    "source": "scalar_to_vector2.vector2",
                    "target": ".out_vector"
                },
                {
                    "source": ".matrix",
                    "target": "matrix_multiply1.first.transform"
                }
            ],
            "values": [
                {
                    "valueName": "value.value",
                    "valueType": "float",
                    "value": "1f"
                }
            ],
            "reservedNodeNames": [
                {
                    "name": "input"
                },
                {
                    "name": "output"
                }
            ]
        }
    ]
}
