{
    "header": {
        "metadata": [
            {
                "metaName": "adskFileFormatVersion",
                "metaValue": "100L"
            }
        ]
    },
    "dependencies": [
        {
            "uri": "file:///Math_types.json"
        },
        {
            "uri": "file:///Math_long.json"
        },
        {
            "uri": "file:///Math_float.json"
        },
        {
            "uri": "file:///Math_double.json"
        },
        {
            "uri": "file:///Math_char.json"
        },
        {
            "uri": "file:///Math_int.json"
        },
        {
            "uri": "file:///Math_short.json"
        },
        {
            "uri": "file:///Math_uchar.json"
        },
        {
            "uri": "file:///Math_uint.json"
        },
        {
            "uri": "file:///Math_ulong.json"
        },
        {
            "uri": "file:///Math_ushort.json"
        },
        {
            "uri": "file:///Math_constants.json"
        },
        {
            "uri": "file:///change_range.json"
        }
    ],
    "namespaces": [],
    "types": [],
    "compounds": [
        {
            "name": "MJCG::Core::Math::oscillator",
            "uriImported": "file:///oscillator.json",
            "metadata": [
                {
                    "metaName": "documentation",
                    "metaType": "string",
                    "metaValue": "../math/docs/oscillator.md"
                },
                {
                    "metaName": "icon",
                    "metaType": "string",
                    "metaValue": "../icons/mjcg.png"
                },
                {
                    "metaName": "type",
                    "metaType": "string",
                    "metaValue": "backdrop"
                },
                {
                    "metaName": "type",
                    "metaType": "string",
                    "metaValue": "backdrop"
                },
                {
                    "metaName": "type",
                    "metaType": "string",
                    "metaValue": "backdrop"
                },
                {
                    "metaName": "type",
                    "metaType": "string",
                    "metaValue": "backdrop"
                },
                {
                    "metaName": "type",
                    "metaType": "string",
                    "metaValue": "backdrop"
                },
                {
                    "metaName": "type",
                    "metaType": "string",
                    "metaValue": "backdrop"
                },
                {
                    "metaName": "type",
                    "metaType": "string",
                    "metaValue": "backdrop"
                },
                {
                    "metaName": "type",
                    "metaType": "string",
                    "metaValue": "backdrop"
                },
                {
                    "metaName": "type",
                    "metaType": "string",
                    "metaValue": "backdrop"
                },
                {
                    "metaName": "type",
                    "metaType": "string",
                    "metaValue": "backdrop"
                },
                {
                    "metaName": "text",
                    "metaType": "string",
                    "metaValue": "Frequency\n"
                },
                {
                    "metaName": "text",
                    "metaType": "string",
                    "metaValue": "Shift phase"
                },
                {
                    "metaName": "text",
                    "metaType": "string",
                    "metaValue": "Sin magnetude"
                },
                {
                    "metaName": "text",
                    "metaType": "string",
                    "metaValue": "Cos magnetude"
                },
                {
                    "metaName": "coords",
                    "metaType": "string",
                    "metaValue": "-815.9 854.175 564.157 354.65"
                },
                {
                    "metaName": "coords",
                    "metaType": "string",
                    "metaValue": "-200.877 982.654 600.023 337.662"
                },
                {
                    "metaName": "coords",
                    "metaType": "string",
                    "metaValue": "765.656 1022.05 275.979 271.286"
                },
                {
                    "metaName": "coords",
                    "metaType": "string",
                    "metaValue": "765.543 700.275 275.979 271.286"
                },
                {
                    "metaName": "type",
                    "metaType": "string",
                    "metaValue": "backdrop"
                },
                {
                    "metaName": "type",
                    "metaType": "string",
                    "metaValue": "backdrop"
                },
                {
                    "metaName": "type",
                    "metaType": "string",
                    "metaValue": "backdrop"
                },
                {
                    "metaName": "text",
                    "metaType": "string",
                    "metaValue": "Frequency\n"
                },
                {
                    "metaName": "coords",
                    "metaType": "string",
                    "metaValue": "-815.9 854.175 564.157 354.65"
                },
                {
                    "metaName": "type",
                    "metaType": "string",
                    "metaValue": "backdrop"
                },
                {
                    "metaName": "type",
                    "metaType": "string",
                    "metaValue": "backdrop"
                },
                {
                    "metaName": "type",
                    "metaType": "string",
                    "metaValue": "backdrop"
                },
                {
                    "metaName": "type",
                    "metaType": "string",
                    "metaValue": "backdrop"
                },
                {
                    "metaName": "text",
                    "metaType": "string",
                    "metaValue": "Shift phase"
                },
                {
                    "metaName": "coords",
                    "metaType": "string",
                    "metaValue": "-200.877 982.654 600.023 337.662"
                },
                {
                    "metaName": "type",
                    "metaType": "string",
                    "metaValue": "backdrop"
                },
                {
                    "metaName": "type",
                    "metaType": "string",
                    "metaValue": "backdrop"
                },
                {
                    "metaName": "type",
                    "metaType": "string",
                    "metaValue": "backdrop"
                },
                {
                    "metaName": "text",
                    "metaType": "string",
                    "metaValue": "Sin magnetude"
                },
                {
                    "metaName": "coords",
                    "metaType": "string",
                    "metaValue": "765.656 1022.05 275.979 271.286"
                },
                {
                    "metaName": "type",
                    "metaType": "string",
                    "metaValue": "backdrop"
                },
                {
                    "metaName": "type",
                    "metaType": "string",
                    "metaValue": "backdrop"
                },
                {
                    "metaName": "type",
                    "metaType": "string",
                    "metaValue": "backdrop"
                },
                {
                    "metaName": "type",
                    "metaType": "string",
                    "metaValue": "backdrop"
                },
                {
                    "metaName": "text",
                    "metaType": "string",
                    "metaValue": "Cos magnetude"
                },
                {
                    "metaName": "coords",
                    "metaType": "string",
                    "metaValue": "765.543 700.275 275.979 271.286"
                },
                {
                    "metaName": "type",
                    "metaType": "string",
                    "metaValue": "backdrop"
                },
                {
                    "metaName": "text",
                    "metaType": "string",
                    "metaValue": "input values between 0 and 1, with a frequency of 1 will return a full wave cycle"
                },
                {
                    "metaName": "coords",
                    "metaType": "string",
                    "metaValue": "-735.507 762.352 434.875 45.6327"
                },
                {
                    "metaName": "io_nodes",
                    "metadata": [
                        {
                            "metaName": "io_inodes",
                            "metadata": [
                                {
                                    "metaName": "_1",
                                    "metadata": [
                                        {
                                            "metaName": "DisplayMode",
                                            "metaType": "string",
                                            "metaValue": "2"
                                        },
                                        {
                                            "metaName": "io_ports",
                                            "metadata": [
                                                {
                                                    "metaName": "value"
                                                },
                                                {
                                                    "metaName": "frequency"
                                                }
                                            ]
                                        },
                                        {
                                            "metaName": "LayoutPos",
                                            "metaType": "string",
                                            "metaValue": "-987.829 1000.05"
                                        }
                                    ]
                                },
                                {
                                    "metaName": "input",
                                    "metadata": [
                                        {
                                            "metaName": "DisplayMode",
                                            "metaType": "string",
                                            "metaValue": "2"
                                        },
                                        {
                                            "metaName": "io_ports",
                                            "metadata": [
                                                {
                                                    "metaName": "phase"
                                                }
                                            ]
                                        },
                                        {
                                            "metaName": "LayoutPos",
                                            "metaType": "string",
                                            "metaValue": "-388.066 1161.57"
                                        }
                                    ]
                                },
                                {
                                    "metaName": "input1",
                                    "metadata": [
                                        {
                                            "metaName": "DisplayMode",
                                            "metaType": "string",
                                            "metaValue": "2"
                                        },
                                        {
                                            "metaName": "io_ports",
                                            "metadata": [
                                                {
                                                    "metaName": "magnetude"
                                                }
                                            ]
                                        },
                                        {
                                            "metaName": "LayoutPos",
                                            "metaType": "string",
                                            "metaValue": "159.118 726.414"
                                        }
                                    ]
                                }
                            ]
                        },
                        {
                            "metaName": "io_onodes",
                            "metadata": [
                                {
                                    "metaName": "output1",
                                    "metadata": [
                                        {
                                            "metaName": "DisplayMode",
                                            "metaType": "string",
                                            "metaValue": "2"
                                        },
                                        {
                                            "metaName": "io_ports",
                                            "metadata": [
                                                {
                                                    "metaName": "cosine_wave"
                                                }
                                            ]
                                        },
                                        {
                                            "metaName": "LayoutPos",
                                            "metaType": "string",
                                            "metaValue": "1122.86 735.622"
                                        }
                                    ]
                                },
                                {
                                    "metaName": "output",
                                    "metadata": [
                                        {
                                            "metaName": "DisplayMode",
                                            "metaType": "string",
                                            "metaValue": "2"
                                        },
                                        {
                                            "metaName": "io_ports",
                                            "metadata": [
                                                {
                                                    "metaName": "sine_wave"
                                                }
                                            ]
                                        },
                                        {
                                            "metaName": "LayoutPos",
                                            "metaType": "string",
                                            "metaValue": "1122 1068.38"
                                        }
                                    ]
                                }
                            ]
                        }
                    ]
                },
                {
                    "metaName": "backdrop",
                    "metadata": [
                        {
                            "metaName": "type",
                            "metaType": "string",
                            "metaValue": "backdrop"
                        },
                        {
                            "metaName": "type",
                            "metaType": "string",
                            "metaValue": "backdrop"
                        },
                        {
                            "metaName": "type",
                            "metaType": "string",
                            "metaValue": "backdrop"
                        },
                        {
                            "metaName": "type",
                            "metaType": "string",
                            "metaValue": "backdrop"
                        },
                        {
                            "metaName": "type",
                            "metaType": "string",
                            "metaValue": "backdrop"
                        },
                        {
                            "metaName": "type",
                            "metaType": "string",
                            "metaValue": "backdrop"
                        },
                        {
                            "metaName": "text",
                            "metaType": "string",
                            "metaValue": "Cycle Length"
                        },
                        {
                            "metaName": "color",
                            "metaType": "string",
                            "metaValue": "#6d5050"
                        },
                        {
                            "metaName": "coords",
                            "metaType": "string",
                            "metaValue": "-1525.6 1163.59 527.88 439.713"
                        }
                    ]
                },
                {
                    "metaName": "backdrop1",
                    "metadata": [
                        {
                            "metaName": "type",
                            "metaType": "string",
                            "metaValue": "backdrop"
                        },
                        {
                            "metaName": "type",
                            "metaType": "string",
                            "metaValue": "backdrop"
                        },
                        {
                            "metaName": "type",
                            "metaType": "string",
                            "metaValue": "backdrop"
                        },
                        {
                            "metaName": "type",
                            "metaType": "string",
                            "metaValue": "backdrop"
                        },
                        {
                            "metaName": "text",
                            "metaType": "string",
                            "metaValue": "Frequency\n"
                        },
                        {
                            "metaName": "coords",
                            "metaType": "string",
                            "metaValue": "-985.915 961.961 564.157 354.65"
                        },
                        {
                            "metaName": "color",
                            "metaType": "string",
                            "metaValue": "#436d43"
                        }
                    ]
                },
                {
                    "metaName": "backdrop2",
                    "metadata": [
                        {
                            "metaName": "type",
                            "metaType": "string",
                            "metaValue": "backdrop"
                        },
                        {
                            "metaName": "type",
                            "metaType": "string",
                            "metaValue": "backdrop"
                        },
                        {
                            "metaName": "type",
                            "metaType": "string",
                            "metaValue": "backdrop"
                        },
                        {
                            "metaName": "type",
                            "metaType": "string",
                            "metaValue": "backdrop"
                        },
                        {
                            "metaName": "type",
                            "metaType": "string",
                            "metaValue": "backdrop"
                        },
                        {
                            "metaName": "text",
                            "metaType": "string",
                            "metaValue": "Shift phase"
                        },
                        {
                            "metaName": "coords",
                            "metaType": "string",
                            "metaValue": "-397.717 1060.7 782.519 436.296"
                        },
                        {
                            "metaName": "color",
                            "metaType": "string",
                            "metaValue": "#4d436d"
                        }
                    ]
                },
                {
                    "metaName": "backdrop3",
                    "metadata": [
                        {
                            "metaName": "type",
                            "metaType": "string",
                            "metaValue": "backdrop"
                        },
                        {
                            "metaName": "type",
                            "metaType": "string",
                            "metaValue": "backdrop"
                        },
                        {
                            "metaName": "type",
                            "metaType": "string",
                            "metaValue": "backdrop"
                        },
                        {
                            "metaName": "type",
                            "metaType": "string",
                            "metaValue": "backdrop"
                        },
                        {
                            "metaName": "text",
                            "metaType": "string",
                            "metaValue": "Sin magnetude"
                        },
                        {
                            "metaName": "coords",
                            "metaType": "string",
                            "metaValue": "455.752 1013.74 904.1 323.531"
                        },
                        {
                            "metaName": "color",
                            "metaType": "string",
                            "metaValue": "#6d496c"
                        }
                    ]
                },
                {
                    "metaName": "backdrop4",
                    "metadata": [
                        {
                            "metaName": "type",
                            "metaType": "string",
                            "metaValue": "backdrop"
                        },
                        {
                            "metaName": "type",
                            "metaType": "string",
                            "metaValue": "backdrop"
                        },
                        {
                            "metaName": "type",
                            "metaType": "string",
                            "metaValue": "backdrop"
                        },
                        {
                            "metaName": "type",
                            "metaType": "string",
                            "metaValue": "backdrop"
                        },
                        {
                            "metaName": "type",
                            "metaType": "string",
                            "metaValue": "backdrop"
                        },
                        {
                            "metaName": "text",
                            "metaType": "string",
                            "metaValue": "Cos magnetude"
                        },
                        {
                            "metaName": "color",
                            "metaType": "string",
                            "metaValue": "#516d5c"
                        },
                        {
                            "metaName": "coords",
                            "metaType": "string",
                            "metaValue": "459.201 676.528 889.851 310.469"
                        }
                    ]
                },
                {
                    "metaName": "backdrop5",
                    "metadata": [
                        {
                            "metaName": "type",
                            "metaType": "string",
                            "metaValue": "backdrop"
                        },
                        {
                            "metaName": "type",
                            "metaType": "string",
                            "metaValue": "backdrop"
                        },
                        {
                            "metaName": "text",
                            "metaType": "string",
                            "metaValue": "input values between 0 and 1, with a frequency of 1 will return a full wave cycle"
                        },
                        {
                            "metaName": "coords",
                            "metaType": "string",
                            "metaValue": "-872.695 873.817 434.875 45.6327"
                        }
                    ]
                },
                {
                    "metaName": "_recentNode_",
                    "metaType": "string",
                    "metaValue": "BifrostGraph,Core::Math,multiply"
                },
                {
                    "metaName": "_recentNode_",
                    "metaType": "string",
                    "metaValue": "BifrostGraph,MJCG::Core::Math,oscillator"
                },
                {
                    "metaName": "_recentNode_",
                    "metaType": "string",
                    "metaValue": "BifrostGraph,MJCG::Geometry::Strands,curl_strands"
                },
                {
                    "metaName": "_recentNode_",
                    "metaType": "string",
                    "metaValue": "BifrostGraph,Core::Math,matrix_multiply"
                },
                {
                    "metaName": "_recentNode_",
                    "metaType": "string",
                    "metaValue": "BifrostGraph,Core::Math,inverse_matrix"
                },
                {
                    "metaName": "ViewportRect",
                    "metaType": "string",
                    "metaValue": "-1384.81 893.688 2832.21 873.694"
                },
                {
                    "metaName": "DisplayMode",
                    "metaType": "string",
                    "metaValue": "2"
                },
                {
                    "metaName": "LayoutPos",
                    "metaType": "string",
                    "metaValue": "-3415.87 451.106"
                }
            ],
            "ports": [
                {
                    "portName": "value",
                    "portDirection": "input"
                },
                {
                    "portName": "frequency",
                    "portDirection": "input"
                },
                {
                    "portName": "phase",
                    "portDirection": "input"
                },
                {
                    "portName": "cosine_wave",
                    "portDirection": "output"
                },
                {
                    "portName": "sine_wave",
                    "portDirection": "output"
                },
                {
                    "portName": "magnetude",
                    "portDirection": "input"
                }
            ],
            "compoundNodes": [
                {
                    "nodeName": "TWO",
                    "valueType": "float",
                    "metadata": [
                        {
                            "metaName": "DisplayMode",
                            "metaType": "string",
                            "metaValue": "2"
                        },
                        {
                            "metaName": "valuenode_defaultvalue",
                            "metaType": "string",
                            "metaValue": "2"
                        },
                        {
                            "metaName": "LayoutPos",
                            "metaType": "string",
                            "metaValue": "-1501.55 1409.89"
                        }
                    ]
                },
                {
                    "nodeName": "add",
                    "nodeType": "Core::Math::add",
                    "multiInPortNames": [
                        "output1",
                        "output2"
                    ],
                    "metadata": [
                        {
                            "metaName": "DisplayMode",
                            "metaType": "string",
                            "metaValue": "2"
                        },
                        {
                            "metaName": "LayoutPos",
                            "metaType": "string",
                            "metaValue": "126.9 1085.38"
                        }
                    ]
                },
                {
                    "nodeName": "multiply1",
                    "nodeType": "Core::Math::multiply",
                    "multiInPortNames": [
                        "magnetude",
                        "sine"
                    ],
                    "metadata": [
                        {
                            "metaName": "DisplayMode",
                            "metaType": "string",
                            "metaValue": "2"
                        },
                        {
                            "metaName": "LayoutPos",
                            "metaType": "string",
                            "metaValue": "830.274 1031.2"
                        }
                    ]
                },
                {
                    "nodeName": "multiply3",
                    "nodeType": "Core::Math::multiply",
                    "multiInPortNames": [
                        "max",
                        "output1"
                    ],
                    "metadata": [
                        {
                            "metaName": "DisplayMode",
                            "metaType": "string",
                            "metaValue": "2"
                        },
                        {
                            "metaName": "LayoutPos",
                            "metaType": "string",
                            "metaValue": "-1237.44 1285"
                        }
                    ]
                },
                {
                    "nodeName": "multiply4",
                    "nodeType": "Core::Math::multiply",
                    "multiInPortNames": [
                        "value",
                        "frequency",
                        "output1"
                    ],
                    "metadata": [
                        {
                            "metaName": "DisplayMode",
                            "metaType": "string",
                            "metaValue": "2"
                        },
                        {
                            "metaName": "LayoutPos",
                            "metaType": "string",
                            "metaValue": "-686.359 1020.5"
                        }
                    ]
                },
                {
                    "nodeName": "pi",
                    "nodeType": "Core::Constants::pi",
                    "metadata": [
                        {
                            "metaName": "DisplayMode",
                            "metaType": "string",
                            "metaValue": "2"
                        },
                        {
                            "metaName": "LayoutPos",
                            "metaType": "string",
                            "metaValue": "-1503.37 1233.44"
                        }
                    ]
                },
                {
                    "nodeName": "sin",
                    "nodeType": "Core::Math::sin",
                    "metadata": [
                        {
                            "metaName": "DisplayMode",
                            "metaType": "string",
                            "metaValue": "2"
                        },
                        {
                            "metaName": "LayoutPos",
                            "metaType": "string",
                            "metaValue": "531.635 1126.19"
                        }
                    ]
                },
                {
                    "nodeName": "cos",
                    "nodeType": "Core::Math::cos",
                    "metadata": [
                        {
                            "metaName": "DisplayMode",
                            "metaType": "string",
                            "metaValue": "2"
                        },
                        {
                            "metaName": "LayoutPos",
                            "metaType": "string",
                            "metaValue": "527.387 804.059"
                        }
                    ]
                },
                {
                    "nodeName": "multiply5",
                    "nodeType": "Core::Math::multiply",
                    "multiInPortNames": [
                        "magnetude",
                        "cosine"
                    ],
                    "metadata": [
                        {
                            "metaName": "DisplayMode",
                            "metaType": "string",
                            "metaValue": "2"
                        },
                        {
                            "metaName": "LayoutPos",
                            "metaType": "string",
                            "metaValue": "856.801 704.702"
                        }
                    ]
                },
                {
                    "nodeName": "multiply",
                    "nodeType": "Core::Math::multiply",
                    "multiInPortNames": [
                        "phase",
                        "output1"
                    ],
                    "metadata": [
                        {
                            "metaName": "DisplayMode",
                            "metaType": "string",
                            "metaValue": "2"
                        },
                        {
                            "metaName": "LayoutPos",
                            "metaType": "string",
                            "metaValue": "-123.023 1238.32"
                        }
                    ]
                }
            ],
            "connections": [
                {
                    "source": "TWO.output",
                    "target": "multiply3.first.output1"
                },
                {
                    "source": "add.output",
                    "target": "sin.value"
                },
                {
                    "source": "add.output",
                    "target": "cos.value"
                },
                {
                    "source": "pi.pi",
                    "target": "multiply3.first.max"
                },
                {
                    "source": "multiply5.output",
                    "target": ".cosine_wave"
                },
                {
                    "source": "multiply1.output",
                    "target": ".sine_wave"
                },
                {
                    "source": ".value",
                    "target": "multiply4.first.value"
                },
                {
                    "source": "multiply3.output",
                    "target": "multiply4.first.output1"
                },
                {
                    "source": "multiply4.output",
                    "target": "add.first.output1"
                },
                {
                    "source": "cos.cosine",
                    "target": "multiply5.first.cosine"
                },
                {
                    "source": "sin.sine",
                    "target": "multiply1.first.sine"
                },
                {
                    "source": ".frequency",
                    "target": "multiply4.first.frequency"
                },
                {
                    "source": ".magnetude",
                    "target": "multiply1.first.magnetude"
                },
                {
                    "source": ".magnetude",
                    "target": "multiply5.first.magnetude"
                },
                {
                    "source": ".phase",
                    "target": "multiply.first.phase"
                },
                {
                    "source": "multiply3.output",
                    "target": "multiply.first.output1"
                },
                {
                    "source": "multiply.output",
                    "target": "add.first.output2"
                }
            ],
            "values": [
                {
                    "valueName": "TWO.value",
                    "valueType": "float",
                    "value": "2f"
                }
            ],
            "reservedNodeNames": [
                {
                    "name": "_1"
                },
                {
                    "name": "input"
                },
                {
                    "name": "input1"
                },
                {
                    "name": "output1"
                },
                {
                    "name": "output"
                }
            ]
        }
    ]
}
