{
    "header": {
        "metadata": [
            {
                "metaName": "adskFileFormatVersion",
                "metaValue": "100L"
            }
        ]
    },
    "dependencies": [
        {
            "uri": "file:///Math_types.json"
        },
        {
            "uri": "file:///bifrost_object_i.json"
        },
        {
            "uri": "file:///bifrost_geometry_query_types.json"
        },
        {
            "uri": "file:///geometry_types.json"
        },
        {
            "uri": "file:///create_object_from_schema.json"
        },
        {
            "uri": "file:///Math_conversion.json"
        },
        {
            "uri": "file:///Math_float.json"
        },
        {
            "uri": "file:///Math_double.json"
        },
        {
            "uri": "file:///Math_ulong.json"
        },
        {
            "uri": "file:///Math_char.json"
        },
        {
            "uri": "file:///Math_int.json"
        },
        {
            "uri": "file:///Math_long.json"
        },
        {
            "uri": "file:///Math_short.json"
        },
        {
            "uri": "file:///Math_uchar.json"
        },
        {
            "uri": "file:///Math_uint.json"
        },
        {
            "uri": "file:///Math_ushort.json"
        },
        {
            "uri": "file:///set_property_any.json"
        },
        {
            "uri": "file:///set_property.json"
        },
        {
            "uri": "file:///get_property_any.json"
        },
        {
            "uri": "file:///get_property.json"
        },
        {
            "uri": "file:///set_sub_object_property.json"
        },
        {
            "uri": "file:///validate_strands.json"
        },
        {
            "uri": "file:///riv_types.json"
        },
        {
            "uri": "file:///point_types.json"
        },
        {
            "uri": "file:///FCurve.json"
        },
        {
            "uri": "file:///riv_ops.json"
        },
        {
            "uri": "file:///construct_strands.json"
        },
        {
            "uri": "file:///increment_decrement.json"
        },
        {
            "uri": "file:///has_property.json"
        },
        {
            "uri": "file:///get_property_keys.json"
        },
        {
            "uri": "file:///is_empty.json"
        },
        {
            "uri": "file:///materials.json"
        },
        {
            "uri": "file:///set_strands_shape.json"
        },
        {
            "uri": "file:///CoreArrayOps.json"
        },
        {
            "uri": "file:///get_geo_property.json"
        },
        {
            "uri": "file:///get_point_position.json"
        },
        {
            "uri": "file:///get_strands_structure.json"
        },
        {
            "uri": "file:///access_offset_array.json"
        },
        {
            "uri": "file:///Math_array.json"
        },
        {
            "uri": "file:///Core_Array_flatten_nested_array.json"
        },
        {
            "uri": "file:///Core_Array_slice_array.json"
        },
        {
            "uri": "file:///Math_bool.json"
        },
        {
            "uri": "file:///Math_within_bounds.json"
        },
        {
            "uri": "file:///Core_Constants_default_value.json"
        },
        {
            "uri": "file:///create_volume_geo_prop.json"
        },
        {
            "uri": "file:///is_a.json"
        },
        {
            "uri": "file:///is_a_mesh.json"
        },
        {
            "uri": "file:///is_a_strands.json"
        },
        {
            "uri": "file:///is_a_points.json"
        },
        {
            "uri": "file:///is_a_volume.json"
        },
        {
            "uri": "file:///get_geo_schema_type.json"
        },
        {
            "uri": "file:///switch_is_a.json"
        },
        {
            "uri": "file:///get_target_component.json"
        },
        {
            "uri": "file:///create_data_geo_prop.json"
        },
        {
            "uri": "file:///get_geo_component_count.json"
        },
        {
            "uri": "file:///set_geo_property.array.json"
        },
        {
            "uri": "file:///set_geo_property.scalar.json"
        },
        {
            "uri": "file:///Math_change_range.json"
        },
        {
            "uri": "file:///change_range.json"
        },
        {
            "uri": "file:///get_from_interpolated_array.json"
        },
        {
            "uri": "file:///cumulative_sum_array.json"
        },
        {
            "uri": "file:///strands_length.json"
        },
        {
            "uri": "file:///resample_strands.json"
        },
        {
            "uri": "file:///erase_property.json"
        },
        {
            "uri": "file:///set_point_shape.json"
        },
        {
            "uri": "file:///Core_Array_sum_array_impl.json"
        },
        {
            "uri": "file:///Core_Array_sum_array.json"
        },
        {
            "uri": "file:///set_point_position.json"
        },
        {
            "uri": "file:///Math_lerp_with_clamp.json"
        },
        {
            "uri": "file:///Core_Array_array_is_empty.json"
        },
        {
            "uri": "file:///get_geo_target_count.json"
        },
        {
            "uri": "file:///CoreStringOps.json"
        },
        {
            "uri": "file:///get_geo_property_check.json"
        },
        {
            "uri": "file:///volume_types.json"
        },
        {
            "uri": "file:///volume_nodedefs.json"
        },
        {
            "uri": "file:///interpret_auto_port_as_scalar.json"
        },
        {
            "uri": "file:///update_point_strand_index.json"
        },
        {
            "uri": "file:///check_point_strand_index.json"
        },
        {
            "uri": "file:///update_strands_neighbors.json"
        },
        {
            "uri": "file:///array_average.json"
        },
        {
            "uri": "file:///object_terminal.json"
        },
        {
            "uri": "file:///Math_vector4_to_vector3.json"
        },
        {
            "uri": "file:///interpret_auto_port_as_vector.json"
        },
        {
            "uri": "file:///standard_surface_mat.json"
        },
        {
            "uri": "file:///smooth_strands.json"
        },
        {
            "uri": "file:///convert_to_points.json"
        },
        {
            "uri": "file:///simulation_types.json"
        },
        {
            "uri": "file:///simulation_nodedefs.json"
        },
        {
            "uri": "file:///fluids_types.json"
        },
        {
            "uri": "file:///fluids_nodedefs.json"
        },
        {
            "uri": "file:///Math_constants.json"
        },
        {
            "uri": "file:///Core_Array_array_bounds_impl.json"
        },
        {
            "uri": "file:///Core_Array_array_bounds.json"
        },
        {
            "uri": "file:///get_bounded_sample_positions.json"
        },
        {
            "uri": "file:///add_points_to_points.json"
        },
        {
            "uri": "file:///validate_points.json"
        },
        {
            "uri": "file:///construct_points.json"
        },
        {
            "uri": "file:///draw_scalar_values_at_positions.json"
        },
        {
            "uri": "file:///scalar_field_scope.json"
        }
    ],
    "namespaces": [],
    "types": [],
    "compounds": [
        {
            "name": "MJCG::Graphs::smooth_strands_with_field",
            "uriImported": "file:///__duplicateCompoundURIHelper__",
            "metadata": [
                {
                    "metaName": "io_nodes",
                    "metadata": [
                        {
                            "metaName": "io_inodes",
                            "metadata": [
                                {
                                    "metaName": "input",
                                    "metadata": [
                                        {
                                            "metaName": "DisplayMode",
                                            "metaType": "string",
                                            "metaValue": "2"
                                        },
                                        {
                                            "metaName": "LayoutPos",
                                            "metaType": "string",
                                            "metaValue": "1419.26 -46.6936"
                                        }
                                    ]
                                }
                            ]
                        },
                        {
                            "metaName": "io_onodes",
                            "metadata": [
                                {
                                    "metaName": "output",
                                    "metadata": [
                                        {
                                            "metaName": "DisplayMode",
                                            "metaType": "string",
                                            "metaValue": "2"
                                        },
                                        {
                                            "metaName": "io_ports"
                                        },
                                        {
                                            "metaName": "LayoutPos",
                                            "metaType": "string",
                                            "metaValue": "1421.9 113.1"
                                        }
                                    ]
                                }
                            ]
                        }
                    ]
                },
                {
                    "metaName": "_recentNode_",
                    "metaType": "string",
                    "metaValue": "BifrostGraph,Geometry::Strands::Internal,update_strands_ratio"
                },
                {
                    "metaName": "_recentNode_",
                    "metaType": "string",
                    "metaValue": "BifrostGraph,Geometry::Properties,set_geo_property"
                },
                {
                    "metaName": "_recentNode_",
                    "metaType": "string",
                    "metaValue": "BifrostGraph,MJCG::Geometry::Properties,set_point_size"
                },
                {
                    "metaName": "_recentNode_",
                    "metaType": "string",
                    "metaValue": "BifrostGraph,MJCG::Geometry::Strands,update_strands_orientations"
                },
                {
                    "metaName": "_recentNode_",
                    "metaType": "string",
                    "metaValue": "BifrostGraph,Modeling::Strands,create_strands_around_strands"
                },
                {
                    "metaName": "backdrop",
                    "metadata": [
                        {
                            "metaName": "type",
                            "metaType": "string",
                            "metaValue": "backdrop"
                        },
                        {
                            "metaName": "color",
                            "metaType": "string",
                            "metaValue": "#476d41"
                        },
                        {
                            "metaName": "coords",
                            "metaType": "string",
                            "metaValue": "-1015.46 13.3995 783.785 338.693"
                        },
                        {
                            "metaName": "text",
                            "metaType": "string",
                            "metaValue": "Create a strands shaped like stairs, resample it to add more subdivisions."
                        }
                    ]
                },
                {
                    "metaName": "backdrop1",
                    "metadata": [
                        {
                            "metaName": "type",
                            "metaType": "string",
                            "metaValue": "backdrop"
                        },
                        {
                            "metaName": "color",
                            "metaType": "string",
                            "metaValue": "#30536d"
                        },
                        {
                            "metaName": "coords",
                            "metaType": "string",
                            "metaValue": "-1026.64 385.714 786.381 406.418"
                        },
                        {
                            "metaName": "text",
                            "metaType": "string",
                            "metaValue": "Create a scalar noise field and animate it using the time."
                        }
                    ]
                },
                {
                    "metaName": "backdrop2",
                    "metadata": [
                        {
                            "metaName": "type",
                            "metaType": "string",
                            "metaValue": "backdrop"
                        },
                        {
                            "metaName": "color",
                            "metaType": "string",
                            "metaValue": "#6d353f"
                        },
                        {
                            "metaName": "text",
                            "metaType": "string",
                            "metaValue": "Smooths the strands with 50 iterations.\nThe smoothing amount is controled using the field.\nWhen the sampled field value is 0, no smoothing is applied.\nWhen the sampled field value is 1, the full smoothing is applied"
                        },
                        {
                            "metaName": "coords",
                            "metaType": "string",
                            "metaValue": "-187.218 82.0558 372.249 375.937"
                        }
                    ]
                },
                {
                    "metaName": "backdrop3",
                    "metadata": [
                        {
                            "metaName": "type",
                            "metaType": "string",
                            "metaValue": "backdrop"
                        },
                        {
                            "metaName": "color",
                            "metaType": "string",
                            "metaValue": "#6d613f"
                        },
                        {
                            "metaName": "coords",
                            "metaType": "string",
                            "metaValue": "210.84 -224.44 1177.33 974.782"
                        },
                        {
                            "metaName": "text",
                            "metaType": "string",
                            "metaValue": "Convert the strands to points, draw the scalar field and set color and render settings. Draw in the viewport."
                        }
                    ]
                },
                {
                    "metaName": "ViewportRect",
                    "metaType": "string",
                    "metaValue": "-891 -389 2144 1346"
                },
                {
                    "metaName": "compoundIsGraph",
                    "metaValue": "true"
                },
                {
                    "metaName": "author",
                    "metaType": "string",
                    "metaValue": "Maxime Jeanmougin"
                },
                {
                    "metaName": "category",
                    "metaType": "string",
                    "metaValue": "MJCG"
                },
                {
                    "metaName": "description",
                    "metaType": "string",
                    "metaValue": "Smooth a strand using a scalar noise field."
                },
                {
                    "metaName": "thumbnail",
                    "metaType": "string",
                    "metaValue": "smooth_strands_with_field_thumb.png"
                }
            ],
            "ports": [],
            "compounds": [
                {
                    "name": "create_strairs_strand",
                    "uriImported": "file:///__duplicateCompoundURIHelper__",
                    "metadata": [
                        {
                            "metaName": "icon",
                            "metaType": "string",
                            "metaValue": "<NATIVE>../icons/LoopForEach.svg"
                        },
                        {
                            "metaName": "icon",
                            "metaType": "string",
                            "metaValue": "<NATIVE>../icons/LoopForEach.svg"
                        },
                        {
                            "metaName": "icon",
                            "metaType": "string",
                            "metaValue": "<NATIVE>../icons/LoopForEach.svg"
                        },
                        {
                            "metaName": "io_nodes",
                            "metadata": [
                                {
                                    "metaName": "io_inodes",
                                    "metadata": [
                                        {
                                            "metaName": "input",
                                            "metadata": [
                                                {
                                                    "metaName": "DisplayMode",
                                                    "metaType": "string",
                                                    "metaValue": "2"
                                                },
                                                {
                                                    "metaName": "io_ports",
                                                    "metadata": [
                                                        {
                                                            "metaName": "max_iterations"
                                                        },
                                                        {
                                                            "metaName": "current_index"
                                                        }
                                                    ]
                                                },
                                                {
                                                    "metaName": "LayoutPos",
                                                    "metaType": "string",
                                                    "metaValue": "-728.073 466.209"
                                                }
                                            ]
                                        }
                                    ]
                                },
                                {
                                    "metaName": "io_onodes",
                                    "metadata": [
                                        {
                                            "metaName": "output",
                                            "metadata": [
                                                {
                                                    "metaName": "DisplayMode",
                                                    "metaType": "string",
                                                    "metaValue": "2"
                                                },
                                                {
                                                    "metaName": "io_ports",
                                                    "metadata": [
                                                        {
                                                            "metaName": "positions"
                                                        }
                                                    ]
                                                },
                                                {
                                                    "metaName": "LayoutPos",
                                                    "metaType": "string",
                                                    "metaValue": "741.503 332.494"
                                                }
                                            ]
                                        }
                                    ]
                                }
                            ]
                        },
                        {
                            "metaName": "_recentNode_",
                            "metaType": "string",
                            "metaValue": "BifrostGraph,Core::Type_Conversion,to_float"
                        },
                        {
                            "metaName": "_recentNode_",
                            "metaType": "string",
                            "metaValue": "BifrostGraph,Core::Math,multiply"
                        },
                        {
                            "metaName": "_recentNode_",
                            "metaType": "string",
                            "metaValue": "BifrostGraph,Core::Math,divide"
                        },
                        {
                            "metaName": "_recentNode_",
                            "metaType": "string",
                            "metaValue": "BifrostGraph,Core::Math,add"
                        },
                        {
                            "metaName": "_recentNode_",
                            "metaType": "string",
                            "metaValue": "BifrostGraph,Core::Randomization,random_value"
                        },
                        {
                            "metaName": "ViewportRect",
                            "metaType": "string",
                            "metaValue": "-957 -338.132 2060 1293.26"
                        }
                    ],
                    "ports": [
                        {
                            "portName": "max_iterations",
                            "portDirection": "input",
                            "portType": "long",
                            "portIterationLimit": "true"
                        },
                        {
                            "portName": "current_index",
                            "portDirection": "input",
                            "portType": "long",
                            "portIterationCounter": "true"
                        },
                        {
                            "portName": "positions",
                            "portDirection": "output",
                            "portType": "array<Math::float3>",
                            "portIterationTarget": "true"
                        }
                    ],
                    "compoundNodes": [
                        {
                            "nodeName": "scalar_to_vector3",
                            "nodeType": "Core::Conversion::scalar_to_vector3",
                            "metadata": [
                                {
                                    "metaName": "DisplayMode",
                                    "metaType": "string",
                                    "metaValue": "2"
                                },
                                {
                                    "metaName": "LayoutPos",
                                    "metaType": "string",
                                    "metaValue": "490.71 306.896"
                                }
                            ]
                        },
                        {
                            "nodeName": "increment",
                            "nodeType": "Core::Math::increment",
                            "metadata": [
                                {
                                    "metaName": "DisplayMode",
                                    "metaType": "string",
                                    "metaValue": "2"
                                },
                                {
                                    "metaName": "LayoutPos",
                                    "metaType": "string",
                                    "metaValue": "-445.59 281.465"
                                }
                            ]
                        },
                        {
                            "nodeName": "value",
                            "valueType": "long",
                            "metadata": [
                                {
                                    "metaName": "DisplayMode",
                                    "metaType": "string",
                                    "metaValue": "2"
                                },
                                {
                                    "metaName": "valuenode_defaultvalue",
                                    "metaType": "string",
                                    "metaValue": "2"
                                },
                                {
                                    "metaName": "LayoutPos",
                                    "metaType": "string",
                                    "metaValue": "-472.79 578.25"
                                }
                            ]
                        },
                        {
                            "nodeName": "to_float1",
                            "nodeType": "Core::Type_Conversion::to_float",
                            "metadata": [
                                {
                                    "metaName": "DisplayMode",
                                    "metaType": "string",
                                    "metaValue": "2"
                                },
                                {
                                    "metaName": "LayoutPos",
                                    "metaType": "string",
                                    "metaValue": "208.526 245.458"
                                }
                            ]
                        },
                        {
                            "nodeName": "divide1",
                            "nodeType": "Core::Math::divide",
                            "multiInPortNames": [
                                "current_index",
                                "output1"
                            ],
                            "metadata": [
                                {
                                    "metaName": "DisplayMode",
                                    "metaType": "string",
                                    "metaValue": "2"
                                },
                                {
                                    "metaName": "LayoutPos",
                                    "metaType": "string",
                                    "metaValue": "-66.8227 251.259"
                                }
                            ]
                        },
                        {
                            "nodeName": "divide",
                            "nodeType": "Core::Math::divide",
                            "multiInPortNames": [
                                "current_index",
                                "output1"
                            ],
                            "metadata": [
                                {
                                    "metaName": "DisplayMode",
                                    "metaType": "string",
                                    "metaValue": "2"
                                },
                                {
                                    "metaName": "LayoutPos",
                                    "metaType": "string",
                                    "metaValue": "-64.2807 467.187"
                                }
                            ]
                        },
                        {
                            "nodeName": "to_float",
                            "nodeType": "Core::Type_Conversion::to_float",
                            "metadata": [
                                {
                                    "metaName": "DisplayMode",
                                    "metaType": "string",
                                    "metaValue": "2"
                                },
                                {
                                    "metaName": "LayoutPos",
                                    "metaType": "string",
                                    "metaValue": "211.068 461.386"
                                }
                            ]
                        }
                    ],
                    "connections": [
                        {
                            "source": ".current_index",
                            "target": "increment.value"
                        },
                        {
                            "source": "to_float1.float",
                            "target": "scalar_to_vector3.x"
                        },
                        {
                            "source": "divide1.output",
                            "target": "to_float1.from"
                        },
                        {
                            "source": "increment.output",
                            "target": "divide1.first.current_index"
                        },
                        {
                            "source": "value.output",
                            "target": "divide1.first.output1"
                        },
                        {
                            "source": ".current_index",
                            "target": "divide.first.current_index"
                        },
                        {
                            "source": "value.output",
                            "target": "divide.first.output1"
                        },
                        {
                            "source": "divide.output",
                            "target": "to_float.from"
                        },
                        {
                            "source": "to_float.float",
                            "target": "scalar_to_vector3.y"
                        },
                        {
                            "source": "scalar_to_vector3.vector3",
                            "target": ".positions"
                        }
                    ],
                    "values": [
                        {
                            "valueName": "increment.by",
                            "valueType": "char",
                            "value": "1"
                        },
                        {
                            "valueName": "value.value",
                            "valueType": "long",
                            "value": "2"
                        }
                    ],
                    "reservedNodeNames": [
                        {
                            "name": "input"
                        },
                        {
                            "name": "output"
                        }
                    ],
                    "forEachCompound": {
                        "ports": [],
                        "grainSize": "1"
                    }
                }
            ],
            "compoundNodes": [
                {
                    "nodeName": "construct_strands",
                    "nodeType": "Geometry::Strands::construct_strands",
                    "metadata": [
                        {
                            "metaName": "DisplayMode",
                            "metaType": "string",
                            "metaValue": "2"
                        },
                        {
                            "metaName": "LayoutPos",
                            "metaType": "string",
                            "metaValue": "-745.581 97.7013"
                        }
                    ]
                },
                {
                    "nodeName": "create_strairs_strand",
                    "nodeType": "create_strairs_strand",
                    "metadata": [
                        {
                            "metaName": "DisplayMode",
                            "metaType": "string",
                            "metaValue": "2"
                        },
                        {
                            "metaName": "LayoutPos",
                            "metaType": "string",
                            "metaValue": "-992.383 84.6429"
                        }
                    ]
                },
                {
                    "nodeName": "set_strands_shape",
                    "nodeType": "Geometry::Strands::set_strands_shape",
                    "metadata": [
                        {
                            "metaName": "DisplayMode",
                            "metaType": "string",
                            "metaValue": "2"
                        },
                        {
                            "metaName": "LayoutPos",
                            "metaType": "string",
                            "metaValue": "846.831 119.125"
                        }
                    ]
                },
                {
                    "nodeName": "resample_strands",
                    "nodeType": "Geometry::Strands::resample_strands",
                    "metadata": [
                        {
                            "metaName": "DisplayMode",
                            "metaType": "string",
                            "metaValue": "2"
                        },
                        {
                            "metaName": "LayoutPos",
                            "metaType": "string",
                            "metaValue": "-483.686 73.9663"
                        }
                    ]
                },
                {
                    "nodeName": "set_point_shape",
                    "nodeType": "Geometry::Properties::set_point_shape",
                    "metadata": [
                        {
                            "metaName": "DisplayMode",
                            "metaType": "string",
                            "metaValue": "2"
                        },
                        {
                            "metaName": "LayoutPos",
                            "metaType": "string",
                            "metaValue": "840.421 -169.092"
                        }
                    ]
                },
                {
                    "nodeName": "smooth_strands",
                    "nodeType": "MJCG::Geometry::Strands::smooth_strands",
                    "deactivatedTerminals": [
                        "Core::Graph::terminal::proxy"
                    ],
                    "metadata": [
                        {
                            "metaName": "DisplayMode",
                            "metaType": "string",
                            "metaValue": "2"
                        },
                        {
                            "metaName": "PortExpandedState",
                            "metadata": [
                                {
                                    "metaName": "Smoothing",
                                    "metaType": "string",
                                    "metaValue": "0"
                                }
                            ]
                        },
                        {
                            "metaName": "LayoutPos",
                            "metaType": "string",
                            "metaValue": "-106.458 164.449"
                        }
                    ]
                },
                {
                    "nodeName": "convert_to_points",
                    "nodeType": "MJCG::Geometry::Converters::convert_to_points",
                    "metadata": [
                        {
                            "metaName": "DisplayMode",
                            "metaType": "string",
                            "metaValue": "2"
                        },
                        {
                            "metaName": "LayoutPos",
                            "metaType": "string",
                            "metaValue": "244.421 -125.093"
                        }
                    ]
                },
                {
                    "nodeName": "time",
                    "nodeType": "Core::Time::time",
                    "metadata": [
                        {
                            "metaName": "DisplayMode",
                            "metaType": "string",
                            "metaValue": "2"
                        },
                        {
                            "metaName": "LayoutPos",
                            "metaType": "string",
                            "metaValue": "-1014.23 488.192"
                        }
                    ]
                },
                {
                    "nodeName": "set_geo_property",
                    "nodeType": "Geometry::Properties::set_geo_property",
                    "metadata": [
                        {
                            "metaName": "DisplayMode",
                            "metaType": "string",
                            "metaValue": "2"
                        },
                        {
                            "metaName": "LayoutPos",
                            "metaType": "string",
                            "metaValue": "541.421 -148.093"
                        }
                    ]
                },
                {
                    "nodeName": "fractal_noise_field",
                    "nodeType": "Core::Fields::fractal_noise_field",
                    "metadata": [
                        {
                            "metaName": "DisplayMode",
                            "metaType": "string",
                            "metaValue": "2"
                        },
                        {
                            "metaName": "LayoutPos",
                            "metaType": "string",
                            "metaValue": "-515.4 422.247"
                        }
                    ]
                },
                {
                    "nodeName": "scalar_field_scope",
                    "nodeType": "Diagnostic::Display::scalar_field_scope",
                    "metadata": [
                        {
                            "metaName": "DisplayMode",
                            "metaType": "string",
                            "metaValue": "2"
                        },
                        {
                            "metaName": "LayoutPos",
                            "metaType": "string",
                            "metaValue": "844.481 400.382"
                        }
                    ]
                },
                {
                    "nodeName": "terminal",
                    "nodeType": "Core::Graph::terminal",
                    "fanInPortNames": {
                        "final": [],
                        "proxy": [
                            "out_points",
                            "out_strands"
                        ],
                        "diagnostic": [
                            "diagnostic_geo"
                        ]
                    },
                    "deactivatedTerminals": [
                        "Core::Graph::terminal::final"
                    ],
                    "metadata": [
                        {
                            "metaName": "DisplayMode",
                            "metaType": "string",
                            "metaValue": "2"
                        },
                        {
                            "metaName": "LayoutPos",
                            "metaType": "string",
                            "metaValue": "1130.53 93.9442"
                        }
                    ]
                },
                {
                    "nodeName": "scalar_field",
                    "nodeType": "Core::Fields::scalar_field",
                    "metadata": [
                        {
                            "metaName": "DisplayMode",
                            "metaType": "string",
                            "metaValue": "2"
                        },
                        {
                            "metaName": "LayoutPos",
                            "metaType": "string",
                            "metaValue": "-765.614 523.061"
                        }
                    ]
                },
                {
                    "nodeName": "set_geo_property1",
                    "nodeType": "Geometry::Properties::set_geo_property",
                    "metadata": [
                        {
                            "metaName": "DisplayMode",
                            "metaType": "string",
                            "metaValue": "2"
                        },
                        {
                            "metaName": "LayoutPos",
                            "metaType": "string",
                            "metaValue": "547.611 143.094"
                        }
                    ]
                }
            ],
            "connections": [
                {
                    "source": "construct_strands.strands",
                    "target": "resample_strands.strands"
                },
                {
                    "source": "smooth_strands.out_strands",
                    "target": "convert_to_points.geometry"
                },
                {
                    "source": "convert_to_points.points",
                    "target": "set_geo_property.geometry"
                },
                {
                    "source": "set_geo_property.out_geometry",
                    "target": "set_point_shape.points"
                },
                {
                    "source": "create_strairs_strand.positions",
                    "target": "construct_strands.point_position"
                },
                {
                    "source": "fractal_noise_field.noise_field",
                    "target": "smooth_strands.weights"
                },
                {
                    "source": "fractal_noise_field.noise_field",
                    "target": "scalar_field_scope.scalar_field"
                },
                {
                    "source": "scalar_field_scope.diagnostic_geo",
                    "target": "terminal.diagnostic.diagnostic_geo"
                },
                {
                    "source": "time.seconds",
                    "target": "scalar_field.value"
                },
                {
                    "source": "scalar_field.scalar_field",
                    "target": "fractal_noise_field.time"
                },
                {
                    "source": "set_point_shape.out_points",
                    "target": "terminal.proxy.out_points"
                },
                {
                    "source": "set_strands_shape.out_strands",
                    "target": "terminal.proxy.out_strands"
                },
                {
                    "source": "smooth_strands.out_strands",
                    "target": "set_geo_property1.geometry"
                },
                {
                    "source": "set_geo_property1.out_geometry",
                    "target": "set_strands_shape.strands"
                },
                {
                    "source": "resample_strands.resampled_strands",
                    "target": "smooth_strands.strands"
                }
            ],
            "values": [
                {
                    "valueName": "create_strairs_strand.max_iterations",
                    "valueType": "long",
                    "value": "11"
                },
                {
                    "valueName": "set_strands_shape.default_size",
                    "valueType": "float",
                    "value": "0.0199999996f"
                },
                {
                    "valueName": "resample_strands.spatial_resample",
                    "valueType": "bool",
                    "value": "true"
                },
                {
                    "valueName": "resample_strands.constant_count",
                    "valueType": "long",
                    "value": "10"
                },
                {
                    "valueName": "resample_strands.spatial_distance",
                    "valueType": "float",
                    "value": "0.100000001f"
                },
                {
                    "valueName": "set_point_shape.shape",
                    "valueType": "Geometry::PointShapes",
                    "value": "Sphere"
                },
                {
                    "valueName": "set_point_shape.default_size",
                    "valueType": "float",
                    "value": "0.0350000001f"
                },
                {
                    "valueName": "smooth_strands.iterations",
                    "valueType": "long",
                    "value": "100"
                },
                {
                    "valueName": "smooth_strands.smooth_boundaries",
                    "valueType": "bool",
                    "value": "false"
                },
                {
                    "valueName": "set_geo_property.property",
                    "valueType": "string",
                    "value": "color"
                },
                {
                    "valueName": "set_geo_property.data",
                    "valueType": "Math::float3",
                    "value": {
                        "x": "1f",
                        "y": "0f",
                        "z": "0f"
                    }
                },
                {
                    "valueName": "fractal_noise_field.magnitude",
                    "valueType": "float",
                    "value": "1f"
                },
                {
                    "valueName": "fractal_noise_field.num_frequencies",
                    "valueType": "float",
                    "value": "10f"
                },
                {
                    "valueName": "fractal_noise_field.frequency",
                    "valueType": "float",
                    "value": "0.200000003f"
                },
                {
                    "valueName": "fractal_noise_field.ratio",
                    "valueType": "float",
                    "value": "0.25f"
                },
                {
                    "valueName": "fractal_noise_field.frequency_ratio",
                    "valueType": "float",
                    "value": "0.25f"
                },
                {
                    "valueName": "scalar_field_scope.min__bounds",
                    "valueType": "Math::float3",
                    "value": {
                        "x": "0f",
                        "y": "0f",
                        "z": "0f"
                    }
                },
                {
                    "valueName": "scalar_field_scope.max_bounds",
                    "valueType": "Math::float3",
                    "value": {
                        "x": "5f",
                        "y": "5f",
                        "z": "0f"
                    }
                },
                {
                    "valueName": "scalar_field_scope.divisions",
                    "valueType": "float",
                    "value": "100f"
                },
                {
                    "valueName": "scalar_field_scope.point_size",
                    "valueType": "float",
                    "value": "0.0299999993f"
                },
                {
                    "valueName": "scalar_field_scope.size_remap",
                    "valueType": "Amino::FCurve",
                    "value": {
                        "version": "1",
                        "preExtrapolation": "0",
                        "postExtrapolation": "1",
                        "points": [
                            {
                                "point": {
                                    "locked": "1",
                                    "interpolation": "1",
                                    "pcn": {
                                        "xp": "-0.33333299999999999",
                                        "yp": "-0.33333299999999999",
                                        "x": "0",
                                        "y": "0",
                                        "xn": "0.33333299999999999",
                                        "yn": "0.33333299999999999"
                                    }
                                }
                            },
                            {
                                "point": {
                                    "locked": "1",
                                    "interpolation": "1",
                                    "pcn": {
                                        "xp": "-0.083333000000000004",
                                        "yp": "0.66666700000000001",
                                        "x": "0.25",
                                        "y": "1",
                                        "xn": "0.58333299999999999",
                                        "yn": "1.3333330000000001"
                                    }
                                }
                            }
                        ]
                    }
                },
                {
                    "valueName": "scalar_field_scope.color_R",
                    "valueType": "Amino::FCurve",
                    "value": {
                        "version": "1",
                        "preExtrapolation": "0",
                        "postExtrapolation": "0",
                        "points": [
                            {
                                "point": {
                                    "locked": "1",
                                    "interpolation": "1",
                                    "pcn": {
                                        "xp": "-0.33333299999999999",
                                        "yp": "-0.33333299999999999",
                                        "x": "0",
                                        "y": "0",
                                        "xn": "0.33333299999999999",
                                        "yn": "0.33333299999999999"
                                    }
                                }
                            },
                            {
                                "point": {
                                    "locked": "1",
                                    "interpolation": "1",
                                    "pcn": {
                                        "xp": "0.66666700000000001",
                                        "yp": "0.66666700000000001",
                                        "x": "1",
                                        "y": "1",
                                        "xn": "1.3333330000000001",
                                        "yn": "1.3333330000000001"
                                    }
                                }
                            }
                        ]
                    }
                },
                {
                    "valueName": "scalar_field_scope.color_G",
                    "valueType": "Amino::FCurve",
                    "value": {
                        "version": "1",
                        "preExtrapolation": "0",
                        "postExtrapolation": "0",
                        "points": [
                            {
                                "point": {
                                    "locked": "1",
                                    "interpolation": "1",
                                    "pcn": {
                                        "xp": "-0.10000000000000001",
                                        "yp": "0",
                                        "x": "0",
                                        "y": "0",
                                        "xn": "0.10000000000000001",
                                        "yn": "0"
                                    }
                                }
                            },
                            {
                                "point": {
                                    "locked": "1",
                                    "interpolation": "1",
                                    "pcn": {
                                        "xp": "0.90000000000000002",
                                        "yp": "1",
                                        "x": "1",
                                        "y": "1",
                                        "xn": "1.1000000000000001",
                                        "yn": "1"
                                    }
                                }
                            }
                        ]
                    }
                },
                {
                    "valueName": "scalar_field_scope.color_B",
                    "valueType": "Amino::FCurve",
                    "value": {
                        "version": "1",
                        "preExtrapolation": "0",
                        "postExtrapolation": "0",
                        "points": [
                            {
                                "point": {
                                    "locked": "1",
                                    "interpolation": "1",
                                    "pcn": {
                                        "xp": "-0.10000000000000001",
                                        "yp": "0",
                                        "x": "0",
                                        "y": "0",
                                        "xn": "0.10000000000000001",
                                        "yn": "0"
                                    }
                                }
                            },
                            {
                                "point": {
                                    "locked": "1",
                                    "interpolation": "1",
                                    "pcn": {
                                        "xp": "0.90000000000000002",
                                        "yp": "1",
                                        "x": "1",
                                        "y": "1",
                                        "xn": "1.1000000000000001",
                                        "yn": "1"
                                    }
                                }
                            }
                        ]
                    }
                },
                {
                    "valueName": "scalar_field_scope.apply_bounds_to_probe",
                    "valueType": "bool",
                    "value": "false"
                },
                {
                    "valueName": "set_geo_property1.property",
                    "valueType": "string",
                    "value": "color"
                },
                {
                    "valueName": "set_geo_property1.data",
                    "valueType": "Math::float3",
                    "value": {
                        "x": "1f",
                        "y": "1f",
                        "z": "0f"
                    }
                },
                {
                    "valueName": "set_geo_property1.target",
                    "valueType": "string",
                    "value": "point_component"
                }
            ],
            "reservedNodeNames": [
                {
                    "name": "input"
                },
                {
                    "name": "output"
                }
            ]
        }
    ]
}
