{
    "header": {
        "metadata": [
            {
                "metaName": "adskFileFormatVersion",
                "metaValue": "100L"
            }
        ]
    },
    "dependencies": [
        {
            "uri": "file:///Math_types.json"
        },
        {
            "uri": "file:///bifrost_object_i.json"
        },
        {
            "uri": "file:///bifrost_geometry_query_types.json"
        },
        {
            "uri": "file:///geometry_types.json"
        },
        {
            "uri": "file:///set_property_any.json"
        },
        {
            "uri": "file:///set_property.json"
        },
        {
            "uri": "file:///get_property_any.json"
        },
        {
            "uri": "file:///get_property.json"
        },
        {
            "uri": "file:///set_sub_object_property.json"
        },
        {
            "uri": "file:///Math_ulong.json"
        },
        {
            "uri": "file:///CoreArrayOps.json"
        },
        {
            "uri": "file:///Math_float.json"
        },
        {
            "uri": "file:///create_object_from_schema.json"
        },
        {
            "uri": "file:///Math_conversion.json"
        },
        {
            "uri": "file:///Math_double.json"
        },
        {
            "uri": "file:///Math_char.json"
        },
        {
            "uri": "file:///Math_int.json"
        },
        {
            "uri": "file:///Math_long.json"
        },
        {
            "uri": "file:///Math_short.json"
        },
        {
            "uri": "file:///Math_uchar.json"
        },
        {
            "uri": "file:///Math_uint.json"
        },
        {
            "uri": "file:///Math_ushort.json"
        },
        {
            "uri": "file:///validate_mesh.json"
        },
        {
            "uri": "file:///riv_types.json"
        },
        {
            "uri": "file:///point_types.json"
        },
        {
            "uri": "file:///FCurve.json"
        },
        {
            "uri": "file:///riv_ops.json"
        },
        {
            "uri": "file:///construct_mesh.json"
        },
        {
            "uri": "file:///Math_vector3_to_vector4.json"
        },
        {
            "uri": "file:///Math_vector4_to_vector3.json"
        },
        {
            "uri": "file:///Math_quaternion_to_matrix.json"
        },
        {
            "uri": "file:///Math_compose_transform_matrix.json"
        },
        {
            "uri": "file:///Math_array.json"
        },
        {
            "uri": "file:///Core_Array_slice_array.json"
        },
        {
            "uri": "file:///Core_Array_reverse_array.json"
        },
        {
            "uri": "file:///Core_Array_sum_array_impl.json"
        },
        {
            "uri": "file:///Core_Array_sum_array.json"
        },
        {
            "uri": "file:///Math_bool.json"
        },
        {
            "uri": "file:///fluids_types.json"
        },
        {
            "uri": "file:///volume_types.json"
        },
        {
            "uri": "file:///fluids_nodedefs.json"
        },
        {
            "uri": "file:///CoreStringOps.json"
        },
        {
            "uri": "file:///string_to_array.json"
        },
        {
            "uri": "file:///increment_decrement.json"
        },
        {
            "uri": "file:///half_of.json"
        },
        {
            "uri": "file:///Math_axis_angle_to_quaternion.json"
        },
        {
            "uri": "file:///Math_length_squared.json"
        },
        {
            "uri": "file:///Math_almost_equal.json"
        },
        {
            "uri": "file:///rotation_between_vectors.json"
        },
        {
            "uri": "file:///access_offset_array.json"
        },
        {
            "uri": "file:///get_geo_component_count.json"
        },
        {
            "uri": "file:///get_geo_property.json"
        },
        {
            "uri": "file:///Math_multiply_quaternions.json"
        },
        {
            "uri": "file:///Math_rotate_by_quaternion.json"
        },
        {
            "uri": "file:///create_mesh_cube.json"
        },
        {
            "uri": "file:///ivy_surface_diagnostic_type.json"
        },
        {
            "uri": "file:///Core_Array_array_is_empty.json"
        },
        {
            "uri": "file:///get_geo_target_count.json"
        },
        {
            "uri": "file:///get_geo_property_check.json"
        },
        {
            "uri": "file:///get_geo_schema_type.json"
        },
        {
            "uri": "file:///volume_nodedefs.json"
        },
        {
            "uri": "file:///interpret_auto_port_as_vector.json"
        },
        {
            "uri": "file:///has_property.json"
        },
        {
            "uri": "file:///create_volume_geo_prop.json"
        },
        {
            "uri": "file:///is_a.json"
        },
        {
            "uri": "file:///is_a_mesh.json"
        },
        {
            "uri": "file:///is_a_strands.json"
        },
        {
            "uri": "file:///is_a_points.json"
        },
        {
            "uri": "file:///is_a_volume.json"
        },
        {
            "uri": "file:///switch_is_a.json"
        },
        {
            "uri": "file:///get_target_component.json"
        },
        {
            "uri": "file:///create_data_geo_prop.json"
        },
        {
            "uri": "file:///set_geo_property.array.json"
        },
        {
            "uri": "file:///set_geo_property.scalar.json"
        },
        {
            "uri": "file:///get_property_keys.json"
        },
        {
            "uri": "file:///is_empty.json"
        },
        {
            "uri": "file:///materials.json"
        },
        {
            "uri": "file:///standard_surface_mat.json"
        },
        {
            "uri": "file:///assign_diagnostic_material.json"
        },
        {
            "uri": "file:///erase_property.json"
        },
        {
            "uri": "file:///get_sub_object.json"
        },
        {
            "uri": "file:///get_point_count.json"
        },
        {
            "uri": "file:///get_point_position.json"
        },
        {
            "uri": "file:///set_point_position.json"
        },
        {
            "uri": "file:///get_point_normal.json"
        },
        {
            "uri": "file:///update_mesh_normals.json"
        },
        {
            "uri": "file:///object_terminal.json"
        },
        {
            "uri": "file:///ivy_surface.json"
        },
        {
            "uri": "file:///add_points_to_points.json"
        },
        {
            "uri": "file:///validate_points.json"
        },
        {
            "uri": "file:///construct_points.json"
        },
        {
            "uri": "file:///set_point_shape.json"
        },
        {
            "uri": "file:///Math_constants.json"
        },
        {
            "uri": "file:///Core_Array_array_bounds_impl.json"
        },
        {
            "uri": "file:///Core_Array_array_bounds.json"
        },
        {
            "uri": "file:///set_point_normal.json"
        },
        {
            "uri": "file:///create_mesh_sphere.json"
        },
        {
            "uri": "file:///ivy_seeds.json"
        },
        {
            "uri": "file:///processing_type.json"
        },
        {
            "uri": "file:///interpret_auto_port_as_scalar.json"
        },
        {
            "uri": "file:///ivy_node_type.json"
        },
        {
            "uri": "file:///ivy_branch_type.json"
        },
        {
            "uri": "file:///get_ivy_solver_settings.json"
        },
        {
            "uri": "file:///merge_meshes.json"
        },
        {
            "uri": "file:///merge_points.json"
        },
        {
            "uri": "file:///merge_strands.json"
        },
        {
            "uri": "file:///merge_geometry.json"
        },
        {
            "uri": "file:///build_closest_accelerator.json"
        },
        {
            "uri": "file:///build_raycast_accelerator.json"
        },
        {
            "uri": "file:///get_mesh_structure.json"
        },
        {
            "uri": "file:///Core_Array_flatten_nested_array.json"
        },
        {
            "uri": "file:///mesh_nodedefs.json"
        },
        {
            "uri": "file:///simulation_types.json"
        },
        {
            "uri": "file:///simulation_nodedefs.json"
        },
        {
            "uri": "file:///jotun_rand.json"
        },
        {
            "uri": "file:///random_value.json"
        },
        {
            "uri": "file:///Core_Constants_default_value.json"
        },
        {
            "uri": "file:///Math_change_range.json"
        },
        {
            "uri": "file:///one_minus.json"
        },
        {
            "uri": "file:///sample_closest_in_radius_accelerator.json"
        },
        {
            "uri": "file:///array_average.json"
        },
        {
            "uri": "file:///sample_raycast_accelerator.json"
        },
        {
            "uri": "file:///Core_Array_all_any_array.json"
        },
        {
            "uri": "file:///sample_closest_accelerator.json"
        },
        {
            "uri": "file:///Profiler.json"
        },
        {
            "uri": "file:///object_profiler.json"
        },
        {
            "uri": "file:///resize_vector.json"
        },
        {
            "uri": "file:///distance_between_vectors.json"
        },
        {
            "uri": "file:///twice_of.json"
        },
        {
            "uri": "file:///Math_degrees_to_radians.json"
        },
        {
            "uri": "file:///set_point_length.json"
        },
        {
            "uri": "file:///instances.json"
        },
        {
            "uri": "file:///change_range.json"
        },
        {
            "uri": "file:///randomize_selection.json"
        },
        {
            "uri": "file:///delete_points_in_points.json"
        },
        {
            "uri": "file:///delete_points.json"
        },
        {
            "uri": "file:///find_all_in_array.json"
        },
        {
            "uri": "file:///cull_points.json"
        },
        {
            "uri": "file:///create_mesh_plane.json"
        },
        {
            "uri": "file:///create_instances.json"
        },
        {
            "uri": "file:///set_point_scale.json"
        },
        {
            "uri": "file:///set_point_orientation.json"
        },
        {
            "uri": "file:///Math_matrix_to_quaternion.json"
        },
        {
            "uri": "file:///normal_and_tangent_to_orientation.json"
        },
        {
            "uri": "file:///Math_euler_to_quaternion.json"
        },
        {
            "uri": "file:///set_orientation_value.json"
        },
        {
            "uri": "file:///set_point_size.json"
        },
        {
            "uri": "file:///set_strands_shape.json"
        },
        {
            "uri": "file:///validate_strands.json"
        },
        {
            "uri": "file:///construct_strands.json"
        },
        {
            "uri": "file:///cumulative_sum_array.json"
        },
        {
            "uri": "file:///get_strands_structure.json"
        },
        {
            "uri": "file:///get_strands_end_points.json"
        },
        {
            "uri": "file:///set_strand_length.json"
        },
        {
            "uri": "file:///get_points_in_radius.json"
        },
        {
            "uri": "file:///int_filter.json"
        },
        {
            "uri": "file:///get_array_indices.json"
        },
        {
            "uri": "file:///update_point_strand_index.json"
        },
        {
            "uri": "file:///check_point_strand_index.json"
        },
        {
            "uri": "file:///update_strands_ratio.json"
        },
        {
            "uri": "file:///get_geo_property_or_default.json"
        },
        {
            "uri": "file:///simulation_types_2.json"
        },
        {
            "uri": "file:///insert_child_object.json"
        },
        {
            "uri": "file:///add_influence_property.json"
        },
        {
            "uri": "file:///influence_set_property.json"
        },
        {
            "uri": "file:///euler_to_rotation_vector.json"
        },
        {
            "uri": "file:///influence_set_spin.json"
        },
        {
            "uri": "file:///influence_fields_types.json"
        },
        {
            "uri": "file:///Core_Array_empty_array.json"
        },
        {
            "uri": "file:///set_has_animated_properties.json"
        },
        {
            "uri": "file:///remap_source_to_property_name.json"
        },
        {
            "uri": "file:///source_to_property_name.json"
        },
        {
            "uri": "file:///vary_source_property.json"
        },
        {
            "uri": "file:///set_spin_value.json"
        },
        {
            "uri": "file:///remove_from_array.json"
        },
        {
            "uri": "file:///array_conversion_type.json"
        },
        {
            "uri": "file:///flatten_2D_array.json"
        },
        {
            "uri": "file:///transpose_2D_array.json"
        },
        {
            "uri": "file:///Math_within_bounds.json"
        },
        {
            "uri": "file:///generate_ivy_core.json"
        },
        {
            "uri": "file:///set_point_ratio.json"
        },
        {
            "uri": "file:///set_point_tangent.json"
        },
        {
            "uri": "file:///convert_to_points.json"
        },
        {
            "uri": "file:///ivy_default_leaf_mesh.json"
        },
        {
            "uri": "file:///get_strands_start_points.json"
        },
        {
            "uri": "file:///generate_ivy.json"
        }
    ],
    "namespaces": [],
    "types": [],
    "compounds": [
        {
            "name": "MJCG::Graphs::ivy_basic_growth",
            "uriImported": "file:///__duplicateCompoundURIHelper__",
            "metadata": [
                {
                    "metaName": "io_nodes",
                    "metadata": [
                        {
                            "metaName": "io_inodes",
                            "metadata": [
                                {
                                    "metaName": "input",
                                    "metadata": [
                                        {
                                            "metaName": "DisplayMode",
                                            "metaType": "string",
                                            "metaValue": "2"
                                        },
                                        {
                                            "metaName": "LayoutPos",
                                            "metaType": "string",
                                            "metaValue": "113.158 196.344"
                                        }
                                    ]
                                }
                            ]
                        },
                        {
                            "metaName": "io_onodes",
                            "metadata": [
                                {
                                    "metaName": "output",
                                    "metadata": [
                                        {
                                            "metaName": "DisplayMode",
                                            "metaType": "string",
                                            "metaValue": "2"
                                        },
                                        {
                                            "metaName": "io_ports"
                                        },
                                        {
                                            "metaName": "LayoutPos",
                                            "metaType": "string",
                                            "metaValue": "117.578 362.74"
                                        }
                                    ]
                                }
                            ]
                        }
                    ]
                },
                {
                    "metaName": "_recentNode_",
                    "metaType": "string",
                    "metaValue": "BifrostGraph,MJCG::Modeling::Growth,generate_ivy"
                },
                {
                    "metaName": "_recentNode_",
                    "metaType": "string",
                    "metaValue": "BifrostGraph,MJCG::Modeling::Growth,ivy_seeds"
                },
                {
                    "metaName": "_recentNode_",
                    "metaType": "string",
                    "metaValue": "BifrostGraph,MJCG::Modeling::Growth,ivy_light"
                },
                {
                    "metaName": "_recentNode_",
                    "metaType": "string",
                    "metaValue": "BifrostGraph,MJCG::Modeling::Growth,ivy_surface"
                },
                {
                    "metaName": "_recentNode_",
                    "metaType": "string",
                    "metaValue": "BifrostGraph,MJCG::Modeling::Growth::Internal,generate_ivy_core"
                },
                {
                    "metaName": "backdrop",
                    "metadata": [
                        {
                            "metaName": "type",
                            "metaType": "string",
                            "metaValue": "backdrop"
                        },
                        {
                            "metaName": "color",
                            "metaType": "string",
                            "metaValue": "#456d4e"
                        },
                        {
                            "metaName": "text",
                            "metaType": "string",
                            "metaValue": "Init seeds and leaf settings. The seeds are the positions from where the ivy will start growing."
                        },
                        {
                            "metaName": "coords",
                            "metaType": "string",
                            "metaValue": "-892.048 -34.4837 543.972 356.551"
                        }
                    ]
                },
                {
                    "metaName": "backdrop1",
                    "metadata": [
                        {
                            "metaName": "type",
                            "metaType": "string",
                            "metaValue": "backdrop"
                        },
                        {
                            "metaName": "color",
                            "metaType": "string",
                            "metaValue": "#36606d"
                        },
                        {
                            "metaName": "text",
                            "metaType": "string",
                            "metaValue": "Init a surface for the ivy to grow onto."
                        },
                        {
                            "metaName": "coords",
                            "metaType": "string",
                            "metaValue": "-891.4 352.596 541.336 340.073"
                        }
                    ]
                },
                {
                    "metaName": "backdrop2",
                    "metadata": [
                        {
                            "metaName": "type",
                            "metaType": "string",
                            "metaValue": "backdrop"
                        },
                        {
                            "metaName": "color",
                            "metaType": "string",
                            "metaValue": "#6d3f3f"
                        },
                        {
                            "metaName": "text",
                            "metaType": "string",
                            "metaValue": "Generates the ivy growth. Processing mode is set to \"iteration\", \nso only the final result is generated."
                        },
                        {
                            "metaName": "coords",
                            "metaType": "string",
                            "metaValue": "-285.02 132.965 337.987 448.317"
                        }
                    ]
                },
                {
                    "metaName": "ViewportRect",
                    "metaType": "string",
                    "metaValue": "-953.576 -96.724 1377.4 841.57"
                },
                {
                    "metaName": "compoundIsGraph",
                    "metaValue": "true"
                },
                {
                    "metaName": "author",
                    "metaType": "string",
                    "metaValue": "Maxime Jeanmougin"
                },
                {
                    "metaName": "category",
                    "metaType": "string",
                    "metaValue": "MJCG"
                },
                {
                    "metaName": "description",
                    "metaType": "string",
                    "metaValue": "A basic ivy generation on a surface."
                },
                {
                    "metaName": "thumbnail",
                    "metaType": "string",
                    "metaValue": "ivy_basic_growth_thumb.png"
                }
            ],
            "ports": [],
            "compoundNodes": [
                {
                    "nodeName": "create_mesh_cube",
                    "nodeType": "Modeling::Primitive::create_mesh_cube",
                    "metadata": [
                        {
                            "metaName": "DisplayMode",
                            "metaType": "string",
                            "metaValue": "2"
                        },
                        {
                            "metaName": "LayoutPos",
                            "metaType": "string",
                            "metaValue": "-872.241 437.066"
                        }
                    ]
                },
                {
                    "nodeName": "ivy_surface",
                    "nodeType": "MJCG::Modeling::Growth::ivy_surface",
                    "fanInPortNames": {
                        "mesh": [
                            "cube_mesh"
                        ]
                    },
                    "metadata": [
                        {
                            "metaName": "DisplayMode",
                            "metaType": "string",
                            "metaValue": "2"
                        },
                        {
                            "metaName": "LayoutPos",
                            "metaType": "string",
                            "metaValue": "-605.297 414.029"
                        }
                    ]
                },
                {
                    "nodeName": "value2",
                    "valueType": "Math::float3",
                    "metadata": [
                        {
                            "metaName": "DisplayMode",
                            "metaType": "string",
                            "metaValue": "2"
                        },
                        {
                            "metaName": "LayoutPos",
                            "metaType": "string",
                            "metaValue": "-873.593 34.2014"
                        },
                        {
                            "metaName": "valuenode_defaultvalue",
                            "metaType": "string",
                            "metaValue": "0"
                        },
                        {
                            "metaName": "valuenode_defaultvalue",
                            "metaType": "string",
                            "metaValue": "0"
                        },
                        {
                            "metaName": "valuenode_defaultvalue",
                            "metaType": "string",
                            "metaValue": "0"
                        }
                    ]
                },
                {
                    "nodeName": "ivy_seeds",
                    "nodeType": "MJCG::Modeling::Growth::ivy_seeds",
                    "fanInPortNames": {
                        "positions": [
                            "output"
                        ],
                        "leaf_geometries": []
                    },
                    "metadata": [
                        {
                            "metaName": "DisplayMode",
                            "metaType": "string",
                            "metaValue": "2"
                        },
                        {
                            "metaName": "LayoutPos",
                            "metaType": "string",
                            "metaValue": "-606.781 10.7442"
                        }
                    ]
                },
                {
                    "nodeName": "generate_ivy",
                    "nodeType": "MJCG::Modeling::Growth::generate_ivy",
                    "fanInPortNames": {
                        "surfaces": [
                            "surface"
                        ],
                        "Lights": [],
                        "seeds": [
                            "seeds"
                        ]
                    },
                    "deactivatedTerminals": [
                        "Core::Graph::terminal::final",
                        "Core::Graph::terminal::diagnostic"
                    ],
                    "metadata": [
                        {
                            "metaName": "DisplayMode",
                            "metaType": "string",
                            "metaValue": "2"
                        },
                        {
                            "metaName": "LayoutPos",
                            "metaType": "string",
                            "metaValue": "-236.128 194.68"
                        }
                    ]
                }
            ],
            "connections": [
                {
                    "source": "create_mesh_cube.cube_mesh",
                    "target": "ivy_surface.mesh.cube_mesh"
                },
                {
                    "source": "value2.output",
                    "target": "ivy_seeds.positions.output"
                },
                {
                    "source": "ivy_surface.surface",
                    "target": "generate_ivy.surfaces.surface"
                },
                {
                    "source": "ivy_seeds.seeds",
                    "target": "generate_ivy.seeds.seeds"
                }
            ],
            "values": [
                {
                    "valueName": "create_mesh_cube.length",
                    "valueType": "float",
                    "value": "1f"
                },
                {
                    "valueName": "create_mesh_cube.width",
                    "valueType": "float",
                    "value": "5f"
                },
                {
                    "valueName": "create_mesh_cube.height",
                    "valueType": "float",
                    "value": "5f"
                },
                {
                    "valueName": "create_mesh_cube.position",
                    "valueType": "Math::float3",
                    "value": {
                        "x": "0f",
                        "y": "0f",
                        "z": "-0.550000012f"
                    }
                },
                {
                    "valueName": "create_mesh_cube.base_to_pivot",
                    "valueType": "bool",
                    "value": "true"
                },
                {
                    "valueName": "ivy_surface.display_property",
                    "valueType": "MJCG::ivySurfaceDiagnosticType",
                    "value": "Off"
                },
                {
                    "valueName": "value2.value",
                    "valueType": "Math::float3",
                    "value": {
                        "x": "0f",
                        "y": "0f",
                        "z": "0f"
                    }
                },
                {
                    "valueName": "ivy_seeds.tilt_angle",
                    "valueType": "float",
                    "value": "5f"
                },
                {
                    "valueName": "generate_ivy.max_iterations",
                    "valueType": "long",
                    "value": "150"
                }
            ],
            "reservedNodeNames": [
                {
                    "name": "input"
                },
                {
                    "name": "output"
                }
            ]
        }
    ]
}
