{
    "header": {
        "metadata": [
            {
                "metaName": "adskFileFormatVersion",
                "metaValue": "100L"
            }
        ]
    },
    "dependencies": [
        {
            "uri": "file:///Math_types.json"
        },
        {
            "uri": "file:///Math_long.json"
        },
        {
            "uri": "file:///Math_float.json"
        },
        {
            "uri": "file:///Math_double.json"
        },
        {
            "uri": "file:///Math_char.json"
        },
        {
            "uri": "file:///Math_int.json"
        },
        {
            "uri": "file:///Math_short.json"
        },
        {
            "uri": "file:///Math_uchar.json"
        },
        {
            "uri": "file:///Math_uint.json"
        },
        {
            "uri": "file:///Math_ulong.json"
        },
        {
            "uri": "file:///Math_ushort.json"
        },
        {
            "uri": "file:///riv_types.json"
        },
        {
            "uri": "file:///bifrost_object_i.json"
        },
        {
            "uri": "file:///point_types.json"
        },
        {
            "uri": "file:///FCurve.json"
        },
        {
            "uri": "file:///riv_ops.json"
        },
        {
            "uri": "file:///increment_decrement.json"
        },
        {
            "uri": "file:///CoreStringOps.json"
        },
        {
            "uri": "file:///Math_conversion.json"
        },
        {
            "uri": "file:///Math_bool.json"
        },
        {
            "uri": "file:///Math_constants.json"
        }
    ],
    "namespaces": [],
    "types": [],
    "compounds": [
        {
            "name": "MJCG::Core::String::hash_string",
            "uriImported": "file:///hash_string.json",
            "metadata": [
                {
                    "metaName": "documentation",
                    "metaType": "string",
                    "metaValue": "../string/docs/hash_string.md"
                },
                {
                    "metaName": "icon",
                    "metaType": "string",
                    "metaValue": "../icons/mjcg.png"
                },
                {
                    "metaName": "io_nodes",
                    "metadata": [
                        {
                            "metaName": "io_inodes",
                            "metadata": [
                                {
                                    "metaName": "input",
                                    "metadata": [
                                        {
                                            "metaName": "DisplayMode",
                                            "metaType": "string",
                                            "metaValue": "2"
                                        },
                                        {
                                            "metaName": "LayoutPos",
                                            "metaType": "string",
                                            "metaValue": "-901.79 218.509"
                                        },
                                        {
                                            "metaName": "io_ports",
                                            "metadata": [
                                                {
                                                    "metaName": "string"
                                                }
                                            ]
                                        }
                                    ]
                                }
                            ]
                        },
                        {
                            "metaName": "io_onodes",
                            "metadata": [
                                {
                                    "metaName": "output",
                                    "metadata": [
                                        {
                                            "metaName": "DisplayMode",
                                            "metaType": "string",
                                            "metaValue": "2"
                                        },
                                        {
                                            "metaName": "LayoutPos",
                                            "metaType": "string",
                                            "metaValue": "-123.79 97.4102"
                                        },
                                        {
                                            "metaName": "io_ports",
                                            "metadata": [
                                                {
                                                    "metaName": "hash"
                                                }
                                            ]
                                        }
                                    ]
                                }
                            ]
                        }
                    ]
                },
                {
                    "metaName": "_recentNode_",
                    "metaType": "string",
                    "metaValue": "BifrostGraph,Core::Constants,numeric_max"
                },
                {
                    "metaName": "_recentNode_",
                    "metaType": "string",
                    "metaValue": "BifrostGraph,Core::Math,max"
                },
                {
                    "metaName": "_recentNode_",
                    "metaType": "string",
                    "metaValue": "BifrostGraph,Core::Type_Conversion,to_long"
                },
                {
                    "metaName": "_recentNode_",
                    "metaType": "string",
                    "metaValue": "BifrostGraph,Core::String,string_length"
                },
                {
                    "metaName": "_recentNode_",
                    "metaType": "string",
                    "metaValue": "BifrostGraph,Core::Math,decrement"
                },
                {
                    "metaName": "ViewportRect",
                    "metaType": "string",
                    "metaValue": "-1031.18 -104.382 1262.35 791.765"
                },
                {
                    "metaName": "DisplayMode",
                    "metaType": "string",
                    "metaValue": "2"
                },
                {
                    "metaName": "LayoutPos",
                    "metaType": "string",
                    "metaValue": "734.457 351.128"
                }
            ],
            "ports": [
                {
                    "portName": "string",
                    "portDirection": "input",
                    "portType": "string"
                },
                {
                    "portName": "hash",
                    "portDirection": "output",
                    "portType": "long"
                }
            ],
            "compounds": [
                {
                    "name": "compute_hash",
                    "uriImported": "file:///hash_string.json",
                    "metadata": [
                        {
                            "metaName": "icon",
                            "metaType": "string",
                            "metaValue": "<NATIVE>../icons/LoopIterate.svg"
                        },
                        {
                            "metaName": "icon",
                            "metaType": "string",
                            "metaValue": "<NATIVE>../icons/LoopIterate.svg"
                        },
                        {
                            "metaName": "icon",
                            "metaType": "string",
                            "metaValue": "<NATIVE>../icons/LoopIterate.svg"
                        },
                        {
                            "metaName": "io_nodes",
                            "metadata": [
                                {
                                    "metaName": "io_inodes",
                                    "metadata": [
                                        {
                                            "metaName": "input",
                                            "metadata": [
                                                {
                                                    "metaName": "DisplayMode",
                                                    "metaType": "string",
                                                    "metaValue": "2"
                                                },
                                                {
                                                    "metaName": "LayoutPos",
                                                    "metaType": "string",
                                                    "metaValue": "-826.279 428.049"
                                                },
                                                {
                                                    "metaName": "io_ports",
                                                    "metadata": [
                                                        {
                                                            "metaName": "max_iterations"
                                                        },
                                                        {
                                                            "metaName": "current_index"
                                                        },
                                                        {
                                                            "metaName": "string"
                                                        }
                                                    ]
                                                }
                                            ]
                                        },
                                        {
                                            "metaName": "input1",
                                            "metadata": [
                                                {
                                                    "metaName": "DisplayMode",
                                                    "metaType": "string",
                                                    "metaValue": "2"
                                                },
                                                {
                                                    "metaName": "LayoutPos",
                                                    "metaType": "string",
                                                    "metaValue": "411.66 -94.4176"
                                                },
                                                {
                                                    "metaName": "io_ports",
                                                    "metadata": [
                                                        {
                                                            "metaName": "modulo"
                                                        }
                                                    ]
                                                }
                                            ]
                                        },
                                        {
                                            "metaName": "input2",
                                            "metadata": [
                                                {
                                                    "metaName": "DisplayMode",
                                                    "metaType": "string",
                                                    "metaValue": "2"
                                                },
                                                {
                                                    "metaName": "LayoutPos",
                                                    "metaType": "string",
                                                    "metaValue": "679.536 218.406"
                                                },
                                                {
                                                    "metaName": "io_ports",
                                                    "metadata": [
                                                        {
                                                            "metaName": "partial_hash"
                                                        }
                                                    ]
                                                }
                                            ]
                                        },
                                        {
                                            "metaName": "input4",
                                            "metadata": [
                                                {
                                                    "metaName": "DisplayMode",
                                                    "metaType": "string",
                                                    "metaValue": "2"
                                                },
                                                {
                                                    "metaName": "LayoutPos",
                                                    "metaType": "string",
                                                    "metaValue": "83.5732 -144.851"
                                                },
                                                {
                                                    "metaName": "io_ports",
                                                    "metadata": [
                                                        {
                                                            "metaName": "prime"
                                                        },
                                                        {
                                                            "metaName": "partial_prime_power"
                                                        }
                                                    ]
                                                }
                                            ]
                                        }
                                    ]
                                },
                                {
                                    "metaName": "io_onodes",
                                    "metadata": [
                                        {
                                            "metaName": "output1",
                                            "metadata": [
                                                {
                                                    "metaName": "DisplayMode",
                                                    "metaType": "string",
                                                    "metaValue": "2"
                                                },
                                                {
                                                    "metaName": "io_ports",
                                                    "metadata": [
                                                        {
                                                            "metaName": "hash"
                                                        },
                                                        {
                                                            "metaName": "prime_power"
                                                        }
                                                    ]
                                                },
                                                {
                                                    "metaName": "LayoutPos",
                                                    "metaType": "string",
                                                    "metaValue": "1516.62 -297.992"
                                                }
                                            ]
                                        }
                                    ]
                                }
                            ]
                        },
                        {
                            "metaName": "_recentNode_",
                            "metaType": "string",
                            "metaValue": "BifrostGraph,Core::Math,modulo"
                        },
                        {
                            "metaName": "_recentNode_",
                            "metaType": "string",
                            "metaValue": "output"
                        },
                        {
                            "metaName": "_recentNode_",
                            "metaType": "string",
                            "metaValue": "BifrostGraph,Core::Math,multiply"
                        },
                        {
                            "metaName": "_recentNode_",
                            "metaType": "string",
                            "metaValue": "BifrostGraph,Core::Iterators,do_while"
                        },
                        {
                            "metaName": "_recentNode_",
                            "metaType": "string",
                            "metaValue": "BifrostGraph,Core::String,string_length"
                        },
                        {
                            "metaName": "backdrop",
                            "metadata": [
                                {
                                    "metaName": "type",
                                    "metaType": "string",
                                    "metaValue": "backdrop"
                                },
                                {
                                    "metaName": "color",
                                    "metaType": "string",
                                    "metaValue": "#6d4343"
                                },
                                {
                                    "metaName": "coords",
                                    "metaType": "string",
                                    "metaValue": "1017.03 -335.597 356.538 85.8608"
                                },
                                {
                                    "metaName": "text",
                                    "metaType": "string",
                                    "metaValue": "Algorithm author: e-maxx aka maxdiver aka ivanov maxim\n\nORIGINAL: http://e-maxx.ru/algo/string_hashes\nENGLISH:   https://cp-algorithms.com/string/string-hashing.html"
                                }
                            ]
                        },
                        {
                            "metaName": "ViewportRect",
                            "metaType": "string",
                            "metaValue": "-906.323 -699.509 2728.25 1711.2"
                        }
                    ],
                    "ports": [
                        {
                            "portName": "max_iterations",
                            "portDirection": "input",
                            "portType": "long",
                            "portIterationLimit": "true"
                        },
                        {
                            "portName": "current_index",
                            "portDirection": "input",
                            "portType": "long",
                            "portIterationCounter": "true"
                        },
                        {
                            "portName": "string",
                            "portDirection": "input",
                            "portType": "string"
                        },
                        {
                            "portName": "modulo",
                            "portDirection": "input",
                            "portType": "int"
                        },
                        {
                            "portName": "prime",
                            "portDirection": "input",
                            "portType": "int"
                        },
                        {
                            "portName": "partial_hash",
                            "portDirection": "input",
                            "portType": "long"
                        },
                        {
                            "portName": "hash",
                            "portDirection": "output",
                            "portType": "long"
                        },
                        {
                            "portName": "partial_prime_power",
                            "portDirection": "input",
                            "portType": "long"
                        },
                        {
                            "portName": "prime_power",
                            "portDirection": "output",
                            "portType": "long"
                        }
                    ],
                    "compounds": [
                        {
                            "name": "find_character_index",
                            "uriImported": "file:///hash_string.json",
                            "metadata": [
                                {
                                    "metaName": "icon",
                                    "metaType": "string",
                                    "metaValue": "<NATIVE>../icons/LoopDo_While.svg"
                                },
                                {
                                    "metaName": "icon",
                                    "metaType": "string",
                                    "metaValue": "<NATIVE>../icons/LoopDo_While.svg"
                                },
                                {
                                    "metaName": "icon",
                                    "metaType": "string",
                                    "metaValue": "<NATIVE>../icons/LoopDo_While.svg"
                                },
                                {
                                    "metaName": "io_nodes",
                                    "metadata": [
                                        {
                                            "metaName": "io_inodes",
                                            "metadata": [
                                                {
                                                    "metaName": "input",
                                                    "metadata": [
                                                        {
                                                            "metaName": "DisplayMode",
                                                            "metaType": "string",
                                                            "metaValue": "2"
                                                        },
                                                        {
                                                            "metaName": "LayoutPos",
                                                            "metaType": "string",
                                                            "metaValue": "-805 -12"
                                                        },
                                                        {
                                                            "metaName": "io_ports",
                                                            "metadata": [
                                                                {
                                                                    "metaName": "max_iterations"
                                                                },
                                                                {
                                                                    "metaName": "current_index"
                                                                },
                                                                {
                                                                    "metaName": "list"
                                                                },
                                                                {
                                                                    "metaName": "character"
                                                                }
                                                            ]
                                                        }
                                                    ]
                                                }
                                            ]
                                        },
                                        {
                                            "metaName": "io_onodes",
                                            "metadata": [
                                                {
                                                    "metaName": "output",
                                                    "metadata": [
                                                        {
                                                            "metaName": "DisplayMode",
                                                            "metaType": "string",
                                                            "metaValue": "2"
                                                        },
                                                        {
                                                            "metaName": "LayoutPos",
                                                            "metaType": "string",
                                                            "metaValue": "90 -72"
                                                        },
                                                        {
                                                            "metaName": "io_ports",
                                                            "metadata": [
                                                                {
                                                                    "metaName": "looping_condition"
                                                                },
                                                                {
                                                                    "metaName": "found"
                                                                },
                                                                {
                                                                    "metaName": "index"
                                                                }
                                                            ]
                                                        }
                                                    ]
                                                }
                                            ]
                                        }
                                    ]
                                },
                                {
                                    "metaName": "_recentNode_",
                                    "metaType": "string",
                                    "metaValue": "BifrostGraph,Core::Logic,not"
                                },
                                {
                                    "metaName": "_recentNode_",
                                    "metaType": "string",
                                    "metaValue": "BifrostGraph,Core::Math,increment"
                                },
                                {
                                    "metaName": "_recentNode_",
                                    "metaType": "string",
                                    "metaValue": "BifrostGraph,Core::String,string_find"
                                },
                                {
                                    "metaName": "_recentNode_",
                                    "metaType": "string",
                                    "metaValue": "BifrostGraph,Core::Iterators,do_while"
                                },
                                {
                                    "metaName": "_recentNode_",
                                    "metaType": "string",
                                    "metaValue": "BifrostGraph,Core::String,string_length"
                                },
                                {
                                    "metaName": "ViewportRect",
                                    "metaType": "string",
                                    "metaValue": "-1156.05 -220 1823.09 514"
                                }
                            ],
                            "ports": [
                                {
                                    "portName": "max_iterations",
                                    "portDirection": "input",
                                    "portType": "long",
                                    "portIterationLimit": "true"
                                },
                                {
                                    "portName": "current_index",
                                    "portDirection": "input",
                                    "portType": "long",
                                    "portIterationCounter": "true"
                                },
                                {
                                    "portName": "list",
                                    "portDirection": "input",
                                    "portType": "string"
                                },
                                {
                                    "portName": "character",
                                    "portDirection": "input",
                                    "portType": "string"
                                },
                                {
                                    "portName": "found",
                                    "portDirection": "output",
                                    "portType": "bool"
                                },
                                {
                                    "portName": "index",
                                    "portDirection": "output",
                                    "portType": "long"
                                }
                            ],
                            "compoundNodes": [
                                {
                                    "nodeName": "string_find",
                                    "nodeType": "Core::String::string_find",
                                    "metadata": [
                                        {
                                            "metaName": "DisplayMode",
                                            "metaType": "string",
                                            "metaValue": "2"
                                        },
                                        {
                                            "metaName": "LayoutPos",
                                            "metaType": "string",
                                            "metaValue": "-495.5 -49"
                                        }
                                    ]
                                },
                                {
                                    "nodeName": "increment",
                                    "nodeType": "Core::Math::increment",
                                    "metadata": [
                                        {
                                            "metaName": "DisplayMode",
                                            "metaType": "string",
                                            "metaValue": "2"
                                        },
                                        {
                                            "metaName": "LayoutPos",
                                            "metaType": "string",
                                            "metaValue": "-211.5 54"
                                        }
                                    ]
                                },
                                {
                                    "nodeName": "not",
                                    "nodeType": "Core::Logic::not",
                                    "metadata": [
                                        {
                                            "metaName": "DisplayMode",
                                            "metaType": "string",
                                            "metaValue": "2"
                                        },
                                        {
                                            "metaName": "LayoutPos",
                                            "metaType": "string",
                                            "metaValue": "-224.5 -180"
                                        }
                                    ]
                                }
                            ],
                            "connections": [
                                {
                                    "source": ".list",
                                    "target": "string_find.string"
                                },
                                {
                                    "source": ".character",
                                    "target": "string_find.find"
                                },
                                {
                                    "source": "string_find.index",
                                    "target": "increment.value"
                                },
                                {
                                    "source": "string_find.found",
                                    "target": "not.value"
                                },
                                {
                                    "source": "not.output",
                                    "target": ".looping_condition"
                                },
                                {
                                    "source": "string_find.found",
                                    "target": ".found"
                                },
                                {
                                    "source": "increment.output",
                                    "target": ".index"
                                }
                            ],
                            "values": [],
                            "whileCompound": {
                                "ports": []
                            }
                        }
                    ],
                    "compoundNodes": [
                        {
                            "nodeName": "get_from_string",
                            "nodeType": "Core::String::get_from_string",
                            "metadata": [
                                {
                                    "metaName": "DisplayMode",
                                    "metaType": "string",
                                    "metaValue": "2"
                                },
                                {
                                    "metaName": "LayoutPos",
                                    "metaType": "string",
                                    "metaValue": "-499.835 455.148"
                                }
                            ]
                        },
                        {
                            "nodeName": "modulo",
                            "nodeType": "Core::Math::modulo",
                            "metadata": [
                                {
                                    "metaName": "DisplayMode",
                                    "metaType": "string",
                                    "metaValue": "2"
                                },
                                {
                                    "metaName": "LayoutPos",
                                    "metaType": "string",
                                    "metaValue": "712.286 -271.744"
                                }
                            ]
                        },
                        {
                            "nodeName": "multiply1",
                            "nodeType": "Core::Math::multiply",
                            "multiInPortNames": [
                                "partial_prime_power",
                                "index"
                            ],
                            "metadata": [
                                {
                                    "metaName": "DisplayMode",
                                    "metaType": "string",
                                    "metaValue": "2"
                                },
                                {
                                    "metaName": "LayoutPos",
                                    "metaType": "string",
                                    "metaValue": "409.197 117.212"
                                }
                            ]
                        },
                        {
                            "nodeName": "add",
                            "nodeType": "Core::Math::add",
                            "multiInPortNames": [
                                "unsigned_long",
                                "port"
                            ],
                            "metadata": [
                                {
                                    "metaName": "DisplayMode",
                                    "metaType": "string",
                                    "metaValue": "2"
                                },
                                {
                                    "metaName": "LayoutPos",
                                    "metaType": "string",
                                    "metaValue": "946.79 95.9634"
                                }
                            ]
                        },
                        {
                            "nodeName": "string_length",
                            "nodeType": "Core::String::string_length",
                            "metadata": [
                                {
                                    "metaName": "DisplayMode",
                                    "metaType": "string",
                                    "metaValue": "2"
                                },
                                {
                                    "metaName": "LayoutPos",
                                    "metaType": "string",
                                    "metaValue": "-198.93 76.0594"
                                }
                            ]
                        },
                        {
                            "nodeName": "value1",
                            "valueType": "string",
                            "metadata": [
                                {
                                    "metaName": "DisplayMode",
                                    "metaType": "string",
                                    "metaValue": "2"
                                },
                                {
                                    "metaName": "LayoutPos",
                                    "metaType": "string",
                                    "metaValue": "-505.627 260.014"
                                },
                                {
                                    "metaName": "valuenode_defaultvalue",
                                    "metaType": "string",
                                    "metaValue": "0123456789abcdefghijklmnopqrstuvwxyzABCDEFGHIJKLMNOPQRSTUVWXYZ!\"#$%&\\'()*+,-./:;<=>?@[\\\\]^_`{|}~ \\t\\n\\r\\x0b\\x0c"
                                }
                            ]
                        },
                        {
                            "nodeName": "find_character_index",
                            "nodeType": "find_character_index",
                            "metadata": [
                                {
                                    "metaName": "DisplayMode",
                                    "metaType": "string",
                                    "metaValue": "2"
                                },
                                {
                                    "metaName": "LayoutPos",
                                    "metaType": "string",
                                    "metaValue": "84.6324 141.487"
                                }
                            ]
                        },
                        {
                            "nodeName": "multiply",
                            "nodeType": "Core::Math::multiply",
                            "multiInPortNames": [
                                "prime",
                                "partial_prime_power"
                            ],
                            "metadata": [
                                {
                                    "metaName": "DisplayMode",
                                    "metaType": "string",
                                    "metaValue": "2"
                                },
                                {
                                    "metaName": "LayoutPos",
                                    "metaType": "string",
                                    "metaValue": "411.015 -342.257"
                                }
                            ]
                        },
                        {
                            "nodeName": "modulo1",
                            "nodeType": "Core::Math::modulo",
                            "metadata": [
                                {
                                    "metaName": "DisplayMode",
                                    "metaType": "string",
                                    "metaValue": "2"
                                },
                                {
                                    "metaName": "LayoutPos",
                                    "metaType": "string",
                                    "metaValue": "1222.93 -140.973"
                                }
                            ]
                        }
                    ],
                    "connections": [
                        {
                            "source": ".string",
                            "target": "get_from_string.string"
                        },
                        {
                            "source": "value1.output",
                            "target": "string_length.string"
                        },
                        {
                            "source": "string_length.length",
                            "target": "find_character_index.max_iterations"
                        },
                        {
                            "source": ".current_index",
                            "target": "get_from_string.index"
                        },
                        {
                            "source": "value1.output",
                            "target": "find_character_index.list"
                        },
                        {
                            "source": "get_from_string.character",
                            "target": "find_character_index.character"
                        },
                        {
                            "source": ".prime",
                            "target": "multiply.first.prime"
                        },
                        {
                            "source": ".partial_prime_power",
                            "target": "multiply.first.partial_prime_power"
                        },
                        {
                            "source": "multiply.output",
                            "target": "modulo.value"
                        },
                        {
                            "source": "modulo.remainder",
                            "target": ".prime_power"
                        },
                        {
                            "source": ".modulo",
                            "target": "modulo.divisor"
                        },
                        {
                            "source": ".partial_hash",
                            "target": "add.first.port"
                        },
                        {
                            "source": "multiply1.output",
                            "target": "add.first.unsigned_long"
                        },
                        {
                            "source": ".partial_prime_power",
                            "target": "multiply1.first.partial_prime_power"
                        },
                        {
                            "source": "find_character_index.index",
                            "target": "multiply1.first.index"
                        },
                        {
                            "source": "add.output",
                            "target": "modulo1.value"
                        },
                        {
                            "source": ".modulo",
                            "target": "modulo1.divisor"
                        },
                        {
                            "source": "modulo1.remainder",
                            "target": ".hash"
                        }
                    ],
                    "values": [
                        {
                            "valueName": "value1.value",
                            "valueType": "string",
                            "value": "0123456789abcdefghijklmnopqrstuvwxyzABCDEFGHIJKLMNOPQRSTUVWXYZ!\"#$%&\\'()*+,-./:;<=>?@[\\\\]^_`{|}~ \\t\\n\\r\\x0b\\x0c"
                        },
                        {
                            "valueName": "find_character_index.max_iterations",
                            "valueType": "long",
                            "value": "10"
                        }
                    ],
                    "reservedNodeNames": [
                        {
                            "name": "input"
                        },
                        {
                            "name": "input1"
                        },
                        {
                            "name": "input2"
                        },
                        {
                            "name": "input4"
                        },
                        {
                            "name": "output1"
                        }
                    ],
                    "iterateCompound": {
                        "ports": [
                            {
                                "portKind": "state",
                                "inputPortName": "partial_hash",
                                "outputPortName": "hash"
                            },
                            {
                                "portKind": "state",
                                "inputPortName": "partial_prime_power",
                                "outputPortName": "prime_power"
                            }
                        ]
                    }
                }
            ],
            "compoundNodes": [
                {
                    "nodeName": "compute_hash",
                    "nodeType": "compute_hash",
                    "metadata": [
                        {
                            "metaName": "DisplayMode",
                            "metaType": "string",
                            "metaValue": "2"
                        },
                        {
                            "metaName": "LayoutPos",
                            "metaType": "string",
                            "metaValue": "-384.89 97.3387"
                        }
                    ]
                },
                {
                    "nodeName": "string_length",
                    "nodeType": "Core::String::string_length",
                    "metadata": [
                        {
                            "metaName": "DisplayMode",
                            "metaType": "string",
                            "metaValue": "2"
                        },
                        {
                            "metaName": "LayoutPos",
                            "metaType": "string",
                            "metaValue": "-636.067 91.0158"
                        }
                    ]
                }
            ],
            "connections": [
                {
                    "source": ".string",
                    "target": "string_length.string"
                },
                {
                    "source": "string_length.length",
                    "target": "compute_hash.max_iterations"
                },
                {
                    "source": ".string",
                    "target": "compute_hash.string"
                },
                {
                    "source": "compute_hash.hash",
                    "target": ".hash"
                }
            ],
            "values": [
                {
                    "valueName": "compute_hash.max_iterations",
                    "valueType": "long",
                    "value": "10"
                },
                {
                    "valueName": "compute_hash.modulo",
                    "valueType": "int",
                    "value": "1000000009L"
                },
                {
                    "valueName": "compute_hash.prime",
                    "valueType": "int",
                    "value": "31L"
                },
                {
                    "valueName": "compute_hash.partial_prime_power",
                    "valueType": "long",
                    "value": "1"
                }
            ],
            "reservedNodeNames": [
                {
                    "name": "input"
                },
                {
                    "name": "output"
                }
            ]
        }
    ]
}
