{
    "header": {
        "metadata": [
            {
                "metaName": "adskFileFormatVersion",
                "metaValue": "100L"
            }
        ]
    },
    "namespaces": [],
    "types": [
        {
            "structName": "MJCG::Ivy::Node",
            "structMembers": [
                {
                    "memberName": "parent_position",
                    "memberType": "Math::float3"
                },
                {
                    "memberName": "position",
                    "memberType": "Math::float3"
                },
                {
                    "memberName": "direction",
                    "memberType": "Math::float3"
                },
                {
                    "memberName": "normal",
                    "memberType": "Math::float3"
                },
                {
                    "memberName": "color",
                    "memberType": "Math::float3"
                },
                {
                    "memberName": "counter",
                    "memberType": "uint"
                },
                {
                    "memberName": "parent_index",
                    "memberType": "uint"
                },
                {
                    "memberName": "index",
                    "memberType": "uint"
                },
                {
                    "memberName": "parent_branch_index",
                    "memberType": "uint"
                },
                {
                    "memberName": "branch_index",
                    "memberType": "uint"
                },
                {
                    "memberName": "root_index",
                    "memberType": "uint"
                },
                {
                    "memberName": "seed_index",
                    "memberType": "uint"
                },
                {
                    "memberName": "branch_level",
                    "memberType": "uint"
                },
                {
                    "memberName": "nutrition_factor",
                    "memberType": "float"
                },
                {
                    "memberName": "nutrition",
                    "memberType": "float"
                },
                {
                    "memberName": "leaf_size",
                    "memberType": "float"
                },
                {
                    "memberName": "stem_size",
                    "memberType": "float"
                },
                {
                    "memberName": "length",
                    "memberType": "float"
                },
                {
                    "memberName": "absolute_length",
                    "memberType": "float"
                },
                {
                    "memberName": "hanging_length",
                    "memberType": "float"
                },
                {
                    "memberName": "is_attached",
                    "memberType": "bool"
                },
                {
                    "memberName": "is_dead",
                    "memberType": "bool"
                },
                {
                    "memberName": "is_endpoint",
                    "memberType": "bool"
                },
                {
                    "memberName": "has_child_branch",
                    "memberType": "bool"
                }
            ]
        }
    ]
}