{
    "header": {
        "metadata": [
            {
                "metaName": "adskFileFormatVersion",
                "metaValue": "100L"
            }
        ]
    },
    "dependencies": [
        {
            "uri": "file:///bifrost_object_i.json"
        },
        {
            "uri": "file:///Math_types.json"
        },
        {
            "uri": "file:///turtle_state_type.json"
        },
        {
            "uri": "file:///Math_long.json"
        },
        {
            "uri": "file:///Math_float.json"
        },
        {
            "uri": "file:///Math_double.json"
        },
        {
            "uri": "file:///Math_char.json"
        },
        {
            "uri": "file:///Math_int.json"
        },
        {
            "uri": "file:///Math_short.json"
        },
        {
            "uri": "file:///Math_uchar.json"
        },
        {
            "uri": "file:///Math_uint.json"
        },
        {
            "uri": "file:///Math_ulong.json"
        },
        {
            "uri": "file:///Math_ushort.json"
        },
        {
            "uri": "file:///riv_types.json"
        },
        {
            "uri": "file:///point_types.json"
        },
        {
            "uri": "file:///FCurve.json"
        },
        {
            "uri": "file:///riv_ops.json"
        },
        {
            "uri": "file:///jotun_rand.json"
        },
        {
            "uri": "file:///Math_conversion.json"
        },
        {
            "uri": "file:///increment_decrement.json"
        },
        {
            "uri": "file:///random_value.json"
        },
        {
            "uri": "file:///half_of.json"
        },
        {
            "uri": "file:///Math_axis_angle_to_quaternion.json"
        },
        {
            "uri": "file:///Math_degrees_to_radians.json"
        },
        {
            "uri": "file:///Math_multiply_quaternions.json"
        },
        {
            "uri": "file:///Math_bool.json"
        },
        {
            "uri": "file:///Math_rotate_by_quaternion.json"
        },
        {
            "uri": "file:///Math_euler_to_quaternion.json"
        },
        {
            "uri": "file:///remove_last_in_array.json"
        },
        {
            "uri": "file:///CoreStringOps.json"
        },
        {
            "uri": "file:///bifrost_geometry_query_types.json"
        },
        {
            "uri": "file:///geometry_types.json"
        },
        {
            "uri": "file:///create_object_from_schema.json"
        },
        {
            "uri": "file:///set_property_any.json"
        },
        {
            "uri": "file:///set_property.json"
        },
        {
            "uri": "file:///get_property_any.json"
        },
        {
            "uri": "file:///get_property.json"
        },
        {
            "uri": "file:///set_sub_object_property.json"
        },
        {
            "uri": "file:///validate_strands.json"
        },
        {
            "uri": "file:///construct_strands.json"
        },
        {
            "uri": "file:///has_property.json"
        },
        {
            "uri": "file:///create_volume_geo_prop.json"
        },
        {
            "uri": "file:///is_a.json"
        },
        {
            "uri": "file:///is_a_mesh.json"
        },
        {
            "uri": "file:///is_a_strands.json"
        },
        {
            "uri": "file:///is_a_points.json"
        },
        {
            "uri": "file:///is_a_volume.json"
        },
        {
            "uri": "file:///get_geo_schema_type.json"
        },
        {
            "uri": "file:///switch_is_a.json"
        },
        {
            "uri": "file:///get_target_component.json"
        },
        {
            "uri": "file:///create_data_geo_prop.json"
        },
        {
            "uri": "file:///get_geo_component_count.json"
        },
        {
            "uri": "file:///set_geo_property.array.json"
        },
        {
            "uri": "file:///set_geo_property.scalar.json"
        },
        {
            "uri": "file:///set_point_size.json"
        },
        {
            "uri": "file:///add_points_to_points.json"
        },
        {
            "uri": "file:///validate_points.json"
        },
        {
            "uri": "file:///construct_points.json"
        },
        {
            "uri": "file:///set_point_orientation.json"
        },
        {
            "uri": "file:///Math_quaternion_to_matrix.json"
        },
        {
            "uri": "file:///Math_compose_transform_matrix.json"
        },
        {
            "uri": "file:///Math_matrix_to_quaternion.json"
        },
        {
            "uri": "file:///Math_vector3_to_vector4.json"
        },
        {
            "uri": "file:///Math_vector4_to_vector3.json"
        },
        {
            "uri": "file:///multiply_vector_by_matrix.json"
        },
        {
            "uri": "file:///set_point_length.json"
        },
        {
            "uri": "file:///get_property_keys.json"
        },
        {
            "uri": "file:///is_empty.json"
        },
        {
            "uri": "file:///materials.json"
        },
        {
            "uri": "file:///instances.json"
        },
        {
            "uri": "file:///Core_Array_flatten_nested_array.json"
        },
        {
            "uri": "file:///Core_Array_array_is_empty.json"
        },
        {
            "uri": "file:///Math_array.json"
        },
        {
            "uri": "file:///CoreArrayOps.json"
        },
        {
            "uri": "file:///validate_mesh.json"
        },
        {
            "uri": "file:///construct_mesh.json"
        },
        {
            "uri": "file:///Math_constants.json"
        },
        {
            "uri": "file:///Core_Array_slice_array.json"
        },
        {
            "uri": "file:///get_geo_property.json"
        },
        {
            "uri": "file:///get_point_position.json"
        },
        {
            "uri": "file:///get_sub_object.json"
        },
        {
            "uri": "file:///erase_property.json"
        },
        {
            "uri": "file:///update_mesh_normals.json"
        },
        {
            "uri": "file:///Math_length_squared.json"
        },
        {
            "uri": "file:///Math_almost_equal.json"
        },
        {
            "uri": "file:///rotation_between_vectors.json"
        },
        {
            "uri": "file:///set_point_normal.json"
        },
        {
            "uri": "file:///create_mesh_sphere.json"
        },
        {
            "uri": "file:///object_terminal.json"
        },
        {
            "uri": "file:///get_geo_target_count.json"
        },
        {
            "uri": "file:///get_geo_property_check.json"
        },
        {
            "uri": "file:///volume_types.json"
        },
        {
            "uri": "file:///volume_nodedefs.json"
        },
        {
            "uri": "file:///interpret_auto_port_as_vector.json"
        },
        {
            "uri": "file:///standard_surface_mat.json"
        },
        {
            "uri": "file:///set_strands_shape.json"
        },
        {
            "uri": "file:///generate_L_system.json"
        },
        {
            "uri": "file:///strands_extrusion_type.json"
        },
        {
            "uri": "file:///strands_framing_type.json"
        },
        {
            "uri": "file:///axis_type.json"
        },
        {
            "uri": "file:///get_point_count.json"
        },
        {
            "uri": "file:///Core_Constants_default_value.json"
        },
        {
            "uri": "file:///int_filter.json"
        },
        {
            "uri": "file:///get_array_indices.json"
        },
        {
            "uri": "file:///get_strands_structure.json"
        },
        {
            "uri": "file:///access_offset_array.json"
        },
        {
            "uri": "file:///update_point_strand_index.json"
        },
        {
            "uri": "file:///check_point_strand_index.json"
        },
        {
            "uri": "file:///update_strands_ratio.json"
        },
        {
            "uri": "file:///fill_interpolated_array.json"
        },
        {
            "uri": "file:///set_geo_property_data.json"
        },
        {
            "uri": "file:///twice_of.json"
        },
        {
            "uri": "file:///Core_Array_array_bounds_impl.json"
        },
        {
            "uri": "file:///Core_Array_array_bounds.json"
        },
        {
            "uri": "file:///array_conversion_type.json"
        },
        {
            "uri": "file:///flatten_2D_array.json"
        },
        {
            "uri": "file:///get_point_binormal.json"
        },
        {
            "uri": "file:///get_point_normal.json"
        },
        {
            "uri": "file:///get_point_orientation.json"
        },
        {
            "uri": "file:///get_point_ratio.json"
        },
        {
            "uri": "file:///get_point_tangent.json"
        },
        {
            "uri": "file:///check_point_ratio.json"
        },
        {
            "uri": "file:///cumulative_sum_array.json"
        },
        {
            "uri": "file:///Core_Array_sum_array_impl.json"
        },
        {
            "uri": "file:///Core_Array_sum_array.json"
        },
        {
            "uri": "file:///get_geo_property_or_default.json"
        },
        {
            "uri": "file:///set_point_position.json"
        },
        {
            "uri": "file:///delete_points_in_points.json"
        },
        {
            "uri": "file:///delete_points.json"
        },
        {
            "uri": "file:///find_all_in_array.json"
        },
        {
            "uri": "file:///set_point_shape.json"
        },
        {
            "uri": "file:///string_to_array.json"
        },
        {
            "uri": "file:///fluids_types.json"
        },
        {
            "uri": "file:///fluids_nodedefs.json"
        },
        {
            "uri": "file:///int_array_filter.json"
        },
        {
            "uri": "file:///create_strands_from_counts.json"
        },
        {
            "uri": "file:///Math_change_range.json"
        },
        {
            "uri": "file:///change_range.json"
        },
        {
            "uri": "file:///Arnold_enums.json"
        },
        {
            "uri": "file:///set_Arnold_parameter.json"
        },
        {
            "uri": "file:///Arnold_ray_types.json"
        },
        {
            "uri": "file:///Arnold_ray_bitmask.json"
        },
        {
            "uri": "file:///set_Arnold_geo_settings.json"
        },
        {
            "uri": "file:///set_Arnold_strands_settings.json"
        },
        {
            "uri": "file:///create_arrow_strands.json"
        },
        {
            "uri": "file:///point_scope.json"
        },
        {
            "uri": "file:///array_average.json"
        },
        {
            "uri": "file:///project_vector.json"
        },
        {
            "uri": "file:///Core_Array_reverse_array.json"
        },
        {
            "uri": "file:///remove_from_array.json"
        },
        {
            "uri": "file:///remove_first_in_array.json"
        },
        {
            "uri": "file:///set_point_tangent.json"
        },
        {
            "uri": "file:///set_point_binormal.json"
        },
        {
            "uri": "file:///find_orthogonal_vectors.json"
        },
        {
            "uri": "file:///update_strands_tangents.json"
        },
        {
            "uri": "file:///set_strands_size_profile.json"
        },
        {
            "uri": "file:///assign_diagnostic_material.json"
        },
        {
            "uri": "file:///set_orientation_value.json"
        },
        {
            "uri": "file:///interpret_auto_port_as_scalar.json"
        },
        {
            "uri": "file:///randomize_point_rotation.json"
        },
        {
            "uri": "file:///create_mesh_cube.json"
        },
        {
            "uri": "file:///randomize_selection.json"
        },
        {
            "uri": "file:///cull_points.json"
        },
        {
            "uri": "file:///create_mesh_plane.json"
        },
        {
            "uri": "file:///Core_Array_all_any_array.json"
        },
        {
            "uri": "file:///create_instances.json"
        },
        {
            "uri": "file:///flatten_instance_selection.json"
        },
        {
            "uri": "file:///Math_quaternion_invert.json"
        },
        {
            "uri": "file:///points_to_transforms.json"
        },
        {
            "uri": "file:///Math_quaternion_to_axis_angle.json"
        },
        {
            "uri": "file:///translate_points.json"
        },
        {
            "uri": "file:///Math_lerp_with_clamp.json"
        },
        {
            "uri": "file:///scale_points.json"
        },
        {
            "uri": "file:///rotate_points.json"
        },
        {
            "uri": "file:///dump_object.json"
        },
        {
            "uri": "file:///Math_nlerp.json"
        },
        {
            "uri": "file:///Math_quaternion_slerp.json"
        },
        {
            "uri": "file:///get_indexed_geo_property_check.json"
        },
        {
            "uri": "file:///get_mesh_structure.json"
        },
        {
            "uri": "file:///transform_points.json"
        },
        {
            "uri": "file:///merge_meshes.json"
        },
        {
            "uri": "file:///merge_points.json"
        },
        {
            "uri": "file:///merge_strands.json"
        },
        {
            "uri": "file:///merge_geometry.json"
        },
        {
            "uri": "file:///bake_instanced_geometry.json"
        },
        {
            "uri": "file:///normal_and_tangent_to_orientation.json"
        },
        {
            "uri": "file:///strands_basis_to_orientation.json"
        },
        {
            "uri": "file:///point_transform_scope.json"
        },
        {
            "uri": "file:///get_strand_length.json"
        },
        {
            "uri": "file:///update_strands_orientations.json"
        },
        {
            "uri": "file:///check_strands_orientations.json"
        },
        {
            "uri": "file:///UV_set_name.json"
        },
        {
            "uri": "file:///set_mesh_UVs.json"
        },
        {
            "uri": "file:///Profiler.json"
        },
        {
            "uri": "file:///object_profiler.json"
        },
        {
            "uri": "file:///Core_Array_empty_array.json"
        },
        {
            "uri": "file:///sort_array_and_remove_duplicates.json"
        },
        {
            "uri": "file:///points_array_to_strand_trails.json"
        },
        {
            "uri": "file:///simulation_types.json"
        },
        {
            "uri": "file:///simulation_nodedefs.json"
        },
        {
            "uri": "file:///create_particle_trails.json"
        },
        {
            "uri": "file:///update_point_neighbors.json"
        },
        {
            "uri": "file:///update_strands_neighbors.json"
        },
        {
            "uri": "file:///update_mesh_adjacency.json"
        },
        {
            "uri": "file:///update_face_neighbors.json"
        },
        {
            "uri": "file:///distance_between_vectors.json"
        },
        {
            "uri": "file:///get_face_vertex_indices.json"
        },
        {
            "uri": "file:///smooth_geo_property.json"
        },
        {
            "uri": "file:///extrude_strands.json"
        }
    ],
    "namespaces": [],
    "types": [],
    "compounds": [
        {
            "name": "MJCG::Graphs::L_system_example_1",
            "uriImported": "stream:/l_systemShape",
            "metadata": [
                {
                    "metaName": "io_nodes",
                    "metadata": [
                        {
                            "metaName": "io_inodes",
                            "metadata": [
                                {
                                    "metaName": "input",
                                    "metadata": [
                                        {
                                            "metaName": "DisplayMode",
                                            "metaType": "string",
                                            "metaValue": "2"
                                        },
                                        {
                                            "metaName": "LayoutPos",
                                            "metaType": "string",
                                            "metaValue": "-2033.2 20.1306"
                                        }
                                    ]
                                }
                            ]
                        },
                        {
                            "metaName": "io_onodes",
                            "metadata": [
                                {
                                    "metaName": "output",
                                    "metadata": [
                                        {
                                            "metaName": "DisplayMode",
                                            "metaType": "string",
                                            "metaValue": "2"
                                        },
                                        {
                                            "metaName": "LayoutPos",
                                            "metaType": "string",
                                            "metaValue": "-2034.29 183.464"
                                        },
                                        {
                                            "metaName": "io_ports",
                                            "metadata": [
                                                {
                                                    "metaName": "strands"
                                                }
                                            ]
                                        }
                                    ]
                                }
                            ]
                        }
                    ]
                },
                {
                    "metaName": "_recentNode_",
                    "metaType": "string",
                    "metaValue": "BifrostGraph,MJCG::Modeling::Strands,extrude_strands"
                },
                {
                    "metaName": "_recentNode_",
                    "metaType": "string",
                    "metaValue": "BifrostGraph,Geometry::Strands,set_strands_shape"
                },
                {
                    "metaName": "_recentNode_",
                    "metaType": "string",
                    "metaValue": "BifrostGraph,Modeling::Points,scatter_points"
                },
                {
                    "metaName": "_recentNode_",
                    "metaType": "string",
                    "metaValue": "BifrostGraph,MJCG::Modeling::Strands,create_L_system"
                },
                {
                    "metaName": "_recentNode_",
                    "metaType": "string",
                    "metaValue": "BifrostGraph,Modeling::Instances,create_instances"
                },
                {
                    "metaName": "ViewportRect",
                    "metaType": "string",
                    "metaValue": "-3026.35 -141.882 1324.71 791.765"
                },
                {
                    "metaName": "compoundIsGraph",
                    "metaValue": "true"
                },
                {
                    "metaName": "author",
                    "metaType": "string",
                    "metaValue": "Maxime Jeanmougin"
                },
                {
                    "metaName": "category",
                    "metaType": "string",
                    "metaValue": "MJCG"
                },
                {
                    "metaName": "description",
                    "metaType": "string",
                    "metaValue": "Generates 3D vegetation using L-system."
                },
                {
                    "metaName": "example_scene",
                    "metaType": "string",
                    "metaValue": "L_system_example_1_example.ma"
                },
                {
                    "metaName": "thumbnail",
                    "metaType": "string",
                    "metaValue": "L_system_example_1_thumb.png"
                }
            ],
            "ports": [
                {
                    "portName": "strands",
                    "portDirection": "output",
                    "portType": "Amino::Object"
                }
            ],
            "compoundNodes": [
                {
                    "nodeName": "value",
                    "valueType": "string",
                    "metadata": [
                        {
                            "metaName": "DisplayMode",
                            "metaType": "string",
                            "metaValue": "2"
                        },
                        {
                            "metaName": "LayoutPos",
                            "metaType": "string",
                            "metaValue": "-2919.43 68.0887"
                        },
                        {
                            "metaName": "valuenode_defaultvalue",
                            "metaType": "string",
                            "metaValue": "F"
                        }
                    ]
                },
                {
                    "nodeName": "create_L_system",
                    "nodeType": "MJCG::Modeling::Growth::generate_L_system",
                    "fanInPortNames": {
                        "additional_rules": []
                    },
                    "deactivatedTerminals": [
                        "Core::Graph::terminal::diagnostic",
                        "Core::Graph::terminal::final",
                        "Core::Graph::terminal::proxy"
                    ],
                    "metadata": [
                        {
                            "metaName": "DisplayMode",
                            "metaType": "string",
                            "metaValue": "2"
                        },
                        {
                            "metaName": "PortExpandedState",
                            "metadata": [
                                {
                                    "metaName": "Instances",
                                    "metaType": "string",
                                    "metaValue": "0"
                                },
                                {
                                    "metaName": "Rules",
                                    "metaType": "string",
                                    "metaValue": "1"
                                },
                                {
                                    "metaName": "Rules.Rewrite Rules",
                                    "metaType": "string",
                                    "metaValue": "1"
                                }
                            ]
                        },
                        {
                            "metaName": "LayoutPos",
                            "metaType": "string",
                            "metaValue": "-2628.15 10.1792"
                        }
                    ]
                },
                {
                    "nodeName": "extrude_strands",
                    "nodeType": "MJCG::Modeling::Strands::extrude_strands",
                    "deactivatedTerminals": [
                        "Core::Graph::terminal::diagnostic",
                        "Core::Graph::terminal::final",
                        "Core::Graph::terminal::proxy"
                    ],
                    "metadata": [
                        {
                            "metaName": "DisplayMode",
                            "metaType": "string",
                            "metaValue": "2"
                        },
                        {
                            "metaName": "LayoutPos",
                            "metaType": "string",
                            "metaValue": "-2350.95 66.6548"
                        }
                    ]
                },
                {
                    "nodeName": "value4",
                    "valueType": "string",
                    "metadata": [
                        {
                            "metaName": "DisplayMode",
                            "metaType": "string",
                            "metaValue": "2"
                        },
                        {
                            "metaName": "LayoutPos",
                            "metaType": "string",
                            "metaValue": "-2921.2 259.476"
                        },
                        {
                            "metaName": "valuenode_defaultvalue",
                            "metaType": "string",
                            "metaValue": "F=F[-FF[+{F]]F[+F--F[+{F]]"
                        }
                    ]
                }
            ],
            "connections": [
                {
                    "source": "value.output",
                    "target": "create_L_system.axiom"
                },
                {
                    "source": "create_L_system.strands",
                    "target": "extrude_strands.strands"
                },
                {
                    "source": "extrude_strands.mesh",
                    "target": ".strands"
                },
                {
                    "source": "value4.output",
                    "target": "create_L_system.rule_1"
                }
            ],
            "values": [
                {
                    "valueName": "value.value",
                    "valueType": "string",
                    "value": "F"
                },
                {
                    "valueName": "create_L_system.axiom",
                    "valueType": "string",
                    "value": "F"
                },
                {
                    "valueName": "create_L_system.length_compensation",
                    "valueType": "bool",
                    "value": "false"
                },
                {
                    "valueName": "create_L_system.length",
                    "valueType": "float",
                    "value": "0.100000001f"
                },
                {
                    "valueName": "create_L_system.length_scale",
                    "valueType": "float",
                    "value": "0.800000012f"
                },
                {
                    "valueName": "create_L_system.length_chaos",
                    "valueType": "float",
                    "value": "0.00499999989f"
                },
                {
                    "valueName": "create_L_system.random_seed",
                    "valueType": "long",
                    "value": "123"
                },
                {
                    "valueName": "create_L_system.angle",
                    "valueType": "float",
                    "value": "10f"
                },
                {
                    "valueName": "create_L_system.angle_chaos",
                    "valueType": "float",
                    "value": "10f"
                },
                {
                    "valueName": "create_L_system.generations",
                    "valueType": "float",
                    "value": "5f"
                },
                {
                    "valueName": "create_L_system.rotation_chaos",
                    "valueType": "Math::float3",
                    "value": {
                        "x": "3f",
                        "y": "2f",
                        "z": "5f"
                    }
                },
                {
                    "valueName": "create_L_system.size",
                    "valueType": "float",
                    "value": "0.00999999978f"
                },
                {
                    "valueName": "create_L_system.size_scale",
                    "valueType": "float",
                    "value": "0.800000012f"
                },
                {
                    "valueName": "create_L_system.size_chaos",
                    "valueType": "float",
                    "value": "0f"
                },
                {
                    "valueName": "create_L_system.color_1",
                    "valueType": "Math::float3",
                    "value": {
                        "x": "0.209999993f",
                        "y": "0.25f",
                        "z": "0.129999995f"
                    }
                },
                {
                    "valueName": "create_L_system.rotation",
                    "valueType": "Math::float3",
                    "value": {
                        "x": "10f",
                        "y": "0f",
                        "z": "0f"
                    }
                },
                {
                    "valueName": "extrude_strands.start_cap",
                    "valueType": "bool",
                    "value": "false"
                },
                {
                    "valueName": "value4.value",
                    "valueType": "string",
                    "value": "F=F[-FF[+{F]]F[+F--F[+{F]]"
                }
            ],
            "reservedNodeNames": [
                {
                    "name": "output"
                },
                {
                    "name": "input"
                }
            ]
        }
    ]
}
