{
    "header": {
        "metadata": [
            {
                "metaName": "adskFileFormatVersion",
                "metaValue": "100L"
            }
        ]
    },
    "dependencies": [
        {
            "uri": "file:///Math_types.json"
        },
        {
            "uri": "file:///Math_long.json"
        },
        {
            "uri": "file:///Math_float.json"
        },
        {
            "uri": "file:///Math_double.json"
        },
        {
            "uri": "file:///Math_char.json"
        },
        {
            "uri": "file:///Math_int.json"
        },
        {
            "uri": "file:///Math_short.json"
        },
        {
            "uri": "file:///Math_uchar.json"
        },
        {
            "uri": "file:///Math_uint.json"
        },
        {
            "uri": "file:///Math_ulong.json"
        },
        {
            "uri": "file:///Math_ushort.json"
        },
        {
            "uri": "file:///Math_conversion.json"
        },
        {
            "uri": "file:///access_offset_array.json"
        },
        {
            "uri": "file:///Math_array.json"
        }
    ],
    "namespaces": [],
    "types": [],
    "compounds": [
        {
            "name": "MJCG::Geometry::Mesh::get_face_vertex_indices",
            "uriImported": "file:///get_face_vertex_indices.json",
            "metadata": [
                {
                    "metaName": "documentation",
                    "metaType": "string",
                    "metaValue": "..//mesh/docs/get_face_vertex_indices.md"
                },
                {
                    "metaName": "icon",
                    "metaType": "string",
                    "metaValue": "../../icons/mjcg.png"
                },
                {
                    "metaName": "io_nodes",
                    "metadata": [
                        {
                            "metaName": "io_inodes",
                            "metadata": [
                                {
                                    "metaName": "input",
                                    "metadata": [
                                        {
                                            "metaName": "io_metadata",
                                            "metadata": [
                                                {
                                                    "metaName": "DisplayMode",
                                                    "metaType": "string",
                                                    "metaValue": "2"
                                                },
                                                {
                                                    "metaName": "LayoutPos",
                                                    "metaType": "string",
                                                    "metaValue": "-51.2649 -11.977"
                                                }
                                            ]
                                        },
                                        {
                                            "metaName": "io_ports",
                                            "metadata": [
                                                {
                                                    "metaName": "face_index"
                                                },
                                                {
                                                    "metaName": "face_vertex"
                                                },
                                                {
                                                    "metaName": "face_offset"
                                                }
                                            ]
                                        }
                                    ]
                                }
                            ]
                        },
                        {
                            "metaName": "io_onodes",
                            "metadata": [
                                {
                                    "metaName": "output",
                                    "metadata": [
                                        {
                                            "metaName": "io_metadata",
                                            "metadata": [
                                                {
                                                    "metaName": "DisplayMode",
                                                    "metaType": "string",
                                                    "metaValue": "2"
                                                },
                                                {
                                                    "metaName": "LayoutPos",
                                                    "metaType": "string",
                                                    "metaValue": "1119.16 -3.51925"
                                                }
                                            ]
                                        },
                                        {
                                            "metaName": "io_ports",
                                            "metadata": [
                                                {
                                                    "metaName": "face_vertex_indices"
                                                }
                                            ]
                                        }
                                    ]
                                }
                            ]
                        }
                    ]
                },
                {
                    "metaName": "ViewportRect",
                    "metaType": "string",
                    "metaValue": "-268.891 -52 1931.13 549.346"
                },
                {
                    "metaName": "DisplayMode",
                    "metaType": "string",
                    "metaValue": "2"
                },
                {
                    "metaName": "LayoutPos",
                    "metaType": "string",
                    "metaValue": "-376.95 440.95"
                }
            ],
            "ports": [
                {
                    "portName": "face_index",
                    "portDirection": "input",
                    "portType": "long",
                    "portDefault": "4"
                },
                {
                    "portName": "face_vertex",
                    "portDirection": "input",
                    "portType": "array<uint>"
                },
                {
                    "portName": "face_offset",
                    "portDirection": "input",
                    "portType": "array<uint>"
                },
                {
                    "portName": "face_vertex_indices",
                    "portDirection": "output",
                    "portType": "array<uint>"
                }
            ],
            "compoundNodes": [
                {
                    "nodeName": "access_offset_array",
                    "nodeType": "Geometry::Common::access_offset_array",
                    "metadata": [
                        {
                            "metaName": "DisplayMode",
                            "metaType": "string",
                            "metaValue": "2"
                        },
                        {
                            "metaName": "LayoutPos",
                            "metaType": "string",
                            "metaValue": "315 110"
                        }
                    ]
                },
                {
                    "nodeName": "get_from_array1",
                    "nodeType": "Core::Array::get_from_array",
                    "metadata": [
                        {
                            "metaName": "DisplayMode",
                            "metaType": "string",
                            "metaValue": "2"
                        },
                        {
                            "metaName": "LayoutPos",
                            "metaType": "string",
                            "metaValue": "838 -11"
                        }
                    ]
                },
                {
                    "nodeName": "sequence_array",
                    "nodeType": "Core::Array::sequence_array",
                    "metadata": [
                        {
                            "metaName": "DisplayMode",
                            "metaType": "string",
                            "metaValue": "2"
                        },
                        {
                            "metaName": "LayoutPos",
                            "metaType": "string",
                            "metaValue": "584 133"
                        }
                    ]
                }
            ],
            "connections": [
                {
                    "source": "access_offset_array.start",
                    "target": "sequence_array.start"
                },
                {
                    "source": "access_offset_array.length",
                    "target": "sequence_array.size"
                },
                {
                    "source": "sequence_array.sequence",
                    "target": "get_from_array1.index"
                },
                {
                    "source": ".face_offset",
                    "target": "access_offset_array.offset_array"
                },
                {
                    "source": ".face_vertex",
                    "target": "get_from_array1.array"
                },
                {
                    "source": ".face_index",
                    "target": "access_offset_array.index"
                },
                {
                    "source": "get_from_array1.value",
                    "target": ".face_vertex_indices"
                }
            ],
            "values": [
                {
                    "valueName": "access_offset_array.index",
                    "valueType": "long",
                    "value": "1"
                },
                {
                    "valueName": "sequence_array.step",
                    "valueType": "long",
                    "value": "1"
                }
            ]
        }
    ]
}
