{
    "header": {
        "metadata": [
            {
                "metaName": "adskFileFormatVersion",
                "metaValue": "100L"
            }
        ]
    },
    "dependencies": [
        {
            "uri": "file:///Math_types.json"
        },
        {
            "uri": "file:///Math_long.json"
        },
        {
            "uri": "file:///Math_float.json"
        },
        {
            "uri": "file:///Math_double.json"
        },
        {
            "uri": "file:///Math_char.json"
        },
        {
            "uri": "file:///Math_int.json"
        },
        {
            "uri": "file:///Math_short.json"
        },
        {
            "uri": "file:///Math_uchar.json"
        },
        {
            "uri": "file:///Math_uint.json"
        },
        {
            "uri": "file:///Math_ulong.json"
        },
        {
            "uri": "file:///Math_ushort.json"
        },
        {
            "uri": "file:///Math_conversion.json"
        },
        {
            "uri": "file:///bifrost_object_i.json"
        },
        {
            "uri": "file:///riv_types.json"
        },
        {
            "uri": "file:///point_types.json"
        },
        {
            "uri": "file:///FCurve.json"
        },
        {
            "uri": "file:///riv_ops.json"
        },
        {
            "uri": "file:///access_offset_array.json"
        },
        {
            "uri": "file:///Math_array.json"
        },
        {
            "uri": "file:///get_face_vertex_indices.json"
        },
        {
            "uri": "file:///Core_Array_sum_array_impl.json"
        },
        {
            "uri": "file:///Core_Array_sum_array.json"
        },
        {
            "uri": "file:///CoreArrayOps.json"
        },
        {
            "uri": "file:///bifrost_geometry_query_types.json"
        },
        {
            "uri": "file:///geometry_types.json"
        },
        {
            "uri": "file:///get_property_any.json"
        },
        {
            "uri": "file:///get_property.json"
        },
        {
            "uri": "file:///get_geo_property.json"
        },
        {
            "uri": "file:///get_geo_component_count.json"
        },
        {
            "uri": "file:///get_mesh_structure.json"
        },
        {
            "uri": "file:///has_property.json"
        },
        {
            "uri": "file:///create_volume_geo_prop.json"
        },
        {
            "uri": "file:///is_a.json"
        },
        {
            "uri": "file:///create_object_from_schema.json"
        },
        {
            "uri": "file:///is_a_mesh.json"
        },
        {
            "uri": "file:///is_a_strands.json"
        },
        {
            "uri": "file:///is_a_points.json"
        },
        {
            "uri": "file:///is_a_volume.json"
        },
        {
            "uri": "file:///get_geo_schema_type.json"
        },
        {
            "uri": "file:///switch_is_a.json"
        },
        {
            "uri": "file:///get_target_component.json"
        },
        {
            "uri": "file:///create_data_geo_prop.json"
        },
        {
            "uri": "file:///set_property_any.json"
        },
        {
            "uri": "file:///set_property.json"
        },
        {
            "uri": "file:///set_geo_property.array.json"
        },
        {
            "uri": "file:///set_geo_property.scalar.json"
        },
        {
            "uri": "file:///array_average.json"
        },
        {
            "uri": "file:///compute_mesh_surface_area.json"
        },
        {
            "uri": "file:///object_terminal.json"
        },
        {
            "uri": "file:///construct_points.json"
        },
        {
            "uri": "file:///set_point_shape.json"
        },
        {
            "uri": "file:///set_point_scale.json"
        },
        {
            "uri": "file:///set_point_size.json"
        },
        {
            "uri": "file:///update_strands_tangents.json"
        },
        {
            "uri": "file:///Core_Array_array_is_empty.json"
        },
        {
            "uri": "file:///get_geo_target_count.json"
        },
        {
            "uri": "file:///Math_vector4_to_vector3.json"
        },
        {
            "uri": "file:///volume_types.json"
        },
        {
            "uri": "file:///volume_nodedefs.json"
        },
        {
            "uri": "file:///interpret_auto_port_as_vector.json"
        },
        {
            "uri": "file:///standard_surface_mat.json"
        },
        {
            "uri": "file:///assign_diagnostic_material.json"
        }
    ],
    "namespaces": [],
    "types": [],
    "compounds": [
        {
            "name": "MJCG::Geometry::Mesh::update_face_position",
            "uriImported": "file:///update_face_position.json",
            "metadata": [
                {
                    "metaName": "documentation",
                    "metaType": "string",
                    "metaValue": "..//mesh/docs/update_face_position.md"
                },
                {
                    "metaName": "icon",
                    "metaType": "string",
                    "metaValue": "../../icons/mjcg.png"
                },
                {
                    "metaName": "io_nodes",
                    "metadata": [
                        {
                            "metaName": "io_inodes",
                            "metadata": [
                                {
                                    "metaName": "input",
                                    "metadata": [
                                        {
                                            "metaName": "DisplayMode",
                                            "metaType": "string",
                                            "metaValue": "2"
                                        },
                                        {
                                            "metaName": "io_ports",
                                            "metadata": [
                                                {
                                                    "metaName": "mesh"
                                                }
                                            ]
                                        },
                                        {
                                            "metaName": "LayoutPos",
                                            "metaType": "string",
                                            "metaValue": "20.0593 -131.904"
                                        }
                                    ]
                                }
                            ]
                        },
                        {
                            "metaName": "io_onodes",
                            "metadata": [
                                {
                                    "metaName": "output",
                                    "metadata": [
                                        {
                                            "metaName": "DisplayMode",
                                            "metaType": "string",
                                            "metaValue": "2"
                                        },
                                        {
                                            "metaName": "io_ports",
                                            "metadata": [
                                                {
                                                    "metaName": "face_position"
                                                }
                                            ]
                                        },
                                        {
                                            "metaName": "LayoutPos",
                                            "metaType": "string",
                                            "metaValue": "928.752 160.515"
                                        }
                                    ]
                                },
                                {
                                    "metaName": "output1",
                                    "metadata": [
                                        {
                                            "metaName": "io_ports",
                                            "metadata": [
                                                {
                                                    "metaName": "out_mesh"
                                                }
                                            ]
                                        },
                                        {
                                            "metaName": "DisplayMode",
                                            "metaType": "string",
                                            "metaValue": "2"
                                        },
                                        {
                                            "metaName": "LayoutPos",
                                            "metaType": "string",
                                            "metaValue": "1264.89 -237.674"
                                        }
                                    ]
                                }
                            ]
                        }
                    ]
                },
                {
                    "metaName": "_recentNode_",
                    "metaType": "string",
                    "metaValue": "BifrostGraph,Geometry::Strands,update_strands_tangents"
                },
                {
                    "metaName": "_recentNode_",
                    "metaType": "string",
                    "metaValue": "BifrostGraph,Geometry::Properties,set_point_shape"
                },
                {
                    "metaName": "_recentNode_",
                    "metaType": "string",
                    "metaValue": "BifrostGraph,MJCG::Geometry::Properties,set_point_size"
                },
                {
                    "metaName": "_recentNode_",
                    "metaType": "string",
                    "metaValue": "BifrostGraph,MJCG::Geometry::Properties,set_point_scale"
                },
                {
                    "metaName": "_recentNode_",
                    "metaType": "string",
                    "metaValue": "BifrostGraph,Geometry::Points,construct_points"
                },
                {
                    "metaName": "ViewportRect",
                    "metaType": "string",
                    "metaValue": "-240.986 -277.709 2264.97 698.709"
                },
                {
                    "metaName": "DisplayMode",
                    "metaType": "string",
                    "metaValue": "2"
                },
                {
                    "metaName": "LayoutPos",
                    "metaType": "string",
                    "metaValue": "-194.813 -37.5033"
                },
                {
                    "metaName": "terminal_node_disabled_flags",
                    "metaType": "string",
                    "metaValue": "Core::Graph::terminal::diagnostic"
                }
            ],
            "ports": [
                {
                    "portName": "out_mesh",
                    "portDirection": "output",
                    "portType": "Amino::Object"
                },
                {
                    "portName": "face_position",
                    "portDirection": "output",
                    "portType": "array<Math::float3>"
                },
                {
                    "portName": "mesh",
                    "portDirection": "input",
                    "portType": "Amino::Object",
                    "portDefault": {}
                }
            ],
            "compounds": [
                {
                    "name": "compute_face_center",
                    "uriImported": "file:///update_face_position.json",
                    "metadata": [
                        {
                            "metaName": "icon",
                            "metaType": "string",
                            "metaValue": "<NATIVE>../icons/LoopForEach.svg"
                        },
                        {
                            "metaName": "icon",
                            "metaType": "string",
                            "metaValue": "<NATIVE>../icons/LoopForEach.svg"
                        },
                        {
                            "metaName": "icon",
                            "metaType": "string",
                            "metaValue": "<NATIVE>../icons/LoopForEach.svg"
                        },
                        {
                            "metaName": "io_nodes",
                            "metadata": [
                                {
                                    "metaName": "io_inodes",
                                    "metadata": [
                                        {
                                            "metaName": "input",
                                            "metadata": [
                                                {
                                                    "metaName": "DisplayMode",
                                                    "metaType": "string",
                                                    "metaValue": "2"
                                                },
                                                {
                                                    "metaName": "LayoutPos",
                                                    "metaType": "string",
                                                    "metaValue": "-136.805 287.298"
                                                },
                                                {
                                                    "metaName": "io_ports",
                                                    "metadata": [
                                                        {
                                                            "metaName": "max_iterations"
                                                        },
                                                        {
                                                            "metaName": "current_index"
                                                        },
                                                        {
                                                            "metaName": "point_position"
                                                        },
                                                        {
                                                            "metaName": "face_vertex"
                                                        },
                                                        {
                                                            "metaName": "face_offset"
                                                        }
                                                    ]
                                                }
                                            ]
                                        }
                                    ]
                                },
                                {
                                    "metaName": "io_onodes",
                                    "metadata": [
                                        {
                                            "metaName": "output",
                                            "metadata": [
                                                {
                                                    "metaName": "DisplayMode",
                                                    "metaType": "string",
                                                    "metaValue": "2"
                                                },
                                                {
                                                    "metaName": "LayoutPos",
                                                    "metaType": "string",
                                                    "metaValue": "1018.62 311.867"
                                                },
                                                {
                                                    "metaName": "io_ports",
                                                    "metadata": [
                                                        {
                                                            "metaName": "face_position"
                                                        }
                                                    ]
                                                }
                                            ]
                                        }
                                    ]
                                }
                            ]
                        },
                        {
                            "metaName": "_recentNode_",
                            "metaType": "string",
                            "metaValue": "BifrostGraph,MJCG::Core::Array,average"
                        },
                        {
                            "metaName": "_recentNode_",
                            "metaType": "string",
                            "metaValue": "BifrostGraph,MJCG::Geometry::Mesh,get_face_vertex_indices"
                        },
                        {
                            "metaName": "_recentNode_",
                            "metaType": "string",
                            "metaValue": "BifrostGraph,Geometry::Points,compute_centroid_from_points"
                        },
                        {
                            "metaName": "_recentNode_",
                            "metaType": "string",
                            "metaValue": "BifrostGraph,Core::Array,get_from_array"
                        },
                        {
                            "metaName": "_recentNode_",
                            "metaType": "string",
                            "metaValue": "BifrostGraph,Core::Array,sequence_array"
                        },
                        {
                            "metaName": "ViewportRect",
                            "metaType": "string",
                            "metaValue": "-486.039 162.895 1996.34 460.073"
                        }
                    ],
                    "ports": [
                        {
                            "portName": "max_iterations",
                            "portDirection": "input",
                            "portType": "long",
                            "portIterationLimit": "true"
                        },
                        {
                            "portName": "current_index",
                            "portDirection": "input",
                            "portType": "long",
                            "portIterationCounter": "true"
                        },
                        {
                            "portName": "point_position",
                            "portDirection": "input"
                        },
                        {
                            "portName": "face_vertex",
                            "portDirection": "input"
                        },
                        {
                            "portName": "face_offset",
                            "portDirection": "input"
                        },
                        {
                            "portName": "face_position",
                            "portDirection": "output",
                            "portType": "array<Math::float3>",
                            "portIterationTarget": "true"
                        }
                    ],
                    "compoundNodes": [
                        {
                            "nodeName": "get_from_array",
                            "nodeType": "Core::Array::get_from_array",
                            "metadata": [
                                {
                                    "metaName": "DisplayMode",
                                    "metaType": "string",
                                    "metaValue": "2"
                                },
                                {
                                    "metaName": "LayoutPos",
                                    "metaType": "string",
                                    "metaValue": "485 314"
                                }
                            ]
                        },
                        {
                            "nodeName": "get_face_vertex_indices",
                            "nodeType": "MJCG::Geometry::Mesh::get_face_vertex_indices",
                            "metadata": [
                                {
                                    "metaName": "DisplayMode",
                                    "metaType": "string",
                                    "metaValue": "2"
                                },
                                {
                                    "metaName": "LayoutPos",
                                    "metaType": "string",
                                    "metaValue": "212.049 437.743"
                                }
                            ]
                        },
                        {
                            "nodeName": "average",
                            "nodeType": "MJCG::Core::Array::array_average",
                            "fanInPortNames": {
                                "array": [
                                    "value"
                                ]
                            },
                            "metadata": [
                                {
                                    "metaName": "DisplayMode",
                                    "metaType": "string",
                                    "metaValue": "2"
                                },
                                {
                                    "metaName": "LayoutPos",
                                    "metaType": "string",
                                    "metaValue": "743.581 311.528"
                                }
                            ]
                        }
                    ],
                    "connections": [
                        {
                            "source": ".point_position",
                            "target": "get_from_array.array"
                        },
                        {
                            "source": ".current_index",
                            "target": "get_face_vertex_indices.face_index"
                        },
                        {
                            "source": ".face_vertex",
                            "target": "get_face_vertex_indices.face_vertex"
                        },
                        {
                            "source": ".face_offset",
                            "target": "get_face_vertex_indices.face_offset"
                        },
                        {
                            "source": "get_face_vertex_indices.face_vertex_indices",
                            "target": "get_from_array.index"
                        },
                        {
                            "source": "average.average",
                            "target": ".face_position"
                        },
                        {
                            "source": "get_from_array.value",
                            "target": "average.array.value"
                        }
                    ],
                    "values": [],
                    "reservedNodeNames": [
                        {
                            "name": "input"
                        },
                        {
                            "name": "output"
                        }
                    ],
                    "forEachCompound": {
                        "ports": [],
                        "grainSize": "1"
                    }
                },
                {
                    "name": "prepare_diagnostic_geo",
                    "uriImported": "file:///__duplicateCompoundURIHelper__",
                    "metadata": [
                        {
                            "metaName": "io_nodes",
                            "metadata": [
                                {
                                    "metaName": "io_inodes",
                                    "metadata": [
                                        {
                                            "metaName": "input",
                                            "metadata": [
                                                {
                                                    "metaName": "io_ports",
                                                    "metadata": [
                                                        {
                                                            "metaName": "mesh"
                                                        },
                                                        {
                                                            "metaName": "face_position"
                                                        }
                                                    ]
                                                },
                                                {
                                                    "metaName": "DisplayMode",
                                                    "metaType": "string",
                                                    "metaValue": "2"
                                                },
                                                {
                                                    "metaName": "LayoutPos",
                                                    "metaType": "string",
                                                    "metaValue": "885.825 152.25"
                                                }
                                            ]
                                        }
                                    ]
                                },
                                {
                                    "metaName": "io_onodes",
                                    "metadata": [
                                        {
                                            "metaName": "output",
                                            "metadata": [
                                                {
                                                    "metaName": "io_ports",
                                                    "metadata": [
                                                        {
                                                            "metaName": "diagnostic_points"
                                                        }
                                                    ]
                                                },
                                                {
                                                    "metaName": "DisplayMode",
                                                    "metaType": "string",
                                                    "metaValue": "2"
                                                },
                                                {
                                                    "metaName": "LayoutPos",
                                                    "metaType": "string",
                                                    "metaValue": "2722.59 217.684"
                                                }
                                            ]
                                        }
                                    ]
                                }
                            ]
                        },
                        {
                            "metaName": "_recentNode_",
                            "metaType": "string",
                            "metaValue": "BifrostGraph,Diagnostic::Display,assign_diagnostic_material"
                        },
                        {
                            "metaName": "_recentNode_",
                            "metaType": "string",
                            "metaValue": "BifrostGraph,Core::Math,divide"
                        },
                        {
                            "metaName": "_recentNode_",
                            "metaType": "string",
                            "metaValue": "BifrostGraph,Geometry::Strands,update_strands_tangents"
                        },
                        {
                            "metaName": "_recentNode_",
                            "metaType": "string",
                            "metaValue": "BifrostGraph,Geometry::Properties,set_point_shape"
                        },
                        {
                            "metaName": "_recentNode_",
                            "metaType": "string",
                            "metaValue": "BifrostGraph,MJCG::Geometry::Properties,set_point_size"
                        },
                        {
                            "metaName": "ViewportRect",
                            "metaType": "string",
                            "metaValue": "805.965 109.726 2222.47 685.596"
                        }
                    ],
                    "ports": [
                        {
                            "portName": "mesh",
                            "portDirection": "input",
                            "portType": "Amino::Object"
                        },
                        {
                            "portName": "face_position",
                            "portDirection": "input",
                            "portType": "array<Math::float3>"
                        },
                        {
                            "portName": "diagnostic_points",
                            "portDirection": "output",
                            "portType": "Amino::Object"
                        }
                    ],
                    "compoundNodes": [
                        {
                            "nodeName": "compute_mesh_surface_area",
                            "nodeType": "Geometry::Mesh::compute_mesh_surface_area",
                            "metadata": [
                                {
                                    "metaName": "DisplayMode",
                                    "metaType": "string",
                                    "metaValue": "2"
                                },
                                {
                                    "metaName": "LayoutPos",
                                    "metaType": "string",
                                    "metaValue": "1234.93 348.569"
                                }
                            ]
                        },
                        {
                            "nodeName": "construct_points",
                            "nodeType": "Geometry::Points::construct_points",
                            "metadata": [
                                {
                                    "metaName": "DisplayMode",
                                    "metaType": "string",
                                    "metaValue": "2"
                                },
                                {
                                    "metaName": "LayoutPos",
                                    "metaType": "string",
                                    "metaValue": "1632.5 155.727"
                                }
                            ]
                        },
                        {
                            "nodeName": "set_point_shape",
                            "nodeType": "Geometry::Properties::set_point_shape",
                            "metadata": [
                                {
                                    "metaName": "DisplayMode",
                                    "metaType": "string",
                                    "metaValue": "2"
                                },
                                {
                                    "metaName": "LayoutPos",
                                    "metaType": "string",
                                    "metaValue": "2434.95 173.04"
                                }
                            ]
                        },
                        {
                            "nodeName": "set_point_size",
                            "nodeType": "MJCG::Geometry::Properties::set_point_size",
                            "metadata": [
                                {
                                    "metaName": "DisplayMode",
                                    "metaType": "string",
                                    "metaValue": "2"
                                },
                                {
                                    "metaName": "LayoutPos",
                                    "metaType": "string",
                                    "metaValue": "1902.5 228.713"
                                }
                            ]
                        },
                        {
                            "nodeName": "divide",
                            "nodeType": "Core::Math::divide",
                            "multiInPortNames": [
                                "face_surface_area",
                                "total_surface_area",
                                "output1"
                            ],
                            "metadata": [
                                {
                                    "metaName": "DisplayMode",
                                    "metaType": "string",
                                    "metaValue": "2"
                                },
                                {
                                    "metaName": "LayoutPos",
                                    "metaType": "string",
                                    "metaValue": "1628.32 352.517"
                                }
                            ]
                        },
                        {
                            "nodeName": "value",
                            "valueType": "float",
                            "metadata": [
                                {
                                    "metaName": "valuenode_defaultvalue",
                                    "metaType": "string",
                                    "metaValue": "0"
                                },
                                {
                                    "metaName": "DisplayMode",
                                    "metaType": "string",
                                    "metaValue": "2"
                                },
                                {
                                    "metaName": "LayoutPos",
                                    "metaType": "string",
                                    "metaValue": "1233.95 576.527"
                                }
                            ]
                        },
                        {
                            "nodeName": "assign_diagnostic_material",
                            "nodeType": "Diagnostic::Display::assign_diagnostic_material",
                            "metadata": [
                                {
                                    "metaName": "DisplayMode",
                                    "metaType": "string",
                                    "metaValue": "2"
                                },
                                {
                                    "metaName": "LayoutPos",
                                    "metaType": "string",
                                    "metaValue": "2153.3 202.704"
                                }
                            ]
                        }
                    ],
                    "connections": [
                        {
                            "source": ".mesh",
                            "target": "compute_mesh_surface_area.mesh"
                        },
                        {
                            "source": ".face_position",
                            "target": "construct_points.point_position"
                        },
                        {
                            "source": "construct_points.points",
                            "target": "set_point_size.geometry"
                        },
                        {
                            "source": "set_point_shape.out_points",
                            "target": ".diagnostic_points"
                        },
                        {
                            "source": "divide.output",
                            "target": "set_point_size.sizes"
                        },
                        {
                            "source": "set_point_size.out_geometry",
                            "target": "assign_diagnostic_material.geometry"
                        },
                        {
                            "source": "assign_diagnostic_material.geometry_with_material",
                            "target": "set_point_shape.points"
                        },
                        {
                            "source": "compute_mesh_surface_area.face_surface_area",
                            "target": "divide.first.face_surface_area"
                        },
                        {
                            "source": "compute_mesh_surface_area.total_surface_area",
                            "target": "divide.first.total_surface_area"
                        },
                        {
                            "source": "value.output",
                            "target": "divide.first.output1"
                        }
                    ],
                    "values": [
                        {
                            "valueName": "compute_mesh_surface_area.mesh",
                            "valueType": "Amino::Object",
                            "value": {}
                        },
                        {
                            "valueName": "set_point_shape.points",
                            "valueType": "Amino::Object",
                            "value": {}
                        },
                        {
                            "valueName": "set_point_shape.shape",
                            "valueType": "Geometry::PointShapes",
                            "value": "Sphere"
                        },
                        {
                            "valueName": "set_point_shape.screen_aligned",
                            "valueType": "bool",
                            "value": "true"
                        },
                        {
                            "valueName": "set_point_shape.numeric_property",
                            "valueType": "string",
                            "value": "point_position"
                        },
                        {
                            "valueName": "set_point_shape.default_size",
                            "valueType": "float",
                            "value": "1f"
                        },
                        {
                            "valueName": "value.value",
                            "valueType": "float",
                            "value": "0.100000001f"
                        },
                        {
                            "valueName": "assign_diagnostic_material.emission_color",
                            "valueType": "Math::float3",
                            "value": {
                                "x": "1f",
                                "y": "1f",
                                "z": "0f"
                            }
                        }
                    ],
                    "reservedNodeNames": [
                        {
                            "name": "input"
                        },
                        {
                            "name": "output"
                        }
                    ]
                }
            ],
            "compoundNodes": [
                {
                    "nodeName": "compute_face_center",
                    "nodeType": "compute_face_center",
                    "metadata": [
                        {
                            "metaName": "DisplayMode",
                            "metaType": "string",
                            "metaValue": "2"
                        },
                        {
                            "metaName": "LayoutPos",
                            "metaType": "string",
                            "metaValue": "584.89 57.5267"
                        }
                    ]
                },
                {
                    "nodeName": "get_mesh_structure",
                    "nodeType": "Geometry::Mesh::get_mesh_structure",
                    "metadata": [
                        {
                            "metaName": "DisplayMode",
                            "metaType": "string",
                            "metaValue": "1"
                        },
                        {
                            "metaName": "LayoutPos",
                            "metaType": "string",
                            "metaValue": "291.104 106.892"
                        }
                    ]
                },
                {
                    "nodeName": "set_geo_property",
                    "nodeType": "Geometry::Properties::set_geo_property",
                    "metadata": [
                        {
                            "metaName": "DisplayMode",
                            "metaType": "string",
                            "metaValue": "2"
                        },
                        {
                            "metaName": "LayoutPos",
                            "metaType": "string",
                            "metaValue": "925.663 -155.225"
                        }
                    ]
                },
                {
                    "nodeName": "terminal",
                    "nodeType": "Core::Graph::terminal",
                    "fanInPortNames": {
                        "final": [],
                        "proxy": [],
                        "diagnostic": [
                            "out_points"
                        ]
                    },
                    "deactivatedTerminals": [
                        "Core::Graph::terminal::final",
                        "Core::Graph::terminal::proxy"
                    ],
                    "metadata": [
                        {
                            "metaName": "DisplayMode",
                            "metaType": "string",
                            "metaValue": "2"
                        },
                        {
                            "metaName": "LayoutPos",
                            "metaType": "string",
                            "metaValue": "1537.31 -2.42939"
                        }
                    ]
                },
                {
                    "nodeName": "prepare_diagnostic_geo",
                    "nodeType": "prepare_diagnostic_geo",
                    "metadata": [
                        {
                            "metaName": "DisplayMode",
                            "metaType": "string",
                            "metaValue": "2"
                        },
                        {
                            "metaName": "LayoutPos",
                            "metaType": "string",
                            "metaValue": "1270.57 -10.5438"
                        }
                    ]
                }
            ],
            "connections": [
                {
                    "source": "get_mesh_structure.face_count",
                    "target": "compute_face_center.max_iterations"
                },
                {
                    "source": "get_mesh_structure.point_position",
                    "target": "compute_face_center.point_position"
                },
                {
                    "source": "get_mesh_structure.face_vertex",
                    "target": "compute_face_center.face_vertex"
                },
                {
                    "source": "get_mesh_structure.face_offset",
                    "target": "compute_face_center.face_offset"
                },
                {
                    "source": "compute_face_center.face_position",
                    "target": ".face_position"
                },
                {
                    "source": ".mesh",
                    "target": "get_mesh_structure.mesh"
                },
                {
                    "source": "compute_face_center.face_position",
                    "target": "set_geo_property.data"
                },
                {
                    "source": ".mesh",
                    "target": "set_geo_property.geometry"
                },
                {
                    "source": "set_geo_property.out_geometry",
                    "target": ".out_mesh"
                },
                {
                    "source": "set_geo_property.out_geometry",
                    "target": "prepare_diagnostic_geo.mesh"
                },
                {
                    "source": "compute_face_center.face_position",
                    "target": "prepare_diagnostic_geo.face_position"
                },
                {
                    "source": "prepare_diagnostic_geo.diagnostic_points",
                    "target": "terminal.diagnostic.out_points"
                }
            ],
            "values": [
                {
                    "valueName": "compute_face_center.max_iterations",
                    "valueType": "long",
                    "value": "10"
                },
                {
                    "valueName": "set_geo_property.property",
                    "valueType": "string",
                    "value": "face_position"
                },
                {
                    "valueName": "set_geo_property.target",
                    "valueType": "string",
                    "value": "face_component"
                },
                {
                    "valueName": "prepare_diagnostic_geo.mesh",
                    "valueType": "Amino::Object",
                    "value": {}
                },
                {
                    "valueName": "prepare_diagnostic_geo.face_position",
                    "valueType": "array<Math::float3>",
                    "value": []
                }
            ],
            "reservedNodeNames": [
                {
                    "name": "input"
                },
                {
                    "name": "output"
                },
                {
                    "name": "output1"
                }
            ]
        }
    ]
}
