{
    "header": {
        "metadata": [
            {
                "metaName": "adskFileFormatVersion",
                "metaValue": "100L"
            }
        ]
    },
    "dependencies": [
        {
            "uri": "file:///Math_types.json"
        },
        {
            "uri": "file:///bifrost_object_i.json"
        },
        {
            "uri": "file:///simulation_types.json"
        },
        {
            "uri": "file:///simulation_nodedefs.json"
        },
        {
            "uri": "file:///Math_conversion.json"
        },
        {
            "uri": "file:///Core_Constants_default_value.json"
        },
        {
            "uri": "file:///Math_long.json"
        },
        {
            "uri": "file:///Math_float.json"
        },
        {
            "uri": "file:///Math_double.json"
        },
        {
            "uri": "file:///Math_char.json"
        },
        {
            "uri": "file:///Math_int.json"
        },
        {
            "uri": "file:///Math_short.json"
        },
        {
            "uri": "file:///Math_uchar.json"
        },
        {
            "uri": "file:///Math_uint.json"
        },
        {
            "uri": "file:///Math_ulong.json"
        },
        {
            "uri": "file:///Math_ushort.json"
        },
        {
            "uri": "file:///riv_types.json"
        },
        {
            "uri": "file:///point_types.json"
        },
        {
            "uri": "file:///FCurve.json"
        },
        {
            "uri": "file:///riv_ops.json"
        },
        {
            "uri": "file:///cumulative_sum_array.json"
        },
        {
            "uri": "file:///Math_array.json"
        },
        {
            "uri": "file:///access_offset_array.json"
        },
        {
            "uri": "file:///CoreArrayOps.json"
        },
        {
            "uri": "file:///bifrost_geometry_query_types.json"
        },
        {
            "uri": "file:///geometry_types.json"
        },
        {
            "uri": "file:///set_property_any.json"
        },
        {
            "uri": "file:///set_property.json"
        },
        {
            "uri": "file:///get_property_any.json"
        },
        {
            "uri": "file:///get_property.json"
        },
        {
            "uri": "file:///has_property.json"
        },
        {
            "uri": "file:///create_volume_geo_prop.json"
        },
        {
            "uri": "file:///is_a.json"
        },
        {
            "uri": "file:///create_object_from_schema.json"
        },
        {
            "uri": "file:///is_a_mesh.json"
        },
        {
            "uri": "file:///is_a_strands.json"
        },
        {
            "uri": "file:///is_a_points.json"
        },
        {
            "uri": "file:///is_a_volume.json"
        },
        {
            "uri": "file:///get_geo_schema_type.json"
        },
        {
            "uri": "file:///switch_is_a.json"
        },
        {
            "uri": "file:///get_target_component.json"
        },
        {
            "uri": "file:///create_data_geo_prop.json"
        },
        {
            "uri": "file:///get_geo_component_count.json"
        },
        {
            "uri": "file:///set_geo_property.array.json"
        },
        {
            "uri": "file:///set_geo_property.scalar.json"
        },
        {
            "uri": "file:///get_geo_property.json"
        },
        {
            "uri": "file:///get_strands_structure.json"
        },
        {
            "uri": "file:///update_point_strand_index.json"
        },
        {
            "uri": "file:///int_filter.json"
        },
        {
            "uri": "file:///get_array_indices.json"
        },
        {
            "uri": "file:///get_geo_property_check.json"
        },
        {
            "uri": "file:///check_point_strand_index.json"
        },
        {
            "uri": "file:///update_strands_ratio.json"
        },
        {
            "uri": "file:///int_array_filter.json"
        },
        {
            "uri": "file:///set_geo_property_data.json"
        },
        {
            "uri": "file:///set_point_position.json"
        },
        {
            "uri": "file:///set_sub_object_property.json"
        },
        {
            "uri": "file:///validate_strands.json"
        },
        {
            "uri": "file:///construct_strands.json"
        },
        {
            "uri": "file:///create_strands_from_counts.json"
        },
        {
            "uri": "file:///twice_of.json"
        },
        {
            "uri": "file:///Math_constants.json"
        },
        {
            "uri": "file:///get_property_keys.json"
        },
        {
            "uri": "file:///is_empty.json"
        },
        {
            "uri": "file:///materials.json"
        },
        {
            "uri": "file:///standard_surface_mat.json"
        },
        {
            "uri": "file:///half_of.json"
        },
        {
            "uri": "file:///Math_bool.json"
        },
        {
            "uri": "file:///Math_change_range.json"
        },
        {
            "uri": "file:///change_range.json"
        },
        {
            "uri": "file:///set_strands_shape.json"
        },
        {
            "uri": "file:///Arnold_enums.json"
        },
        {
            "uri": "file:///CoreStringOps.json"
        },
        {
            "uri": "file:///erase_property.json"
        },
        {
            "uri": "file:///set_Arnold_parameter.json"
        },
        {
            "uri": "file:///Arnold_ray_types.json"
        },
        {
            "uri": "file:///Arnold_ray_bitmask.json"
        },
        {
            "uri": "file:///validate_mesh.json"
        },
        {
            "uri": "file:///set_Arnold_geo_settings.json"
        },
        {
            "uri": "file:///set_Arnold_strands_settings.json"
        },
        {
            "uri": "file:///increment_decrement.json"
        },
        {
            "uri": "file:///create_arrow_strands.json"
        },
        {
            "uri": "file:///Core_Array_sum_array_impl.json"
        },
        {
            "uri": "file:///Core_Array_sum_array.json"
        },
        {
            "uri": "file:///array_average.json"
        },
        {
            "uri": "file:///Math_lerp_with_clamp.json"
        },
        {
            "uri": "file:///Core_Array_array_is_empty.json"
        },
        {
            "uri": "file:///get_geo_target_count.json"
        },
        {
            "uri": "file:///volume_types.json"
        },
        {
            "uri": "file:///volume_nodedefs.json"
        },
        {
            "uri": "file:///interpret_auto_port_as_scalar.json"
        },
        {
            "uri": "file:///object_terminal.json"
        },
        {
            "uri": "file:///Math_vector4_to_vector3.json"
        },
        {
            "uri": "file:///get_sub_object.json"
        },
        {
            "uri": "file:///get_point_count.json"
        },
        {
            "uri": "file:///get_point_normal.json"
        },
        {
            "uri": "file:///get_point_position.json"
        },
        {
            "uri": "file:///Core_Array_slice_array.json"
        },
        {
            "uri": "file:///update_point_neighbors.json"
        },
        {
            "uri": "file:///Core_Array_flatten_nested_array.json"
        },
        {
            "uri": "file:///update_strands_neighbors.json"
        },
        {
            "uri": "file:///update_mesh_adjacency.json"
        },
        {
            "uri": "file:///get_mesh_structure.json"
        },
        {
            "uri": "file:///update_face_neighbors.json"
        },
        {
            "uri": "file:///smooth_geo_property.json"
        },
        {
            "uri": "file:///update_mesh_normals.json"
        },
        {
            "uri": "file:///noise_nodedefs.json"
        },
        {
            "uri": "file:///fractal_turbulence.json"
        },
        {
            "uri": "file:///construct_mesh.json"
        },
        {
            "uri": "file:///Math_quaternion_to_matrix.json"
        },
        {
            "uri": "file:///Math_compose_transform_matrix.json"
        },
        {
            "uri": "file:///Math_vector3_to_vector4.json"
        },
        {
            "uri": "file:///Math_axis_angle_to_quaternion.json"
        },
        {
            "uri": "file:///Math_length_squared.json"
        },
        {
            "uri": "file:///Math_almost_equal.json"
        },
        {
            "uri": "file:///rotation_between_vectors.json"
        },
        {
            "uri": "file:///Math_multiply_quaternions.json"
        },
        {
            "uri": "file:///Math_rotate_by_quaternion.json"
        },
        {
            "uri": "file:///set_point_normal.json"
        },
        {
            "uri": "file:///create_mesh_sphere.json"
        }
    ],
    "namespaces": [],
    "types": [],
    "compounds": [
        {
            "name": "MJCG::Graphs::smooth_geo_property_normal",
            "uriImported": "file:///__duplicateCompoundURIHelper__",
            "metadata": [
                {
                    "metaName": "io_nodes",
                    "metadata": [
                        {
                            "metaName": "io_inodes",
                            "metadata": [
                                {
                                    "metaName": "input",
                                    "metadata": [
                                        {
                                            "metaName": "DisplayMode",
                                            "metaType": "string",
                                            "metaValue": "2"
                                        },
                                        {
                                            "metaName": "LayoutPos",
                                            "metaType": "string",
                                            "metaValue": "1956.71 700.099"
                                        }
                                    ]
                                }
                            ]
                        },
                        {
                            "metaName": "io_onodes",
                            "metadata": [
                                {
                                    "metaName": "output",
                                    "metadata": [
                                        {
                                            "metaName": "DisplayMode",
                                            "metaType": "string",
                                            "metaValue": "2"
                                        },
                                        {
                                            "metaName": "io_ports",
                                            "metadata": [
                                                {
                                                    "metaName": "strands"
                                                }
                                            ]
                                        },
                                        {
                                            "metaName": "LayoutPos",
                                            "metaType": "string",
                                            "metaValue": "3509.05 229.289"
                                        }
                                    ]
                                },
                                {
                                    "metaName": "output1",
                                    "metadata": [
                                        {
                                            "metaName": "DisplayMode",
                                            "metaType": "string",
                                            "metaValue": "2"
                                        },
                                        {
                                            "metaName": "io_ports",
                                            "metadata": [
                                                {
                                                    "metaName": "plane_mesh"
                                                }
                                            ]
                                        },
                                        {
                                            "metaName": "LayoutPos",
                                            "metaType": "string",
                                            "metaValue": "2396.26 -16.705"
                                        }
                                    ]
                                }
                            ]
                        }
                    ]
                },
                {
                    "metaName": "backdrop3",
                    "metadata": [
                        {
                            "metaName": "type",
                            "metaType": "string",
                            "metaValue": "backdrop"
                        },
                        {
                            "metaName": "color",
                            "metaType": "string",
                            "metaValue": "#68426d"
                        },
                        {
                            "metaName": "text",
                            "metaType": "string",
                            "metaValue": "add some noise to the sphere."
                        },
                        {
                            "metaName": "coords",
                            "metaType": "string",
                            "metaValue": "265.692 310.481 1040.02 605.095"
                        }
                    ]
                },
                {
                    "metaName": "backdrop",
                    "metadata": [
                        {
                            "metaName": "type",
                            "metaType": "string",
                            "metaValue": "backdrop"
                        },
                        {
                            "metaName": "color",
                            "metaType": "string",
                            "metaValue": "#37536d"
                        },
                        {
                            "metaName": "text",
                            "metaType": "string",
                            "metaValue": "Smooth the face_normal geo property\n"
                        },
                        {
                            "metaName": "coords",
                            "metaType": "string",
                            "metaValue": "1935.66 197.355 310.316 442.639"
                        }
                    ]
                },
                {
                    "metaName": "backdrop1",
                    "metadata": [
                        {
                            "metaName": "type",
                            "metaType": "string",
                            "metaValue": "backdrop"
                        },
                        {
                            "metaName": "color",
                            "metaType": "string",
                            "metaValue": "#4e6d41"
                        },
                        {
                            "metaName": "text",
                            "metaType": "string",
                            "metaValue": "control the smoothing iterations with the current frame\n"
                        },
                        {
                            "metaName": "coords",
                            "metaType": "string",
                            "metaValue": "1350.67 608.973 542.814 285.668"
                        }
                    ]
                },
                {
                    "metaName": "backdrop2",
                    "metadata": [
                        {
                            "metaName": "type",
                            "metaType": "string",
                            "metaValue": "backdrop"
                        },
                        {
                            "metaName": "color",
                            "metaType": "string",
                            "metaValue": "#6d5231"
                        },
                        {
                            "metaName": "text",
                            "metaType": "string",
                            "metaValue": "update_normals."
                        },
                        {
                            "metaName": "coords",
                            "metaType": "string",
                            "metaValue": "1361.01 220.581 308.781 336.224"
                        }
                    ]
                },
                {
                    "metaName": "backdrop6",
                    "metadata": [
                        {
                            "metaName": "type",
                            "metaType": "string",
                            "metaValue": "backdrop"
                        },
                        {
                            "metaName": "color",
                            "metaType": "string",
                            "metaValue": "#6d3d50"
                        },
                        {
                            "metaName": "text",
                            "metaType": "string",
                            "metaValue": "Draw arraow strands from the point position aiming in the direction of their respective normals."
                        },
                        {
                            "metaName": "coords",
                            "metaType": "string",
                            "metaValue": "2361.26 189.56 1088.5 473.316"
                        }
                    ]
                },
                {
                    "metaName": "_recentNode_",
                    "metaType": "string",
                    "metaValue": "BifrostGraph,Geometry::Properties,get_point_normal"
                },
                {
                    "metaName": "_recentNode_",
                    "metaType": "string",
                    "metaValue": "BifrostGraph,Geometry::Properties,get_point_position"
                },
                {
                    "metaName": "_recentNode_",
                    "metaType": "string",
                    "metaValue": "BifrostGraph,Modeling::Primitive,create_mesh_sphere"
                },
                {
                    "metaName": "_recentNode_",
                    "metaType": "string",
                    "metaValue": "BifrostGraph,Geometry::Primitive,create_mesh_cylinder"
                },
                {
                    "metaName": "_recentNode_",
                    "metaType": "string",
                    "metaValue": "BifrostGraph,MJCG::Geometry::Mesh,update_face_neighbors"
                },
                {
                    "metaName": "ViewportRect",
                    "metaType": "string",
                    "metaValue": "-646.437 -648.41 4515.83 2757.85"
                },
                {
                    "metaName": "compoundIsGraph",
                    "metaValue": "true"
                },
                {
                    "metaName": "author",
                    "metaType": "string",
                    "metaValue": "Maxime Jeanmougin"
                },
                {
                    "metaName": "category",
                    "metaType": "string",
                    "metaValue": "MJCG"
                },
                {
                    "metaName": "description",
                    "metaType": "string",
                    "metaValue": "Smooths the point_normal geo property of a deformed sphere."
                },
                {
                    "metaName": "thumbnail",
                    "metaType": "string",
                    "metaValue": "smooth_geo_property_normal_thumb.png"
                }
            ],
            "ports": [
                {
                    "portName": "strands",
                    "portDirection": "output",
                    "portType": "Amino::Object"
                },
                {
                    "portName": "plane_mesh",
                    "portDirection": "output",
                    "portType": "Amino::Object"
                }
            ],
            "compoundNodes": [
                {
                    "nodeName": "time",
                    "nodeType": "Core::Time::time",
                    "metadata": [
                        {
                            "metaName": "DisplayMode",
                            "metaType": "string",
                            "metaValue": "2"
                        },
                        {
                            "metaName": "LayoutPos",
                            "metaType": "string",
                            "metaValue": "1371.41 656.303"
                        }
                    ]
                },
                {
                    "nodeName": "to_long",
                    "nodeType": "Core::Type_Conversion::to_long",
                    "metadata": [
                        {
                            "metaName": "DisplayMode",
                            "metaType": "string",
                            "metaValue": "2"
                        },
                        {
                            "metaName": "LayoutPos",
                            "metaType": "string",
                            "metaValue": "1623.18 680.313"
                        }
                    ]
                },
                {
                    "nodeName": "create_arrow_strands",
                    "nodeType": "Modeling::Strands::create_arrow_strands",
                    "metadata": [
                        {
                            "metaName": "DisplayMode",
                            "metaType": "string",
                            "metaValue": "2"
                        },
                        {
                            "metaName": "LayoutPos",
                            "metaType": "string",
                            "metaValue": "3191.83 215"
                        }
                    ]
                },
                {
                    "nodeName": "add",
                    "nodeType": "Core::Math::add",
                    "multiInPortNames": [
                        "point_position",
                        "normalized"
                    ],
                    "metadata": [
                        {
                            "metaName": "DisplayMode",
                            "metaType": "string",
                            "metaValue": "2"
                        },
                        {
                            "metaName": "LayoutPos",
                            "metaType": "string",
                            "metaValue": "2920.58 351.977"
                        }
                    ]
                },
                {
                    "nodeName": "smooth_geo_property1",
                    "nodeType": "MJCG::Geometry::Common::smooth_geo_property",
                    "deactivatedTerminals": [
                        "Core::Graph::terminal::diagnostic"
                    ],
                    "metadata": [
                        {
                            "metaName": "DisplayMode",
                            "metaType": "string",
                            "metaValue": "2"
                        },
                        {
                            "metaName": "PortExpandedState",
                            "metadata": [
                                {
                                    "metaName": "Smoothing",
                                    "metaType": "string",
                                    "metaValue": "1"
                                }
                            ]
                        },
                        {
                            "metaName": "LayoutPos",
                            "metaType": "string",
                            "metaValue": "1977.38 256.29"
                        }
                    ]
                },
                {
                    "nodeName": "update_mesh_normals",
                    "nodeType": "Geometry::Mesh::update_mesh_normals",
                    "metadata": [
                        {
                            "metaName": "DisplayMode",
                            "metaType": "string",
                            "metaValue": "2"
                        },
                        {
                            "metaName": "LayoutPos",
                            "metaType": "string",
                            "metaValue": "1393.55 281.877"
                        }
                    ]
                },
                {
                    "nodeName": "get_point_position",
                    "nodeType": "Geometry::Properties::get_point_position",
                    "metadata": [
                        {
                            "metaName": "DisplayMode",
                            "metaType": "string",
                            "metaValue": "2"
                        },
                        {
                            "metaName": "LayoutPos",
                            "metaType": "string",
                            "metaValue": "288.05 452.224"
                        }
                    ]
                },
                {
                    "nodeName": "set_point_position",
                    "nodeType": "Geometry::Properties::set_point_position",
                    "metadata": [
                        {
                            "metaName": "DisplayMode",
                            "metaType": "string",
                            "metaValue": "2"
                        },
                        {
                            "metaName": "LayoutPos",
                            "metaType": "string",
                            "metaValue": "1071.58 327.149"
                        }
                    ]
                },
                {
                    "nodeName": "fractal_turbulence",
                    "nodeType": "Core::Randomization::fractal_turbulence",
                    "metadata": [
                        {
                            "metaName": "DisplayMode",
                            "metaType": "string",
                            "metaValue": "2"
                        },
                        {
                            "metaName": "LayoutPos",
                            "metaType": "string",
                            "metaValue": "547.588 551.295"
                        }
                    ]
                },
                {
                    "nodeName": "add1",
                    "nodeType": "Core::Math::add",
                    "multiInPortNames": [
                        "point_position",
                        "noise"
                    ],
                    "metadata": [
                        {
                            "metaName": "DisplayMode",
                            "metaType": "string",
                            "metaValue": "2"
                        },
                        {
                            "metaName": "LayoutPos",
                            "metaType": "string",
                            "metaValue": "810.715 428.519"
                        }
                    ]
                },
                {
                    "nodeName": "normalize",
                    "nodeType": "Core::Math::normalize",
                    "metadata": [
                        {
                            "metaName": "DisplayMode",
                            "metaType": "string",
                            "metaValue": "2"
                        },
                        {
                            "metaName": "LayoutPos",
                            "metaType": "string",
                            "metaValue": "2648.79 447.773"
                        }
                    ]
                },
                {
                    "nodeName": "create_mesh_sphere",
                    "nodeType": "Modeling::Primitive::create_mesh_sphere",
                    "metadata": [
                        {
                            "metaName": "DisplayMode",
                            "metaType": "string",
                            "metaValue": "2"
                        },
                        {
                            "metaName": "LayoutPos",
                            "metaType": "string",
                            "metaValue": "-20.5978 346.053"
                        }
                    ]
                },
                {
                    "nodeName": "get_point_position1",
                    "nodeType": "Geometry::Properties::get_point_position",
                    "metadata": [
                        {
                            "metaName": "DisplayMode",
                            "metaType": "string",
                            "metaValue": "2"
                        },
                        {
                            "metaName": "LayoutPos",
                            "metaType": "string",
                            "metaValue": "2387.79 234.886"
                        }
                    ]
                },
                {
                    "nodeName": "get_point_normal",
                    "nodeType": "Geometry::Properties::get_point_normal",
                    "metadata": [
                        {
                            "metaName": "DisplayMode",
                            "metaType": "string",
                            "metaValue": "2"
                        },
                        {
                            "metaName": "LayoutPos",
                            "metaType": "string",
                            "metaValue": "2391.95 451.211"
                        }
                    ]
                }
            ],
            "connections": [
                {
                    "source": "time.frame",
                    "target": "to_long.from"
                },
                {
                    "source": "add.output",
                    "target": "create_arrow_strands.end_positions"
                },
                {
                    "source": "to_long.long",
                    "target": "smooth_geo_property1.iterations"
                },
                {
                    "source": "create_arrow_strands.strands",
                    "target": ".strands"
                },
                {
                    "source": "get_point_position.point_position",
                    "target": "add1.first.point_position"
                },
                {
                    "source": "get_point_position.point_position",
                    "target": "fractal_turbulence.position"
                },
                {
                    "source": "add1.output",
                    "target": "set_point_position.positions"
                },
                {
                    "source": "set_point_position.out_geometry",
                    "target": "update_mesh_normals.mesh"
                },
                {
                    "source": "create_mesh_sphere.sphere_mesh",
                    "target": "get_point_position.geometry"
                },
                {
                    "source": "create_mesh_sphere.sphere_mesh",
                    "target": "set_point_position.geometry"
                },
                {
                    "source": "fractal_turbulence.noise",
                    "target": "add1.first.noise"
                },
                {
                    "source": "smooth_geo_property1.out_geometry",
                    "target": "get_point_normal.geometry"
                },
                {
                    "source": "smooth_geo_property1.out_geometry",
                    "target": "get_point_position1.geometry"
                },
                {
                    "source": "get_point_position1.point_position",
                    "target": "create_arrow_strands.start_positions"
                },
                {
                    "source": "get_point_normal.point_normal",
                    "target": "normalize.value"
                },
                {
                    "source": "smooth_geo_property1.out_geometry",
                    "target": ".plane_mesh"
                },
                {
                    "source": "get_point_position1.point_position",
                    "target": "add.first.point_position"
                },
                {
                    "source": "normalize.normalized",
                    "target": "add.first.normalized"
                },
                {
                    "source": "update_mesh_normals.out_mesh",
                    "target": "smooth_geo_property1.geometry"
                }
            ],
            "values": [
                {
                    "valueName": "create_arrow_strands.arrowhead_size",
                    "valueType": "float",
                    "value": "0.100000001f"
                },
                {
                    "valueName": "create_arrow_strands.stem_width_ratio",
                    "valueType": "float",
                    "value": "0.100000001f"
                },
                {
                    "valueName": "smooth_geo_property1.iterations",
                    "valueType": "long",
                    "value": "10"
                },
                {
                    "valueName": "smooth_geo_property1.property",
                    "valueType": "string",
                    "value": "point_normal"
                },
                {
                    "valueName": "smooth_geo_property1.type",
                    "valueType": "array<Math::float3>",
                    "value": []
                },
                {
                    "valueName": "update_mesh_normals.remove_face_vertex_normal",
                    "valueType": "bool",
                    "value": "true"
                },
                {
                    "valueName": "fractal_turbulence.magnitude",
                    "valueType": "float",
                    "value": "1.5f"
                },
                {
                    "valueName": "fractal_turbulence.num_frequencies",
                    "valueType": "float",
                    "value": "10f"
                },
                {
                    "valueName": "fractal_turbulence.frequency",
                    "valueType": "float",
                    "value": "10f"
                },
                {
                    "valueName": "create_mesh_sphere.radius",
                    "valueType": "float",
                    "value": "3f"
                },
                {
                    "valueName": "create_mesh_sphere.height_segments",
                    "valueType": "int",
                    "value": "30L"
                },
                {
                    "valueName": "create_mesh_sphere.axis_segments",
                    "valueType": "int",
                    "value": "30L"
                },
                {
                    "valueName": "create_mesh_sphere.base_to_pivot",
                    "valueType": "bool",
                    "value": "false"
                }
            ],
            "reservedNodeNames": [
                {
                    "name": "output"
                },
                {
                    "name": "output1"
                },
                {
                    "name": "input"
                }
            ]
        }
    ]
}
