{
    "header": {
        "metadata": [
            {
                "metaName": "adskFileFormatVersion",
                "metaValue": "100L"
            }
        ]
    },
    "namespaces": [],
    "types": [],
    "compounds": [
        {
            "name": "MJCG::Graphs::graph_coloring_faces",
            "metadata": [
                {
                    "metaName": "io_nodes",
                    "metadata": [
                        {
                            "metaName": "io_inodes",
                            "metadata": [
                                {
                                    "metaName": "input",
                                    "metadata": [
                                        {
                                            "metaName": "DisplayMode",
                                            "metaType": "string",
                                            "metaValue": "2"
                                        },
                                        {
                                            "metaName": "LayoutPos",
                                            "metaType": "string",
                                            "metaValue": "-393.614 790.677"
                                        },
                                        {
                                            "metaName": "zValue",
                                            "metaType": "string",
                                            "metaValue": "36.000000"
                                        }
                                    ]
                                }
                            ]
                        },
                        {
                            "metaName": "io_onodes",
                            "metadata": [
                                {
                                    "metaName": "output",
                                    "metadata": [
                                        {
                                            "metaName": "DisplayMode",
                                            "metaType": "string",
                                            "metaValue": "2"
                                        },
                                        {
                                            "metaName": "LayoutPos",
                                            "metaType": "string",
                                            "metaValue": "-147.679 795.081"
                                        },
                                        {
                                            "metaName": "zValue",
                                            "metaType": "string",
                                            "metaValue": "37.000000"
                                        }
                                    ]
                                }
                            ]
                        }
                    ]
                },
                {
                    "metaName": "backdrop",
                    "metadata": [
                        {
                            "metaName": "type",
                            "metaType": "string",
                            "metaValue": "backdrop"
                        },
                        {
                            "metaName": "color",
                            "metaType": "string",
                            "metaValue": "#2853bc88"
                        },
                        {
                            "metaName": "title",
                            "metaType": "string",
                            "metaValue": "Generate a mesh plane."
                        },
                        {
                            "metaName": "coords",
                            "metaType": "string",
                            "metaValue": "-1493.06 407.918 278.476 336.266"
                        }
                    ]
                },
                {
                    "metaName": "backdrop1",
                    "metadata": [
                        {
                            "metaName": "type",
                            "metaType": "string",
                            "metaValue": "backdrop"
                        },
                        {
                            "metaName": "color",
                            "metaType": "string",
                            "metaValue": "#28e2cc5c"
                        },
                        {
                            "metaName": "title",
                            "metaType": "string",
                            "metaValue": "Compute neighborship data."
                        },
                        {
                            "metaName": "coords",
                            "metaType": "string",
                            "metaValue": "-1155.07 615.424 320.093 381.317"
                        }
                    ]
                },
                {
                    "metaName": "backdrop2",
                    "metadata": [
                        {
                            "metaName": "type",
                            "metaType": "string",
                            "metaValue": "backdrop"
                        },
                        {
                            "metaName": "title",
                            "metaType": "string"
                        },
                        {
                            "metaName": "color",
                            "metaType": "string",
                            "metaValue": "#28d574a5"
                        },
                        {
                            "metaName": "coords",
                            "metaType": "string",
                            "metaValue": "-789.315 556.646 352.508 507.35"
                        }
                    ]
                },
                {
                    "metaName": "backdrop3",
                    "metadata": [
                        {
                            "metaName": "type",
                            "metaType": "string",
                            "metaValue": "backdrop"
                        },
                        {
                            "metaName": "title",
                            "metaType": "string"
                        },
                        {
                            "metaName": "color",
                            "metaType": "string",
                            "metaValue": "#2853bc88"
                        },
                        {
                            "metaName": "coords",
                            "metaType": "string",
                            "metaValue": "-386.473 276.039 620.384 472.454"
                        }
                    ]
                },
                {
                    "metaName": "_recentNode_",
                    "metaType": "string",
                    "metaValue": "BifrostGraph,MJCG::Geometry::Common,compute_graph_coloring"
                },
                {
                    "metaName": "_recentNode_",
                    "metaType": "string",
                    "metaValue": "output"
                },
                {
                    "metaName": "_recentNode_",
                    "metaType": "string",
                    "metaValue": "BifrostGraph,Geometry::Mesh,update_point_neighbors"
                },
                {
                    "metaName": "_recentNode_",
                    "metaType": "string",
                    "metaValue": "BifrostGraph,Core::Array,array_size"
                },
                {
                    "metaName": "_recentNode_",
                    "metaType": "string",
                    "metaValue": "BifrostGraph,Simulation::Common,force_pull_port"
                },
                {
                    "metaName": "sticky_note_backdrop2",
                    "metadata": [
                        {
                            "metaName": "type",
                            "metaType": "string",
                            "metaValue": "sticky_note"
                        },
                        {
                            "metaName": "text",
                            "metaType": "string",
                            "metaValue": "Applies color labels to a set of component.  Ensures neighbors can not share the same color label, while trying to use the minimum number of colors."
                        },
                        {
                            "metaName": "format",
                            "metaType": "string",
                            "metaValue": "txt"
                        },
                        {
                            "metaName": "color",
                            "metaType": "string",
                            "metaValue": "#ffd574a5"
                        },
                        {
                            "metaName": "fontSize",
                            "metaType": "string",
                            "metaValue": "10"
                        },
                        {
                            "metaName": "zValue",
                            "metaType": "string",
                            "metaValue": "43.000000"
                        },
                        {
                            "metaName": "coords",
                            "metaType": "string",
                            "metaValue": "-767.557 630.646 313.995 172"
                        }
                    ]
                },
                {
                    "metaName": "sticky_note_backdrop3",
                    "metadata": [
                        {
                            "metaName": "type",
                            "metaType": "string",
                            "metaValue": "sticky_note"
                        },
                        {
                            "metaName": "text",
                            "metaType": "string",
                            "metaValue": "Apply per component diagnostic color using the color labels."
                        },
                        {
                            "metaName": "format",
                            "metaType": "string",
                            "metaValue": "txt"
                        },
                        {
                            "metaName": "color",
                            "metaType": "string",
                            "metaValue": "#ff53bc88"
                        },
                        {
                            "metaName": "fontSize",
                            "metaType": "string",
                            "metaValue": "10"
                        },
                        {
                            "metaName": "zValue",
                            "metaType": "string",
                            "metaValue": "49.000000"
                        },
                        {
                            "metaName": "coords",
                            "metaType": "string",
                            "metaValue": "-355.959 352.541 579.369 60"
                        }
                    ]
                },
                {
                    "metaName": "ViewportRect",
                    "metaType": "string",
                    "metaValue": "-1607.83 236.397 1957.87 869.466"
                },
                {
                    "metaName": "compoundIsGraph",
                    "metaValue": "true"
                },
                {
                    "metaName": "author",
                    "metaType": "string",
                    "metaValue": "Maxime Jeanmougin"
                },
                {
                    "metaName": "category",
                    "metaType": "string",
                    "metaValue": "MJCG"
                },
                {
                    "metaName": "description",
                    "metaType": "string",
                    "metaValue": "Applies color labels to a set of component. Graph coloring ensures two neighbors can not have the same color label, while trying to use the minimum number of colors."
                },
                {
                    "metaName": "thumbnail",
                    "metaType": "string",
                    "metaValue": "graph_coloring_faces_thumb.png"
                }
            ],
            "terminalStates": [
                {
                    "name": "Core::Graph::terminal::proxy",
                    "enabled": "true"
                },
                {
                    "name": "Core::Graph::terminal::diagnostic",
                    "enabled": "false"
                }
            ],
            "ports": [],
            "compounds": [
                {
                    "name": "diagnostic_face_coloring",
                    "metadata": [
                        {
                            "metaName": "io_nodes",
                            "metadata": [
                                {
                                    "metaName": "io_inodes",
                                    "metadata": [
                                        {
                                            "metaName": "input",
                                            "metadata": [
                                                {
                                                    "metaName": "DisplayMode",
                                                    "metaType": "string",
                                                    "metaValue": "2"
                                                },
                                                {
                                                    "metaName": "LayoutPos",
                                                    "metaType": "string",
                                                    "metaValue": "-483.29 228.84"
                                                },
                                                {
                                                    "metaName": "io_ports",
                                                    "metadata": [
                                                        {
                                                            "metaName": "geometry"
                                                        },
                                                        {
                                                            "metaName": "colors"
                                                        },
                                                        {
                                                            "metaName": "color_seed"
                                                        }
                                                    ]
                                                },
                                                {
                                                    "metaName": "zValue",
                                                    "metaType": "string",
                                                    "metaValue": "36.000000"
                                                }
                                            ]
                                        }
                                    ]
                                },
                                {
                                    "metaName": "io_onodes",
                                    "metadata": [
                                        {
                                            "metaName": "output",
                                            "metadata": [
                                                {
                                                    "metaName": "DisplayMode",
                                                    "metaType": "string",
                                                    "metaValue": "2"
                                                },
                                                {
                                                    "metaName": "LayoutPos",
                                                    "metaType": "string",
                                                    "metaValue": "985.887 264.719"
                                                },
                                                {
                                                    "metaName": "io_ports",
                                                    "metadata": [
                                                        {
                                                            "metaName": "out_geometry"
                                                        }
                                                    ]
                                                },
                                                {
                                                    "metaName": "zValue",
                                                    "metaType": "string",
                                                    "metaValue": "37.000000"
                                                }
                                            ]
                                        }
                                    ]
                                }
                            ]
                        },
                        {
                            "metaName": "_recentNode_",
                            "metaType": "string",
                            "metaValue": "BifrostGraph,Modeling::Mesh,disconnect_mesh_faces"
                        },
                        {
                            "metaName": "_recentNode_",
                            "metaType": "string",
                            "metaValue": "BifrostGraph,MJCG::Geometry::Common,compute_graph_coloring"
                        },
                        {
                            "metaName": "_recentNode_",
                            "metaType": "string",
                            "metaValue": "output"
                        },
                        {
                            "metaName": "_recentNode_",
                            "metaType": "string",
                            "metaValue": "BifrostGraph,Geometry::Mesh,update_point_neighbors"
                        },
                        {
                            "metaName": "_recentNode_",
                            "metaType": "string",
                            "metaValue": "BifrostGraph,Core::Array,array_size"
                        },
                        {
                            "metaName": "ViewportRect",
                            "metaType": "string",
                            "metaValue": "-637.772 -65.8021 1789.66 794.765"
                        }
                    ],
                    "ports": [
                        {
                            "portName": "geometry",
                            "portDirection": "input",
                            "portType": "Object"
                        },
                        {
                            "portName": "colors",
                            "portDirection": "input",
                            "portType": "array<long>"
                        },
                        {
                            "portName": "color_seed",
                            "portDirection": "input",
                            "portType": "long"
                        },
                        {
                            "portName": "out_geometry",
                            "portDirection": "output",
                            "portType": "Object"
                        }
                    ],
                    "compounds": [
                        {
                            "name": "compute_per_face_vertex_color",
                            "metadata": [
                                {
                                    "metaName": "icon",
                                    "metaType": "string",
                                    "metaValue": "<NATIVE>../icons/LoopForEach.svg"
                                },
                                {
                                    "metaName": "icon",
                                    "metaType": "string",
                                    "metaValue": "<NATIVE>../icons/LoopForEach.svg"
                                },
                                {
                                    "metaName": "icon",
                                    "metaType": "string",
                                    "metaValue": "<NATIVE>../icons/LoopForEach.svg"
                                },
                                {
                                    "metaName": "_recentNode_",
                                    "metaType": "string",
                                    "metaValue": "BifrostGraph,Core::Math,increment"
                                },
                                {
                                    "metaName": "_recentNode_",
                                    "metaType": "string",
                                    "metaValue": "BifrostGraph,Core::Array,array_size"
                                },
                                {
                                    "metaName": "_recentNode_",
                                    "metaType": "string",
                                    "metaValue": "BifrostGraph,Core::Array,resize_array"
                                },
                                {
                                    "metaName": "_recentNode_",
                                    "metaType": "string",
                                    "metaValue": "BifrostGraph,Core::Randomization,random_value"
                                },
                                {
                                    "metaName": "_recentNode_",
                                    "metaType": "string",
                                    "metaValue": "BifrostGraph,Core::Array,get_from_array"
                                },
                                {
                                    "metaName": "io_nodes",
                                    "metadata": [
                                        {
                                            "metaName": "io_inodes",
                                            "metadata": [
                                                {
                                                    "metaName": "input",
                                                    "metadata": [
                                                        {
                                                            "metaName": "DisplayMode",
                                                            "metaType": "string",
                                                            "metaValue": "2"
                                                        },
                                                        {
                                                            "metaName": "LayoutPos",
                                                            "metaType": "string",
                                                            "metaValue": "-694.205 -28.1746"
                                                        },
                                                        {
                                                            "metaName": "io_ports",
                                                            "metadata": [
                                                                {
                                                                    "metaName": "max_iterations"
                                                                },
                                                                {
                                                                    "metaName": "current_index"
                                                                },
                                                                {
                                                                    "metaName": "face_vertex"
                                                                },
                                                                {
                                                                    "metaName": "face_offset"
                                                                },
                                                                {
                                                                    "metaName": "out_color"
                                                                },
                                                                {
                                                                    "metaName": "seed"
                                                                }
                                                            ]
                                                        }
                                                    ]
                                                }
                                            ]
                                        },
                                        {
                                            "metaName": "io_onodes",
                                            "metadata": [
                                                {
                                                    "metaName": "output",
                                                    "metadata": [
                                                        {
                                                            "metaName": "DisplayMode",
                                                            "metaType": "string",
                                                            "metaValue": "2"
                                                        },
                                                        {
                                                            "metaName": "LayoutPos",
                                                            "metaType": "string",
                                                            "metaValue": "502.792 -40.0883"
                                                        },
                                                        {
                                                            "metaName": "io_ports",
                                                            "metadata": [
                                                                {
                                                                    "metaName": "color"
                                                                }
                                                            ]
                                                        }
                                                    ]
                                                }
                                            ]
                                        }
                                    ]
                                },
                                {
                                    "metaName": "ViewportRect",
                                    "metaType": "string",
                                    "metaValue": "-774 -394.484 1581 965.967"
                                }
                            ],
                            "ports": [
                                {
                                    "portName": "max_iterations",
                                    "portDirection": "input",
                                    "portType": "long",
                                    "portIterationLimit": "true"
                                },
                                {
                                    "portName": "current_index",
                                    "portDirection": "input",
                                    "portType": "long",
                                    "portIterationCounter": "true"
                                },
                                {
                                    "portName": "face_vertex",
                                    "portDirection": "input"
                                },
                                {
                                    "portName": "face_offset",
                                    "portDirection": "input"
                                },
                                {
                                    "portName": "out_color",
                                    "portDirection": "input",
                                    "portIterationTarget": "true"
                                },
                                {
                                    "portName": "seed",
                                    "portDirection": "input",
                                    "portType": "long"
                                },
                                {
                                    "portName": "color",
                                    "portDirection": "output",
                                    "portType": "array<array<Math::float3>>",
                                    "portIterationTarget": "true"
                                }
                            ],
                            "compoundNodes": [
                                {
                                    "nodeName": "get_face_vertex_indices",
                                    "nodeType": "MJCG::Geometry::Mesh::get_face_vertex_indices",
                                    "metadata": [
                                        {
                                            "metaName": "DisplayMode",
                                            "metaType": "string",
                                            "metaValue": "2"
                                        },
                                        {
                                            "metaName": "LayoutPos",
                                            "metaType": "string",
                                            "metaValue": "-314.134 -135.017"
                                        }
                                    ]
                                },
                                {
                                    "nodeName": "random_value",
                                    "nodeType": "Core::Randomization::random_value",
                                    "metadata": [
                                        {
                                            "metaName": "DisplayMode",
                                            "metaType": "string",
                                            "metaValue": "2"
                                        },
                                        {
                                            "metaName": "LayoutPos",
                                            "metaType": "string",
                                            "metaValue": "-37.1416 90.9299"
                                        }
                                    ]
                                },
                                {
                                    "nodeName": "resize_array",
                                    "nodeType": "Core::Array::resize_array",
                                    "metadata": [
                                        {
                                            "metaName": "DisplayMode",
                                            "metaType": "string",
                                            "metaValue": "2"
                                        },
                                        {
                                            "metaName": "LayoutPos",
                                            "metaType": "string",
                                            "metaValue": "240.944 -56.9261"
                                        }
                                    ]
                                },
                                {
                                    "nodeName": "array_size",
                                    "nodeType": "Core::Array::array_size",
                                    "metadata": [
                                        {
                                            "metaName": "DisplayMode",
                                            "metaType": "string",
                                            "metaValue": "2"
                                        },
                                        {
                                            "metaName": "LayoutPos",
                                            "metaType": "string",
                                            "metaValue": "-42.6854 -107.805"
                                        }
                                    ]
                                }
                            ],
                            "connections": [
                                {
                                    "source": "get_face_vertex_indices.face_vertex_indices",
                                    "target": "array_size.array"
                                },
                                {
                                    "source": "random_value.random_value",
                                    "target": "resize_array.default"
                                },
                                {
                                    "source": "array_size.size",
                                    "target": "resize_array.new_size"
                                },
                                {
                                    "source": ".current_index",
                                    "target": "get_face_vertex_indices.face_index"
                                },
                                {
                                    "source": ".face_vertex",
                                    "target": "get_face_vertex_indices.face_vertex"
                                },
                                {
                                    "source": ".face_offset",
                                    "target": "get_face_vertex_indices.face_offset"
                                },
                                {
                                    "source": ".out_color",
                                    "target": "random_value.index"
                                },
                                {
                                    "source": "resize_array.resized",
                                    "target": ".color"
                                },
                                {
                                    "source": ".seed",
                                    "target": "random_value.seed"
                                }
                            ],
                            "values": [
                                {
                                    "valueName": "get_face_vertex_indices.face_index",
                                    "valueType": "long",
                                    "value": "4"
                                },
                                {
                                    "valueName": "random_value.index",
                                    "valueType": "long",
                                    "value": "0"
                                },
                                {
                                    "valueName": "random_value.min",
                                    "valueType": "Math::float3",
                                    "value": {
                                        "x": "0f",
                                        "y": "0f",
                                        "z": "0f"
                                    }
                                },
                                {
                                    "valueName": "random_value.max",
                                    "valueType": "Math::float3",
                                    "value": {
                                        "x": "1f",
                                        "y": "1f",
                                        "z": "1f"
                                    }
                                },
                                {
                                    "valueName": "random_value.seed",
                                    "valueType": "long",
                                    "value": "0"
                                }
                            ],
                            "reservedNodeNames": [
                                {
                                    "name": "input"
                                },
                                {
                                    "name": "output"
                                }
                            ],
                            "forEachCompound": {
                                "ports": []
                            }
                        }
                    ],
                    "compoundNodes": [
                        {
                            "nodeName": "compute_per_face_vertex_color",
                            "nodeType": "compute_per_face_vertex_color",
                            "metadata": [
                                {
                                    "metaName": "DisplayMode",
                                    "metaType": "string",
                                    "metaValue": "2"
                                },
                                {
                                    "metaName": "LayoutPos",
                                    "metaType": "string",
                                    "metaValue": "136.265 349.486"
                                },
                                {
                                    "metaName": "zValue",
                                    "metaType": "string",
                                    "metaValue": "31.000000"
                                }
                            ]
                        },
                        {
                            "nodeName": "assign_diagnostic_material",
                            "nodeType": "Diagnostic::Display::assign_diagnostic_material",
                            "metadata": [
                                {
                                    "metaName": "DisplayMode",
                                    "metaType": "string",
                                    "metaValue": "2"
                                },
                                {
                                    "metaName": "LayoutPos",
                                    "metaType": "string",
                                    "metaValue": "672.37 237.835"
                                },
                                {
                                    "metaName": "zValue",
                                    "metaType": "string",
                                    "metaValue": "32.000000"
                                }
                            ]
                        },
                        {
                            "nodeName": "flatten_nested_array",
                            "nodeType": "Core::Array::flatten_nested_array",
                            "metadata": [
                                {
                                    "metaName": "DisplayMode",
                                    "metaType": "string",
                                    "metaValue": "2"
                                },
                                {
                                    "metaName": "LayoutPos",
                                    "metaType": "string",
                                    "metaValue": "406.652 352.384"
                                },
                                {
                                    "metaName": "zValue",
                                    "metaType": "string",
                                    "metaValue": "34.000000"
                                }
                            ]
                        },
                        {
                            "nodeName": "get_mesh_structure",
                            "nodeType": "Geometry::Mesh::get_mesh_structure",
                            "metadata": [
                                {
                                    "metaName": "DisplayMode",
                                    "metaType": "string",
                                    "metaValue": "2"
                                },
                                {
                                    "metaName": "LayoutPos",
                                    "metaType": "string",
                                    "metaValue": "-161.399 350.486"
                                },
                                {
                                    "metaName": "zValue",
                                    "metaType": "string",
                                    "metaValue": "35.000000"
                                }
                            ]
                        },
                        {
                            "nodeName": "disconnect_mesh_faces",
                            "nodeType": "Modeling::Mesh::disconnect_mesh_faces",
                            "metadata": [
                                {
                                    "metaName": "DisplayMode",
                                    "metaType": "string",
                                    "metaValue": "2"
                                },
                                {
                                    "metaName": "zValue",
                                    "metaType": "string",
                                    "metaValue": "48.000000"
                                },
                                {
                                    "metaName": "LayoutPos",
                                    "metaType": "string",
                                    "metaValue": "130.167 78.4034"
                                }
                            ]
                        }
                    ],
                    "connections": [
                        {
                            "source": "flatten_nested_array.flattened_array",
                            "target": "assign_diagnostic_material.emission_color"
                        },
                        {
                            "source": "get_mesh_structure.face_count",
                            "target": "compute_per_face_vertex_color.max_iterations"
                        },
                        {
                            "source": "get_mesh_structure.face_vertex",
                            "target": "compute_per_face_vertex_color.face_vertex"
                        },
                        {
                            "source": "get_mesh_structure.face_offset",
                            "target": "compute_per_face_vertex_color.face_offset"
                        },
                        {
                            "source": ".geometry",
                            "target": "get_mesh_structure.mesh"
                        },
                        {
                            "source": ".color_seed",
                            "target": "compute_per_face_vertex_color.seed"
                        },
                        {
                            "source": ".colors",
                            "target": "compute_per_face_vertex_color.out_color"
                        },
                        {
                            "source": "compute_per_face_vertex_color.color",
                            "target": "flatten_nested_array.nested_array"
                        },
                        {
                            "source": "assign_diagnostic_material.geometry_with_material",
                            "target": ".out_geometry"
                        },
                        {
                            "source": ".geometry",
                            "target": "disconnect_mesh_faces.mesh"
                        },
                        {
                            "source": "disconnect_mesh_faces.disconnected_mesh",
                            "target": "assign_diagnostic_material.geometry"
                        }
                    ],
                    "values": [
                        {
                            "valueName": "compute_per_face_vertex_color.max_iterations",
                            "valueType": "long",
                            "value": "10"
                        },
                        {
                            "valueName": "compute_per_face_vertex_color.seed",
                            "valueType": "long",
                            "value": "16"
                        },
                        {
                            "valueName": "assign_diagnostic_material.specular",
                            "valueType": "float",
                            "value": "0f"
                        },
                        {
                            "valueName": "assign_diagnostic_material.emission",
                            "valueType": "float",
                            "value": "1f"
                        }
                    ],
                    "reservedNodeNames": [
                        {
                            "name": "input"
                        },
                        {
                            "name": "output"
                        }
                    ]
                }
            ],
            "compoundNodes": [
                {
                    "nodeName": "create_mesh_plane",
                    "nodeType": "Modeling::Primitive::create_mesh_plane",
                    "metadata": [
                        {
                            "metaName": "DisplayMode",
                            "metaType": "string",
                            "metaValue": "2"
                        },
                        {
                            "metaName": "LayoutPos",
                            "metaType": "string",
                            "metaValue": "-1479.66 498.235"
                        },
                        {
                            "metaName": "zValue",
                            "metaType": "string",
                            "metaValue": "31.000000"
                        }
                    ]
                },
                {
                    "nodeName": "update_face_neighbors",
                    "nodeType": "MJCG::Geometry::Mesh::update_face_neighbors",
                    "terminalStates": [
                        {
                            "name": "Core::Graph::terminal::diagnostic",
                            "enabled": "false"
                        }
                    ],
                    "metadata": [
                        {
                            "metaName": "DisplayMode",
                            "metaType": "string",
                            "metaValue": "2"
                        },
                        {
                            "metaName": "zValue",
                            "metaType": "string",
                            "metaValue": "32.000000"
                        },
                        {
                            "metaName": "LayoutPos",
                            "metaType": "string",
                            "metaValue": "-1110.41 718.674"
                        }
                    ]
                },
                {
                    "nodeName": "diagnostic_face_coloring",
                    "nodeType": "diagnostic_face_coloring",
                    "metadata": [
                        {
                            "metaName": "DisplayMode",
                            "metaType": "string",
                            "metaValue": "2"
                        },
                        {
                            "metaName": "zValue",
                            "metaType": "string",
                            "metaValue": "48.000000"
                        },
                        {
                            "metaName": "LayoutPos",
                            "metaType": "string",
                            "metaValue": "-325.642 449.455"
                        }
                    ]
                },
                {
                    "nodeName": "terminal",
                    "nodeType": "Core::Graph::terminal",
                    "fanInPortNames": {
                        "final": [],
                        "proxy": [
                            "out_geometry"
                        ],
                        "diagnostic": []
                    },
                    "terminalStates": [
                        {
                            "name": "Core::Graph::terminal::final",
                            "enabled": "false"
                        },
                        {
                            "name": "Core::Graph::terminal::diagnostic",
                            "enabled": "false"
                        }
                    ],
                    "metadata": [
                        {
                            "metaName": "DisplayMode",
                            "metaType": "string",
                            "metaValue": "2"
                        },
                        {
                            "metaName": "zValue",
                            "metaType": "string",
                            "metaValue": "47.000000"
                        },
                        {
                            "metaName": "LayoutPos",
                            "metaType": "string",
                            "metaValue": "-34.1026 485.668"
                        }
                    ]
                },
                {
                    "nodeName": "compute_graph_coloring",
                    "nodeType": "MJCG::Geometry::Common::compute_graph_coloring",
                    "metadata": [
                        {
                            "metaName": "DisplayMode",
                            "metaType": "string",
                            "metaValue": "2"
                        },
                        {
                            "metaName": "zValue",
                            "metaType": "string",
                            "metaValue": "44.000000"
                        },
                        {
                            "metaName": "LayoutPos",
                            "metaType": "string",
                            "metaValue": "-727.377 842.774"
                        }
                    ]
                }
            ],
            "connections": [
                {
                    "source": "create_mesh_plane.plane_mesh",
                    "target": "update_face_neighbors.mesh"
                },
                {
                    "source": "create_mesh_plane.plane_mesh",
                    "target": "diagnostic_face_coloring.geometry"
                },
                {
                    "source": "diagnostic_face_coloring.out_geometry",
                    "target": "terminal.proxy.out_geometry"
                },
                {
                    "source": "update_face_neighbors.face_neighbors",
                    "target": "compute_graph_coloring.neighbors"
                },
                {
                    "source": "compute_graph_coloring.colored",
                    "target": "diagnostic_face_coloring.colors"
                }
            ],
            "values": [
                {
                    "valueName": "create_mesh_plane.length",
                    "valueType": "float",
                    "value": "10f"
                },
                {
                    "valueName": "create_mesh_plane.width",
                    "valueType": "float",
                    "value": "10f"
                },
                {
                    "valueName": "create_mesh_plane.length_segments",
                    "valueType": "int",
                    "value": "25L"
                },
                {
                    "valueName": "create_mesh_plane.width_segments",
                    "valueType": "int",
                    "value": "25L"
                },
                {
                    "valueName": "diagnostic_face_coloring.geometry",
                    "valueType": "Object",
                    "value": {}
                },
                {
                    "valueName": "diagnostic_face_coloring.colors",
                    "valueType": "array<long>",
                    "value": []
                },
                {
                    "valueName": "diagnostic_face_coloring.color_seed",
                    "valueType": "long",
                    "value": "3"
                }
            ],
            "reservedNodeNames": [
                {
                    "name": "input"
                },
                {
                    "name": "output"
                }
            ]
        }
    ]
}
