{
    "header": {
        "metadata": [
            {
                "metaName": "adskFileFormatVersion",
                "metaValue": "100L"
            }
        ]
    },
    "dependencies": [
        {
            "uri": "file:///bifrost_object_i.json"
        },
        {
            "uri": "file:///Math_types.json"
        },
        {
            "uri": "file:///turtle_state_type.json"
        },
        {
            "uri": "file:///Math_long.json"
        },
        {
            "uri": "file:///Math_float.json"
        },
        {
            "uri": "file:///Math_double.json"
        },
        {
            "uri": "file:///Math_char.json"
        },
        {
            "uri": "file:///Math_int.json"
        },
        {
            "uri": "file:///Math_short.json"
        },
        {
            "uri": "file:///Math_uchar.json"
        },
        {
            "uri": "file:///Math_uint.json"
        },
        {
            "uri": "file:///Math_ulong.json"
        },
        {
            "uri": "file:///Math_ushort.json"
        },
        {
            "uri": "file:///riv_types.json"
        },
        {
            "uri": "file:///point_types.json"
        },
        {
            "uri": "file:///FCurve.json"
        },
        {
            "uri": "file:///riv_ops.json"
        },
        {
            "uri": "file:///jotun_rand.json"
        },
        {
            "uri": "file:///Math_conversion.json"
        },
        {
            "uri": "file:///increment_decrement.json"
        },
        {
            "uri": "file:///random_value.json"
        },
        {
            "uri": "file:///half_of.json"
        },
        {
            "uri": "file:///Math_axis_angle_to_quaternion.json"
        },
        {
            "uri": "file:///Math_degrees_to_radians.json"
        },
        {
            "uri": "file:///Math_multiply_quaternions.json"
        },
        {
            "uri": "file:///Math_bool.json"
        },
        {
            "uri": "file:///Math_rotate_by_quaternion.json"
        },
        {
            "uri": "file:///Math_euler_to_quaternion.json"
        },
        {
            "uri": "file:///remove_last_in_array.json"
        },
        {
            "uri": "file:///CoreStringOps.json"
        },
        {
            "uri": "file:///bifrost_geometry_query_types.json"
        },
        {
            "uri": "file:///geometry_types.json"
        },
        {
            "uri": "file:///create_object_from_schema.json"
        },
        {
            "uri": "file:///set_property_any.json"
        },
        {
            "uri": "file:///set_property.json"
        },
        {
            "uri": "file:///get_property_any.json"
        },
        {
            "uri": "file:///get_property.json"
        },
        {
            "uri": "file:///set_sub_object_property.json"
        },
        {
            "uri": "file:///validate_strands.json"
        },
        {
            "uri": "file:///construct_strands.json"
        },
        {
            "uri": "file:///has_property.json"
        },
        {
            "uri": "file:///create_volume_geo_prop.json"
        },
        {
            "uri": "file:///is_a.json"
        },
        {
            "uri": "file:///is_a_mesh.json"
        },
        {
            "uri": "file:///is_a_strands.json"
        },
        {
            "uri": "file:///is_a_points.json"
        },
        {
            "uri": "file:///is_a_volume.json"
        },
        {
            "uri": "file:///get_geo_schema_type.json"
        },
        {
            "uri": "file:///switch_is_a.json"
        },
        {
            "uri": "file:///get_target_component.json"
        },
        {
            "uri": "file:///create_data_geo_prop.json"
        },
        {
            "uri": "file:///get_geo_component_count.json"
        },
        {
            "uri": "file:///set_geo_property.array.json"
        },
        {
            "uri": "file:///set_geo_property.scalar.json"
        },
        {
            "uri": "file:///set_point_size.json"
        },
        {
            "uri": "file:///add_points_to_points.json"
        },
        {
            "uri": "file:///validate_points.json"
        },
        {
            "uri": "file:///construct_points.json"
        },
        {
            "uri": "file:///set_point_orientation.json"
        },
        {
            "uri": "file:///Math_quaternion_to_matrix.json"
        },
        {
            "uri": "file:///Math_compose_transform_matrix.json"
        },
        {
            "uri": "file:///Math_matrix_to_quaternion.json"
        },
        {
            "uri": "file:///Math_vector3_to_vector4.json"
        },
        {
            "uri": "file:///Math_vector4_to_vector3.json"
        },
        {
            "uri": "file:///multiply_vector_by_matrix.json"
        },
        {
            "uri": "file:///set_point_length.json"
        },
        {
            "uri": "file:///get_property_keys.json"
        },
        {
            "uri": "file:///is_empty.json"
        },
        {
            "uri": "file:///materials.json"
        },
        {
            "uri": "file:///instances.json"
        },
        {
            "uri": "file:///Core_Array_flatten_nested_array.json"
        },
        {
            "uri": "file:///Core_Array_array_is_empty.json"
        },
        {
            "uri": "file:///Math_array.json"
        },
        {
            "uri": "file:///CoreArrayOps.json"
        },
        {
            "uri": "file:///validate_mesh.json"
        },
        {
            "uri": "file:///construct_mesh.json"
        },
        {
            "uri": "file:///Math_constants.json"
        },
        {
            "uri": "file:///Core_Array_slice_array.json"
        },
        {
            "uri": "file:///get_geo_property.json"
        },
        {
            "uri": "file:///get_point_position.json"
        },
        {
            "uri": "file:///get_sub_object.json"
        },
        {
            "uri": "file:///erase_property.json"
        },
        {
            "uri": "file:///update_mesh_normals.json"
        },
        {
            "uri": "file:///Math_length_squared.json"
        },
        {
            "uri": "file:///Math_almost_equal.json"
        },
        {
            "uri": "file:///rotation_between_vectors.json"
        },
        {
            "uri": "file:///set_point_normal.json"
        },
        {
            "uri": "file:///create_mesh_sphere.json"
        },
        {
            "uri": "file:///object_terminal.json"
        },
        {
            "uri": "file:///get_geo_target_count.json"
        },
        {
            "uri": "file:///get_geo_property_check.json"
        },
        {
            "uri": "file:///volume_types.json"
        },
        {
            "uri": "file:///volume_nodedefs.json"
        },
        {
            "uri": "file:///interpret_auto_port_as_vector.json"
        },
        {
            "uri": "file:///standard_surface_mat.json"
        },
        {
            "uri": "file:///set_strands_shape.json"
        },
        {
            "uri": "file:///generate_L_system.json"
        }
    ],
    "namespaces": [],
    "types": [],
    "compounds": [
        {
            "name": "MJCG::Graphs::L_system_example_9",
            "uriImported": "stream:/l_systemShape",
            "metadata": [
                {
                    "metaName": "io_nodes",
                    "metadata": [
                        {
                            "metaName": "io_inodes",
                            "metadata": [
                                {
                                    "metaName": "input",
                                    "metadata": [
                                        {
                                            "metaName": "DisplayMode",
                                            "metaType": "string",
                                            "metaValue": "2"
                                        },
                                        {
                                            "metaName": "LayoutPos",
                                            "metaType": "string",
                                            "metaValue": "-1929.48 1763.53"
                                        }
                                    ]
                                }
                            ]
                        },
                        {
                            "metaName": "io_onodes",
                            "metadata": [
                                {
                                    "metaName": "output",
                                    "metadata": [
                                        {
                                            "metaName": "DisplayMode",
                                            "metaType": "string",
                                            "metaValue": "2"
                                        },
                                        {
                                            "metaName": "io_ports"
                                        },
                                        {
                                            "metaName": "LayoutPos",
                                            "metaType": "string",
                                            "metaValue": "-1931.95 1924.15"
                                        }
                                    ]
                                }
                            ]
                        }
                    ]
                },
                {
                    "metaName": "_recentNode_",
                    "metaType": "string",
                    "metaValue": "BifrostGraph,Geometry::Strands,set_strands_shape"
                },
                {
                    "metaName": "_recentNode_",
                    "metaType": "string",
                    "metaValue": "BifrostGraph,MJCG::Modeling::Strands,extrude_strands"
                },
                {
                    "metaName": "_recentNode_",
                    "metaType": "string",
                    "metaValue": "BifrostGraph,Modeling::Points,scatter_points"
                },
                {
                    "metaName": "_recentNode_",
                    "metaType": "string",
                    "metaValue": "BifrostGraph,MJCG::Modeling::Strands,create_L_system"
                },
                {
                    "metaName": "_recentNode_",
                    "metaType": "string",
                    "metaValue": "BifrostGraph,Modeling::Instances,create_instances"
                },
                {
                    "metaName": "ViewportRect",
                    "metaType": "string",
                    "metaValue": "-2799.85 1497.12 1324.71 791.765"
                },
                {
                    "metaName": "compoundIsGraph",
                    "metaValue": "true"
                },
                {
                    "metaName": "author",
                    "metaType": "string",
                    "metaValue": "Maxime Jeanmougin"
                },
                {
                    "metaName": "category",
                    "metaType": "string",
                    "metaValue": "MJCG"
                },
                {
                    "metaName": "description",
                    "metaType": "string",
                    "metaValue": "Generates abstract shape using L-system."
                },
                {
                    "metaName": "thumbnail",
                    "metaType": "string",
                    "metaValue": "L_system_example_9_thumb.png"
                }
            ],
            "ports": [],
            "compoundNodes": [
                {
                    "nodeName": "create_L_system",
                    "nodeType": "MJCG::Modeling::Growth::generate_L_system",
                    "fanInPortNames": {
                        "additional_rules": []
                    },
                    "deactivatedTerminals": [
                        "Core::Graph::terminal::diagnostic",
                        "Core::Graph::terminal::final"
                    ],
                    "metadata": [
                        {
                            "metaName": "DisplayMode",
                            "metaType": "string",
                            "metaValue": "2"
                        },
                        {
                            "metaName": "LayoutPos",
                            "metaType": "string",
                            "metaValue": "-2250 1660"
                        },
                        {
                            "metaName": "PortExpandedState",
                            "metadata": [
                                {
                                    "metaName": "Rules",
                                    "metaType": "string",
                                    "metaValue": "1"
                                },
                                {
                                    "metaName": "Rules.Rewrite Rules",
                                    "metaType": "string",
                                    "metaValue": "1"
                                }
                            ]
                        }
                    ]
                },
                {
                    "nodeName": "value",
                    "valueType": "string",
                    "metadata": [
                        {
                            "metaName": "DisplayMode",
                            "metaType": "string",
                            "metaValue": "2"
                        },
                        {
                            "metaName": "LayoutPos",
                            "metaType": "string",
                            "metaValue": "-2570.29 1610.12"
                        },
                        {
                            "metaName": "valuenode_defaultvalue",
                            "metaType": "string",
                            "metaValue": "XF"
                        }
                    ]
                },
                {
                    "nodeName": "value1",
                    "valueType": "string",
                    "metadata": [
                        {
                            "metaName": "DisplayMode",
                            "metaType": "string",
                            "metaValue": "2"
                        },
                        {
                            "metaName": "LayoutPos",
                            "metaType": "string",
                            "metaValue": "-2572.05 1805"
                        },
                        {
                            "metaName": "valuenode_defaultvalue",
                            "metaType": "string",
                            "metaValue": "X= X+YF++YF-FX--FXFX-YF+"
                        }
                    ]
                },
                {
                    "nodeName": "value2",
                    "valueType": "string",
                    "metadata": [
                        {
                            "metaName": "DisplayMode",
                            "metaType": "string",
                            "metaValue": "2"
                        },
                        {
                            "metaName": "LayoutPos",
                            "metaType": "string",
                            "metaValue": "-2572.05 2000"
                        },
                        {
                            "metaName": "valuenode_defaultvalue",
                            "metaType": "string",
                            "metaValue": "Y= -FX+YFYF++YF+FX--FX-Y"
                        }
                    ]
                }
            ],
            "connections": [
                {
                    "source": "value.output",
                    "target": "create_L_system.axiom"
                },
                {
                    "source": "value1.output",
                    "target": "create_L_system.rule_1"
                },
                {
                    "source": "value2.output",
                    "target": "create_L_system.rule_2"
                }
            ],
            "values": [
                {
                    "valueName": "create_L_system.length_compensation",
                    "valueType": "bool",
                    "value": "false"
                },
                {
                    "valueName": "create_L_system.length",
                    "valueType": "float",
                    "value": "1f"
                },
                {
                    "valueName": "create_L_system.length_scale",
                    "valueType": "float",
                    "value": "0.5f"
                },
                {
                    "valueName": "create_L_system.length_chaos",
                    "valueType": "float",
                    "value": "0f"
                },
                {
                    "valueName": "create_L_system.random_seed",
                    "valueType": "long",
                    "value": "2"
                },
                {
                    "valueName": "create_L_system.angle",
                    "valueType": "float",
                    "value": "60f"
                },
                {
                    "valueName": "create_L_system.angle_scale",
                    "valueType": "float",
                    "value": "0.5f"
                },
                {
                    "valueName": "create_L_system.angle_chaos",
                    "valueType": "float",
                    "value": "0f"
                },
                {
                    "valueName": "create_L_system.rule_3",
                    "valueType": "string",
                    "value": ""
                },
                {
                    "valueName": "create_L_system.rule_4",
                    "valueType": "string",
                    "value": ""
                },
                {
                    "valueName": "create_L_system.rule_5",
                    "valueType": "string",
                    "value": ""
                },
                {
                    "valueName": "create_L_system.generations",
                    "valueType": "float",
                    "value": "4f"
                },
                {
                    "valueName": "create_L_system.rotation_chaos",
                    "valueType": "Math::float3",
                    "value": {
                        "x": "0f",
                        "y": "0f",
                        "z": "0f"
                    }
                },
                {
                    "valueName": "create_L_system.size",
                    "valueType": "float",
                    "value": "0.100000001f"
                },
                {
                    "valueName": "create_L_system.size_scale",
                    "valueType": "float",
                    "value": "0.800000012f"
                },
                {
                    "valueName": "create_L_system.size_chaos",
                    "valueType": "float",
                    "value": "0f"
                },
                {
                    "valueName": "create_L_system.color_1",
                    "valueType": "Math::float3",
                    "value": {
                        "x": "0f",
                        "y": "1f",
                        "z": "0f"
                    }
                },
                {
                    "valueName": "create_L_system.color_2",
                    "valueType": "Math::float3",
                    "value": {
                        "x": "0f",
                        "y": "0f",
                        "z": "0f"
                    }
                },
                {
                    "valueName": "create_L_system.color_3",
                    "valueType": "Math::float3",
                    "value": {
                        "x": "0f",
                        "y": "0f",
                        "z": "0f"
                    }
                },
                {
                    "valueName": "create_L_system.instance_scale",
                    "valueType": "float",
                    "value": "1f"
                },
                {
                    "valueName": "create_L_system.scale",
                    "valueType": "Math::float3",
                    "value": {
                        "x": "1f",
                        "y": "1f",
                        "z": "1f"
                    }
                },
                {
                    "valueName": "create_L_system.rotation",
                    "valueType": "Math::float3",
                    "value": {
                        "x": "-90f",
                        "y": "0f",
                        "z": "0f"
                    }
                },
                {
                    "valueName": "create_L_system.translation",
                    "valueType": "Math::float3",
                    "value": {
                        "x": "0f",
                        "y": "0f",
                        "z": "0f"
                    }
                },
                {
                    "valueName": "create_L_system.use_transform_matrix",
                    "valueType": "bool",
                    "value": "false"
                },
                {
                    "valueName": "create_L_system.transform",
                    "valueType": "Math::float4x4",
                    "value": {
                        "c0": {
                            "x": "1f",
                            "y": "0f",
                            "z": "0f",
                            "w": "0f"
                        },
                        "c1": {
                            "x": "0f",
                            "y": "1f",
                            "z": "0f",
                            "w": "0f"
                        },
                        "c2": {
                            "x": "0f",
                            "y": "0f",
                            "z": "1f",
                            "w": "0f"
                        },
                        "c3": {
                            "x": "0f",
                            "y": "0f",
                            "z": "0f",
                            "w": "1f"
                        }
                    }
                },
                {
                    "valueName": "value.value",
                    "valueType": "string",
                    "value": "XF"
                },
                {
                    "valueName": "value1.value",
                    "valueType": "string",
                    "value": "X= X+YF++YF-FX--FXFX-YF+"
                },
                {
                    "valueName": "value2.value",
                    "valueType": "string",
                    "value": "Y= -FX+YFYF++YF+FX--FX-Y"
                }
            ],
            "reservedNodeNames": [
                {
                    "name": "output"
                },
                {
                    "name": "input"
                }
            ]
        }
    ]
}
