{
    "header": {
        "metadata": [
            {
                "metaName": "adskFileFormatVersion",
                "metaValue": "100L"
            }
        ]
    },
    "dependencies": [
        {
            "uri": "file:///Math_types.json"
        },
        {
            "uri": "file:///bifrost_object_i.json"
        },
        {
            "uri": "file:///bifrost_geometry_query_types.json"
        },
        {
            "uri": "file:///geometry_types.json"
        },
        {
            "uri": "file:///add_points_to_points.json"
        },
        {
            "uri": "file:///create_object_from_schema.json"
        },
        {
            "uri": "file:///validate_points.json"
        },
        {
            "uri": "file:///construct_points.json"
        },
        {
            "uri": "file:///processing_type.json"
        },
        {
            "uri": "file:///FCurve.json"
        },
        {
            "uri": "file:///set_property_any.json"
        },
        {
            "uri": "file:///set_property.json"
        },
        {
            "uri": "file:///get_property_any.json"
        },
        {
            "uri": "file:///get_property.json"
        },
        {
            "uri": "file:///venation_node_type.json"
        },
        {
            "uri": "file:///Math_array.json"
        },
        {
            "uri": "file:///CoreArrayOps.json"
        },
        {
            "uri": "file:///get_geo_property.json"
        },
        {
            "uri": "file:///get_point_position.json"
        },
        {
            "uri": "file:///get_geo_property_check.json"
        },
        {
            "uri": "file:///get_sub_object.json"
        },
        {
            "uri": "file:///get_point_count.json"
        },
        {
            "uri": "file:///Math_conversion.json"
        },
        {
            "uri": "file:///has_property.json"
        },
        {
            "uri": "file:///create_volume_geo_prop.json"
        },
        {
            "uri": "file:///is_a.json"
        },
        {
            "uri": "file:///is_a_mesh.json"
        },
        {
            "uri": "file:///is_a_strands.json"
        },
        {
            "uri": "file:///is_a_points.json"
        },
        {
            "uri": "file:///is_a_volume.json"
        },
        {
            "uri": "file:///get_geo_schema_type.json"
        },
        {
            "uri": "file:///switch_is_a.json"
        },
        {
            "uri": "file:///get_target_component.json"
        },
        {
            "uri": "file:///create_data_geo_prop.json"
        },
        {
            "uri": "file:///get_geo_component_count.json"
        },
        {
            "uri": "file:///set_geo_property.array.json"
        },
        {
            "uri": "file:///set_geo_property.scalar.json"
        },
        {
            "uri": "file:///Math_float.json"
        },
        {
            "uri": "file:///Math_double.json"
        },
        {
            "uri": "file:///Math_long.json"
        },
        {
            "uri": "file:///Math_char.json"
        },
        {
            "uri": "file:///Math_int.json"
        },
        {
            "uri": "file:///Math_short.json"
        },
        {
            "uri": "file:///Math_uchar.json"
        },
        {
            "uri": "file:///Math_uint.json"
        },
        {
            "uri": "file:///Math_ulong.json"
        },
        {
            "uri": "file:///Math_ushort.json"
        },
        {
            "uri": "file:///riv_types.json"
        },
        {
            "uri": "file:///point_types.json"
        },
        {
            "uri": "file:///riv_ops.json"
        },
        {
            "uri": "file:///jotun_rand.json"
        },
        {
            "uri": "file:///increment_decrement.json"
        },
        {
            "uri": "file:///random_value.json"
        },
        {
            "uri": "file:///get_property_keys.json"
        },
        {
            "uri": "file:///is_empty.json"
        },
        {
            "uri": "file:///materials.json"
        },
        {
            "uri": "file:///Math_bool.json"
        },
        {
            "uri": "file:///erase_property.json"
        },
        {
            "uri": "file:///set_point_shape.json"
        },
        {
            "uri": "file:///set_point_size.json"
        },
        {
            "uri": "file:///set_point_length.json"
        },
        {
            "uri": "file:///Core_Constants_default_value.json"
        },
        {
            "uri": "file:///int_filter.json"
        },
        {
            "uri": "file:///get_array_indices.json"
        },
        {
            "uri": "file:///get_strands_structure.json"
        },
        {
            "uri": "file:///access_offset_array.json"
        },
        {
            "uri": "file:///update_point_strand_index.json"
        },
        {
            "uri": "file:///check_point_strand_index.json"
        },
        {
            "uri": "file:///update_strands_ratio.json"
        },
        {
            "uri": "file:///set_sub_object_property.json"
        },
        {
            "uri": "file:///validate_strands.json"
        },
        {
            "uri": "file:///construct_strands.json"
        },
        {
            "uri": "file:///find_all_in_array.json"
        },
        {
            "uri": "file:///remove_first_in_array.json"
        },
        {
            "uri": "file:///Core_Array_flatten_nested_array.json"
        },
        {
            "uri": "file:///set_strands_shape.json"
        },
        {
            "uri": "file:///Math_lerp_with_clamp.json"
        },
        {
            "uri": "file:///Core_Array_slice_array.json"
        },
        {
            "uri": "file:///Math_constants.json"
        },
        {
            "uri": "file:///Core_Array_array_bounds_impl.json"
        },
        {
            "uri": "file:///Core_Array_array_bounds.json"
        },
        {
            "uri": "file:///Core_Array_empty_array.json"
        },
        {
            "uri": "file:///Core_Array_array_is_empty.json"
        },
        {
            "uri": "file:///sort_array_and_remove_duplicates.json"
        },
        {
            "uri": "file:///object_terminal.json"
        },
        {
            "uri": "file:///delete_points_in_points.json"
        },
        {
            "uri": "file:///Math_axis_angle_to_quaternion.json"
        },
        {
            "uri": "file:///Math_degrees_to_radians.json"
        },
        {
            "uri": "file:///Math_multiply_quaternions.json"
        },
        {
            "uri": "file:///Math_rotate_by_quaternion.json"
        },
        {
            "uri": "file:///build_closest_accelerator.json"
        },
        {
            "uri": "file:///sample_closest_point_accelerator.json"
        },
        {
            "uri": "file:///simulation_types.json"
        },
        {
            "uri": "file:///simulation_nodedefs.json"
        },
        {
            "uri": "file:///fluids_types.json"
        },
        {
            "uri": "file:///volume_types.json"
        },
        {
            "uri": "file:///fluids_nodedefs.json"
        },
        {
            "uri": "file:///venation_branch_type.json"
        },
        {
            "uri": "file:///generate_venation_core.json"
        },
        {
            "uri": "file:///get_geo_target_count.json"
        },
        {
            "uri": "file:///CoreStringOps.json"
        },
        {
            "uri": "file:///volume_nodedefs.json"
        },
        {
            "uri": "file:///interpret_auto_port_as_scalar.json"
        },
        {
            "uri": "file:///Profiler.json"
        },
        {
            "uri": "file:///object_profiler.json"
        },
        {
            "uri": "file:///Math_change_range.json"
        },
        {
            "uri": "file:///check_point_ratio.json"
        },
        {
            "uri": "file:///set_strands_size_profile.json"
        },
        {
            "uri": "file:///cumulative_sum_array.json"
        },
        {
            "uri": "file:///get_strands_end_points.json"
        },
        {
            "uri": "file:///set_strand_length.json"
        },
        {
            "uri": "file:///sample_closest_in_radius_accelerator.json"
        },
        {
            "uri": "file:///get_points_in_radius.json"
        },
        {
            "uri": "file:///generate_venation.json"
        },
        {
            "uri": "file:///scatter_types.json"
        },
        {
            "uri": "file:///get_indexer_element.json"
        },
        {
            "uri": "file:///math_util.json"
        },
        {
            "uri": "file:///get_loc_element.json"
        },
        {
            "uri": "file:///invalid_index.json"
        },
        {
            "uri": "file:///get_mesh_geo_loc_data.json"
        },
        {
            "uri": "file:///max_weight.json"
        },
        {
            "uri": "file:///mesh_v_interp.json"
        },
        {
            "uri": "file:///is_a_range_geo_property.json"
        },
        {
            "uri": "file:///get_range_geo_property.json"
        },
        {
            "uri": "file:///mesh_fv_interp.json"
        },
        {
            "uri": "file:///mesh_f_interp.json"
        },
        {
            "uri": "file:///choose_mesh_values.json"
        },
        {
            "uri": "file:///get_mesh_structure.json"
        },
        {
            "uri": "file:///get_point_geo_loc_data.json"
        },
        {
            "uri": "file:///point_p_interp.json"
        },
        {
            "uri": "file:///sample_volume_property.json"
        },
        {
            "uri": "file:///get_strand_geo_loc_data.json"
        },
        {
            "uri": "file:///strand_p_interp.json"
        },
        {
            "uri": "file:///strand_s_interp.json"
        },
        {
            "uri": "file:///choose_strand_values.json"
        },
        {
            "uri": "file:///sample_property.json"
        },
        {
            "uri": "file:///Math_matrix_to_quaternion.json"
        },
        {
            "uri": "file:///Math_length_squared.json"
        },
        {
            "uri": "file:///normal_and_tangent_to_orientation.json"
        },
        {
            "uri": "file:///Math_vector4_to_vector3.json"
        },
        {
            "uri": "file:///interpret_auto_port_as_vector.json"
        },
        {
            "uri": "file:///rotate_points.json"
        },
        {
            "uri": "file:///Math_almost_equal.json"
        },
        {
            "uri": "file:///Math_quaternion_to_axis_angle.json"
        },
        {
            "uri": "file:///set_geo_property_data.json"
        },
        {
            "uri": "file:///get_point_normal.json"
        },
        {
            "uri": "file:///get_closest_point.json"
        },
        {
            "uri": "file:///sample_interpreted_auto_port_as_vector.json"
        },
        {
            "uri": "file:///update_mesh_normals.json"
        },
        {
            "uri": "file:///get_indexed_geo_property_check.json"
        },
        {
            "uri": "file:///UV_set_name.json"
        },
        {
            "uri": "file:///UV_type_filter.json"
        },
        {
            "uri": "file:///UV_type_converter.json"
        },
        {
            "uri": "file:///get_mesh_UVs.json"
        },
        {
            "uri": "file:///project_vector.json"
        },
        {
            "uri": "file:///orient_points_by_geometry.json"
        },
        {
            "uri": "file:///generate_sample_locations.json"
        },
        {
            "uri": "file:///get_max_index.json"
        },
        {
            "uri": "file:///scatter_points_internal.json"
        },
        {
            "uri": "file:///sample_closest_accelerator.json"
        },
        {
            "uri": "file:///get_closest_locations.json"
        },
        {
            "uri": "file:///Core_Array_sum_array_impl.json"
        },
        {
            "uri": "file:///Core_Array_sum_array.json"
        },
        {
            "uri": "file:///half_of.json"
        },
        {
            "uri": "file:///sample_interpreted_auto_port_as_scalar.json"
        },
        {
            "uri": "file:///set_point_position.json"
        },
        {
            "uri": "file:///weighted_sample_elimination.json"
        },
        {
            "uri": "file:///scatter_points_blue_noise.json"
        },
        {
            "uri": "file:///mask_and_number_interaction.json"
        },
        {
            "uri": "file:///compute_mesh_surface_area.json"
        },
        {
            "uri": "file:///scatter_points_on_mesh.json"
        },
        {
            "uri": "file:///twice_of.json"
        },
        {
            "uri": "file:///compute_bounding_sphere.json"
        },
        {
            "uri": "file:///delete_points.json"
        },
        {
            "uri": "file:///cull_overlapping_positions.json"
        },
        {
            "uri": "file:///merge_meshes.json"
        },
        {
            "uri": "file:///merge_points.json"
        },
        {
            "uri": "file:///merge_strands.json"
        },
        {
            "uri": "file:///merge_geometry.json"
        },
        {
            "uri": "file:///cull_overlapping_points.json"
        },
        {
            "uri": "file:///cull_points.json"
        },
        {
            "uri": "file:///density_to_radius.json"
        },
        {
            "uri": "file:///get_volume_tile_info.json"
        },
        {
            "uri": "file:///scatter_points.json"
        },
        {
            "uri": "file:///converters_types.json"
        },
        {
            "uri": "file:///convert_auto_resolution_mode.json"
        },
        {
            "uri": "file:///get_position_property.json"
        },
        {
            "uri": "file:///compute_voxel_scale.json"
        },
        {
            "uri": "file:///converters_nodedefs.json"
        },
        {
            "uri": "file:///post_process_level_set.json"
        },
        {
            "uri": "file:///compute_fog_density.json"
        },
        {
            "uri": "file:///delete_level_set.json"
        },
        {
            "uri": "file:///if_compute_volume.json"
        },
        {
            "uri": "file:///setup_resolution_fields.json"
        },
        {
            "uri": "file:///mesh_to_volume.json"
        },
        {
            "uri": "file:///points_to_volume.json"
        },
        {
            "uri": "file:///convert_to_volume_internal.json"
        },
        {
            "uri": "file:///convert_to_volume.json"
        },
        {
            "uri": "file:///compute_on_frame.json"
        },
        {
            "uri": "file:///validate_mesh.json"
        },
        {
            "uri": "file:///construct_mesh.json"
        },
        {
            "uri": "file:///Math_quaternion_to_matrix.json"
        },
        {
            "uri": "file:///Math_compose_transform_matrix.json"
        },
        {
            "uri": "file:///Math_vector3_to_vector4.json"
        },
        {
            "uri": "file:///rotation_between_vectors.json"
        },
        {
            "uri": "file:///set_point_normal.json"
        },
        {
            "uri": "file:///create_mesh_sphere.json"
        }
    ],
    "namespaces": [],
    "types": [],
    "compounds": [
        {
            "name": "MJCG::Graphs::venation_cat",
            "uriImported": "file:///__duplicateCompoundURIHelper__",
            "metadata": [
                {
                    "metaName": "io_nodes",
                    "metadata": [
                        {
                            "metaName": "io_inodes",
                            "metadata": [
                                {
                                    "metaName": "input",
                                    "metadata": [
                                        {
                                            "metaName": "DisplayMode",
                                            "metaType": "string",
                                            "metaValue": "2"
                                        },
                                        {
                                            "metaName": "LayoutPos",
                                            "metaType": "string",
                                            "metaValue": "198.635 290.398"
                                        }
                                    ]
                                }
                            ]
                        },
                        {
                            "metaName": "io_onodes",
                            "metadata": [
                                {
                                    "metaName": "output",
                                    "metadata": [
                                        {
                                            "metaName": "DisplayMode",
                                            "metaType": "string",
                                            "metaValue": "2"
                                        },
                                        {
                                            "metaName": "io_ports",
                                            "metadata": [
                                                {
                                                    "metaName": "out_geometry"
                                                }
                                            ]
                                        },
                                        {
                                            "metaName": "LayoutPos",
                                            "metaType": "string",
                                            "metaValue": "194.444 105.223"
                                        }
                                    ]
                                }
                            ]
                        }
                    ]
                },
                {
                    "metaName": "backdrop",
                    "metadata": [
                        {
                            "metaName": "type",
                            "metaType": "string",
                            "metaValue": "backdrop"
                        },
                        {
                            "metaName": "text",
                            "metaType": "string",
                            "metaValue": "Set random color from point strand index"
                        },
                        {
                            "metaName": "color",
                            "metaType": "string",
                            "metaValue": "#6d4949"
                        },
                        {
                            "metaName": "coords",
                            "metaType": "string",
                            "metaValue": "-633.791 60.0588 807.559 445.771"
                        }
                    ]
                },
                {
                    "metaName": "backdrop1",
                    "metadata": [
                        {
                            "metaName": "type",
                            "metaType": "string",
                            "metaValue": "backdrop"
                        },
                        {
                            "metaName": "color",
                            "metaType": "string",
                            "metaValue": "#4b6d51"
                        },
                        {
                            "metaName": "coords",
                            "metaType": "string",
                            "metaValue": "-1033.51 58.9123 376.536 402.788"
                        },
                        {
                            "metaName": "text",
                            "metaType": "string",
                            "metaValue": "Grow veins toward points generated in the cat volume."
                        }
                    ]
                },
                {
                    "metaName": "backdrop2",
                    "metadata": [
                        {
                            "metaName": "type",
                            "metaType": "string",
                            "metaValue": "backdrop"
                        },
                        {
                            "metaName": "text",
                            "metaType": "string",
                            "metaValue": "Construct a points object using the locator positions from the scene."
                        },
                        {
                            "metaName": "color",
                            "metaType": "string",
                            "metaValue": "#4d536d"
                        },
                        {
                            "metaName": "coords",
                            "metaType": "string",
                            "metaValue": "-1603.18 284.571 502.878 256.734"
                        }
                    ]
                },
                {
                    "metaName": "backdrop3",
                    "metadata": [
                        {
                            "metaName": "type",
                            "metaType": "string",
                            "metaValue": "backdrop"
                        },
                        {
                            "metaName": "color",
                            "metaType": "string",
                            "metaValue": "#415e40"
                        },
                        {
                            "metaName": "coords",
                            "metaType": "string",
                            "metaValue": "-2495.44 -4.94549 864.376 392.584"
                        },
                        {
                            "metaName": "text",
                            "metaType": "string",
                            "metaValue": "generate points inside mesh volume."
                        }
                    ]
                },
                {
                    "metaName": "backdrop5",
                    "metadata": [
                        {
                            "metaName": "type",
                            "metaType": "string",
                            "metaValue": "backdrop"
                        },
                        {
                            "metaName": "color",
                            "metaType": "string",
                            "metaValue": "#6b6d4a"
                        },
                        {
                            "metaName": "text",
                            "metaType": "string",
                            "metaValue": "cache the scattered points so the simulation demo is faster.\nThe scatter is only evaluated on the frame 1."
                        },
                        {
                            "metaName": "coords",
                            "metaType": "string",
                            "metaValue": "-1503.06 -39.6304 342.648 289.161"
                        }
                    ]
                },
                {
                    "metaName": "_recentNode_",
                    "metaType": "string",
                    "metaValue": "input"
                },
                {
                    "metaName": "_recentNode_",
                    "metaType": "string",
                    "metaValue": "BifrostGraph,Modeling::Primitive,create_mesh_sphere"
                },
                {
                    "metaName": "_recentNode_",
                    "metaType": "string",
                    "metaValue": "BifrostGraph,MJCG::Modeling::Strands,extrude_strands"
                },
                {
                    "metaName": "_recentNode_",
                    "metaType": "string",
                    "metaValue": "BifrostGraph,MJCG::Modeling::Growth,generate_venation"
                },
                {
                    "metaName": "_recentNode_",
                    "metaType": "string",
                    "metaValue": "BifrostGraph,Geometry::Points,construct_points"
                },
                {
                    "metaName": "ViewportRect",
                    "metaType": "string",
                    "metaValue": "-2830.12 -773.135 3334.3 2093.27"
                },
                {
                    "metaName": "compoundIsGraph",
                    "metaValue": "true"
                },
                {
                    "metaName": "author",
                    "metaType": "string",
                    "metaValue": "Maxime Jeanmougin"
                },
                {
                    "metaName": "category",
                    "metaType": "string",
                    "metaValue": "MJCG"
                },
                {
                    "metaName": "description",
                    "metaType": "string",
                    "metaValue": "Grow veins by colonizing points scattered inside a cat volume."
                },
                {
                    "metaName": "example_scene",
                    "metaType": "string",
                    "metaValue": "venation_cat_example.ma"
                },
                {
                    "metaName": "thumbnail",
                    "metaType": "string",
                    "metaValue": "venation_cat_thumb.png"
                }
            ],
            "ports": [
                {
                    "portName": "out_geometry",
                    "portDirection": "output",
                    "portType": "Amino::Object"
                }
            ],
            "compoundNodes": [
                {
                    "nodeName": "construct_points",
                    "nodeType": "Geometry::Points::construct_points",
                    "fanInPortNames": {
                        "point_position": [
                            "output"
                        ]
                    },
                    "metadata": [
                        {
                            "metaName": "DisplayMode",
                            "metaType": "string",
                            "metaValue": "2"
                        },
                        {
                            "metaName": "LayoutPos",
                            "metaType": "string",
                            "metaValue": "-1351.81 332"
                        }
                    ]
                },
                {
                    "nodeName": "generate_venation",
                    "nodeType": "MJCG::Modeling::Growth::generate_venation",
                    "deactivatedTerminals": [
                        "Core::Graph::terminal::final",
                        "Core::Graph::terminal::proxy",
                        "Core::Graph::terminal::diagnostic"
                    ],
                    "metadata": [
                        {
                            "metaName": "DisplayMode",
                            "metaType": "string",
                            "metaValue": "2"
                        },
                        {
                            "metaName": "LayoutPos",
                            "metaType": "string",
                            "metaValue": "-956 104"
                        }
                    ]
                },
                {
                    "nodeName": "get_geo_property",
                    "nodeType": "Geometry::Properties::get_geo_property",
                    "metadata": [
                        {
                            "metaName": "DisplayMode",
                            "metaType": "string",
                            "metaValue": "2"
                        },
                        {
                            "metaName": "LayoutPos",
                            "metaType": "string",
                            "metaValue": "-596 217"
                        }
                    ]
                },
                {
                    "nodeName": "set_geo_property",
                    "nodeType": "Geometry::Properties::set_geo_property",
                    "metadata": [
                        {
                            "metaName": "DisplayMode",
                            "metaType": "string",
                            "metaValue": "2"
                        },
                        {
                            "metaName": "LayoutPos",
                            "metaType": "string",
                            "metaValue": "-94 82"
                        }
                    ]
                },
                {
                    "nodeName": "random_value",
                    "nodeType": "Core::Randomization::random_value",
                    "metadata": [
                        {
                            "metaName": "DisplayMode",
                            "metaType": "string",
                            "metaValue": "2"
                        },
                        {
                            "metaName": "LayoutPos",
                            "metaType": "string",
                            "metaValue": "-347 192"
                        }
                    ]
                },
                {
                    "nodeName": "scatter_points",
                    "nodeType": "Modeling::Points::scatter_points",
                    "metadata": [
                        {
                            "metaName": "DisplayMode",
                            "metaType": "string",
                            "metaValue": "2"
                        },
                        {
                            "metaName": "PortExpandedState",
                            "metadata": [
                                {
                                    "metaName": "Scatter Settings.Max Number",
                                    "metaType": "string",
                                    "metaValue": "0"
                                },
                                {
                                    "metaName": "Scatter Settings",
                                    "metaType": "string",
                                    "metaValue": "0"
                                }
                            ]
                        },
                        {
                            "metaName": "LayoutPos",
                            "metaType": "string",
                            "metaValue": "-1917 40"
                        }
                    ]
                },
                {
                    "nodeName": "first_in_array",
                    "nodeType": "Core::Array::first_in_array",
                    "metadata": [
                        {
                            "metaName": "DisplayMode",
                            "metaType": "string",
                            "metaValue": "2"
                        },
                        {
                            "metaName": "LayoutPos",
                            "metaType": "string",
                            "metaValue": "-2189 112"
                        }
                    ]
                },
                {
                    "nodeName": "convert_to_volume",
                    "nodeType": "Modeling::Converters::convert_to_volume",
                    "fanInPortNames": {
                        "geometry": [
                            "sphere_mesh"
                        ],
                        "base_resolution": [],
                        "half_resolution": [],
                        "quarter_resolution": [],
                        "eighth_resolution": []
                    },
                    "metadata": [
                        {
                            "metaName": "DisplayMode",
                            "metaType": "string",
                            "metaValue": "2"
                        },
                        {
                            "metaName": "LayoutPos",
                            "metaType": "string",
                            "metaValue": "-2443 45"
                        }
                    ]
                },
                {
                    "nodeName": "compute_on_frame",
                    "nodeType": "Simulation::Common::compute_on_frame",
                    "metadata": [
                        {
                            "metaName": "DisplayMode",
                            "metaType": "string",
                            "metaValue": "2"
                        },
                        {
                            "metaName": "LayoutPos",
                            "metaType": "string",
                            "metaValue": "-1443 14"
                        }
                    ]
                },
                {
                    "nodeName": "create_mesh_sphere",
                    "nodeType": "Modeling::Primitive::create_mesh_sphere",
                    "metadata": [
                        {
                            "metaName": "DisplayMode",
                            "metaType": "string",
                            "metaValue": "2"
                        },
                        {
                            "metaName": "LayoutPos",
                            "metaType": "string",
                            "metaValue": "-2750.44 70.9279"
                        }
                    ]
                },
                {
                    "nodeName": "value",
                    "valueType": "Math::float3",
                    "metadata": [
                        {
                            "metaName": "valuenode_defaultvalue",
                            "metaType": "string",
                            "metaValue": "0"
                        },
                        {
                            "metaName": "valuenode_defaultvalue",
                            "metaType": "string",
                            "metaValue": "0"
                        },
                        {
                            "metaName": "valuenode_defaultvalue",
                            "metaType": "string",
                            "metaValue": "0"
                        },
                        {
                            "metaName": "DisplayMode",
                            "metaType": "string",
                            "metaValue": "2"
                        },
                        {
                            "metaName": "LayoutPos",
                            "metaType": "string",
                            "metaValue": "-1596.77 356.895"
                        }
                    ]
                }
            ],
            "connections": [
                {
                    "source": "construct_points.points",
                    "target": "generate_venation.seed_points"
                },
                {
                    "source": "random_value.random_value",
                    "target": "set_geo_property.data"
                },
                {
                    "source": "get_geo_property.data",
                    "target": "random_value.index"
                },
                {
                    "source": "generate_venation.strands",
                    "target": "get_geo_property.geometry"
                },
                {
                    "source": "generate_venation.strands",
                    "target": "set_geo_property.geometry"
                },
                {
                    "source": "set_geo_property.out_geometry",
                    "target": ".out_geometry"
                },
                {
                    "source": "first_in_array.first",
                    "target": "scatter_points.geometry"
                },
                {
                    "source": "convert_to_volume.volume",
                    "target": "first_in_array.array"
                },
                {
                    "source": "scatter_points.points",
                    "target": "compute_on_frame.value_to_pull"
                },
                {
                    "source": "compute_on_frame.cached_value",
                    "target": "generate_venation.attractor_points"
                },
                {
                    "source": "create_mesh_sphere.sphere_mesh",
                    "target": "convert_to_volume.geometry.sphere_mesh"
                },
                {
                    "source": "value.output",
                    "target": "construct_points.point_position.output"
                }
            ],
            "values": [
                {
                    "valueName": "generate_venation.processing_mode",
                    "valueType": "MJCG::processingType",
                    "value": "Simulation"
                },
                {
                    "valueName": "generate_venation.attraction_radius",
                    "valueType": "float",
                    "value": "0.100000001f"
                },
                {
                    "valueName": "generate_venation.kill_radius",
                    "valueType": "float",
                    "value": "0.0799999982f"
                },
                {
                    "valueName": "generate_venation.min_step_length",
                    "valueType": "float",
                    "value": "0.0149999997f"
                },
                {
                    "valueName": "generate_venation.seed_size",
                    "valueType": "float",
                    "value": "0.00499999989f"
                },
                {
                    "valueName": "generate_venation.size_profile",
                    "valueType": "Amino::FCurve",
                    "value": {
                        "version": "1",
                        "preExtrapolation": "0",
                        "postExtrapolation": "0",
                        "points": [
                            {
                                "point": {
                                    "locked": "1",
                                    "interpolation": "1",
                                    "pcn": {
                                        "xp": "0.71785200000000005",
                                        "yp": "0.998942",
                                        "x": "0.90000000000000002",
                                        "y": "1",
                                        "xn": "1.0821480000000001",
                                        "yn": "1.001058"
                                    }
                                }
                            },
                            {
                                "point": {
                                    "locked": "1",
                                    "interpolation": "1",
                                    "pcn": {
                                        "xp": "0.86513099999999998",
                                        "yp": "0.113507",
                                        "x": "1",
                                        "y": "0.10000000000000001",
                                        "xn": "1.1348689999999999",
                                        "yn": "0.086493"
                                    }
                                }
                            }
                        ]
                    }
                },
                {
                    "valueName": "generate_venation.max_step_length",
                    "valueType": "float",
                    "value": "0.0299999993f"
                },
                {
                    "valueName": "generate_venation.clamp_step_angle",
                    "valueType": "bool",
                    "value": "false"
                },
                {
                    "valueName": "generate_venation.max_step_angle",
                    "valueType": "float",
                    "value": "45f"
                },
                {
                    "valueName": "generate_venation.clamp_branch_angle",
                    "valueType": "bool",
                    "value": "false"
                },
                {
                    "valueName": "generate_venation.max_branch_angle",
                    "valueType": "float",
                    "value": "90f"
                },
                {
                    "valueName": "generate_venation.display_attraction_radius",
                    "valueType": "bool",
                    "value": "true"
                },
                {
                    "valueName": "generate_venation.display_kill_radius",
                    "valueType": "bool",
                    "value": "true"
                },
                {
                    "valueName": "get_geo_property.property",
                    "valueType": "string",
                    "value": "point_strand_index"
                },
                {
                    "valueName": "get_geo_property.type",
                    "valueType": "array<uint>",
                    "value": []
                },
                {
                    "valueName": "set_geo_property.property",
                    "valueType": "string",
                    "value": "color"
                },
                {
                    "valueName": "set_geo_property.target",
                    "valueType": "string",
                    "value": "point_component"
                },
                {
                    "valueName": "random_value.index",
                    "valueType": "long",
                    "value": "0"
                },
                {
                    "valueName": "random_value.min",
                    "valueType": "Math::float3",
                    "value": {
                        "x": "0f",
                        "y": "0f",
                        "z": "0f"
                    }
                },
                {
                    "valueName": "random_value.max",
                    "valueType": "Math::float3",
                    "value": {
                        "x": "1f",
                        "y": "1f",
                        "z": "1f"
                    }
                },
                {
                    "valueName": "random_value.seed",
                    "valueType": "long",
                    "value": "0"
                },
                {
                    "valueName": "scatter_points.geometry",
                    "valueType": "Amino::Object",
                    "value": {}
                },
                {
                    "valueName": "scatter_points.scatter_mode",
                    "valueType": "Modeling::Points::ScatteringMode",
                    "value": "Random"
                },
                {
                    "valueName": "scatter_points.amount_mode",
                    "valueType": "Modeling::Points::AmountMode",
                    "value": "Number"
                },
                {
                    "valueName": "scatter_points.amount",
                    "valueType": "float",
                    "value": "100000f"
                },
                {
                    "valueName": "scatter_points.density_weights_mode",
                    "valueType": "Modeling::Points::DensityWeightsMode",
                    "value": "Random"
                },
                {
                    "valueName": "scatter_points.cull_overlapping",
                    "valueType": "bool",
                    "value": "false"
                },
                {
                    "valueName": "scatter_points.overlapping_radius",
                    "valueType": "float",
                    "value": "0.100000001f"
                },
                {
                    "valueName": "scatter_points.transfer_properties",
                    "valueType": "string",
                    "value": "point_normal"
                },
                {
                    "valueName": "scatter_points.set_emit_location",
                    "valueType": "bool",
                    "value": "true"
                },
                {
                    "valueName": "scatter_points.set_orientations_from_geometry",
                    "valueType": "bool",
                    "value": "true"
                },
                {
                    "valueName": "scatter_points.normal_mode",
                    "valueType": "Modeling::Points::OrientPointsNormalMode",
                    "value": "point_normal"
                },
                {
                    "valueName": "scatter_points.tangent_mode",
                    "valueType": "Modeling::Points::OrientPointsTangentMode",
                    "value": "UV"
                },
                {
                    "valueName": "scatter_points.prioritize_normal",
                    "valueType": "bool",
                    "value": "true"
                },
                {
                    "valueName": "scatter_points.seed",
                    "valueType": "long",
                    "value": "0"
                },
                {
                    "valueName": "scatter_points.max_number",
                    "valueType": "long",
                    "value": "1000000"
                },
                {
                    "valueName": "convert_to_volume.volume_mode",
                    "valueType": "Geometry::Converters::VolumeMode",
                    "value": "Solid"
                },
                {
                    "valueName": "convert_to_volume.offset",
                    "valueType": "float",
                    "value": "0f"
                },
                {
                    "valueName": "convert_to_volume.store_level_set",
                    "valueType": "bool",
                    "value": "false"
                },
                {
                    "valueName": "convert_to_volume.store_fog_density",
                    "valueType": "bool",
                    "value": "true"
                },
                {
                    "valueName": "convert_to_volume.fog_density",
                    "valueType": "float",
                    "value": "20f"
                },
                {
                    "valueName": "convert_to_volume.properties",
                    "valueType": "string",
                    "value": "*"
                },
                {
                    "valueName": "convert_to_volume.resolution_mode",
                    "valueType": "Geometry::Volume::AutoResolutionType",
                    "value": "Absolute"
                },
                {
                    "valueName": "convert_to_volume.detail_size",
                    "valueType": "float",
                    "value": "0.0199999996f"
                },
                {
                    "valueName": "convert_to_volume.enable_bandwidth",
                    "valueType": "bool",
                    "value": "false"
                },
                {
                    "valueName": "convert_to_volume.bandwidth",
                    "valueType": "float",
                    "value": "0f"
                },
                {
                    "valueName": "convert_to_volume.volume_subdivision_structure",
                    "valueType": "Geometry::Volume::AutoSubdivisionStructure",
                    "value": "Automatic"
                },
                {
                    "valueName": "convert_to_volume.adaptivity",
                    "valueType": "Geometry::Volume::Adaptivity",
                    "value": "Off"
                },
                {
                    "valueName": "convert_to_volume.enable_resolution_bounds",
                    "valueType": "bool",
                    "value": "false"
                },
                {
                    "valueName": "compute_on_frame.frame_to_pull_on",
                    "valueType": "int",
                    "value": "1L"
                },
                {
                    "valueName": "create_mesh_sphere.radius",
                    "valueType": "float",
                    "value": "1.5f"
                },
                {
                    "valueName": "create_mesh_sphere.base_to_pivot",
                    "valueType": "bool",
                    "value": "true"
                },
                {
                    "valueName": "value.value",
                    "valueType": "Math::float3",
                    "value": {
                        "x": "0f",
                        "y": "0f",
                        "z": "0f"
                    }
                }
            ],
            "reservedNodeNames": [
                {
                    "name": "output"
                },
                {
                    "name": "input"
                }
            ]
        }
    ]
}