{
    "header": {
        "metadata": [
            {
                "metaName": "adskFileFormatVersion",
                "metaValue": "100L"
            }
        ]
    },
    "namespaces": [],
    "types": [],
    "compounds": [
        {
            "name": "MJCG::Graphs::strands_random_color",
            "metadata": [
                {
                    "metaName": "io_nodes",
                    "metadata": [
                        {
                            "metaName": "io_inodes",
                            "metadata": [
                                {
                                    "metaName": "input",
                                    "metadata": [
                                        {
                                            "metaName": "DisplayMode",
                                            "metaType": "string",
                                            "metaValue": "2"
                                        },
                                        {
                                            "metaName": "zValue",
                                            "metaType": "string",
                                            "metaValue": "70.000000"
                                        },
                                        {
                                            "metaName": "LayoutPos",
                                            "metaType": "string",
                                            "metaValue": "-986.39 1057.76"
                                        }
                                    ]
                                }
                            ]
                        },
                        {
                            "metaName": "io_onodes",
                            "metadata": [
                                {
                                    "metaName": "output",
                                    "metadata": [
                                        {
                                            "metaName": "DisplayMode",
                                            "metaType": "string",
                                            "metaValue": "2"
                                        },
                                        {
                                            "metaName": "io_ports"
                                        },
                                        {
                                            "metaName": "zValue",
                                            "metaType": "string",
                                            "metaValue": "71.000000"
                                        },
                                        {
                                            "metaName": "LayoutPos",
                                            "metaType": "string",
                                            "metaValue": "-711.599 1053.48"
                                        }
                                    ]
                                }
                            ]
                        }
                    ]
                },
                {
                    "metaName": "backdrop",
                    "metadata": [
                        {
                            "metaName": "type",
                            "metaType": "string",
                            "metaValue": "backdrop"
                        },
                        {
                            "metaName": "color",
                            "metaType": "string",
                            "metaValue": "#2853bc88"
                        },
                        {
                            "metaName": "title",
                            "metaType": "string",
                            "metaValue": "Generate strands in rows and add some waves to it."
                        },
                        {
                            "metaName": "coords",
                            "metaType": "string",
                            "metaValue": "-2409.03 644.824 557.939 436.472"
                        }
                    ]
                },
                {
                    "metaName": "backdrop1",
                    "metadata": [
                        {
                            "metaName": "type",
                            "metaType": "string",
                            "metaValue": "backdrop"
                        },
                        {
                            "metaName": "title",
                            "metaType": "string"
                        },
                        {
                            "metaName": "color",
                            "metaType": "string",
                            "metaValue": "#28d78282"
                        },
                        {
                            "metaName": "coords",
                            "metaType": "string",
                            "metaValue": "-1803.9 553.75 602.125 590.084"
                        }
                    ]
                },
                {
                    "metaName": "backdrop2",
                    "metadata": [
                        {
                            "metaName": "type",
                            "metaType": "string",
                            "metaValue": "backdrop"
                        },
                        {
                            "metaName": "color",
                            "metaType": "string",
                            "metaValue": "#287b99d5"
                        },
                        {
                            "metaName": "title",
                            "metaType": "string",
                            "metaValue": "Use colors on a diagnostic material, set ribbon shape, and draw."
                        },
                        {
                            "metaName": "coords",
                            "metaType": "string",
                            "metaValue": "-1164.26 614.458 783.58 407.038"
                        }
                    ]
                },
                {
                    "metaName": "sticky_note_backdrop1",
                    "metadata": [
                        {
                            "metaName": "type",
                            "metaType": "string",
                            "metaValue": "sticky_note"
                        },
                        {
                            "metaName": "format",
                            "metaType": "string",
                            "metaValue": "txt"
                        },
                        {
                            "metaName": "color",
                            "metaType": "string",
                            "metaValue": "#ffd78282"
                        },
                        {
                            "metaName": "fontSize",
                            "metaType": "string",
                            "metaValue": "10"
                        },
                        {
                            "metaName": "text",
                            "metaType": "string",
                            "metaValue": "Update the point_strand_index, use it to drive the random_value node which generates colors between [0, 0, 0] and [1, 1, 1]."
                        },
                        {
                            "metaName": "zValue",
                            "metaType": "string",
                            "metaValue": "58.000000"
                        },
                        {
                            "metaName": "coords",
                            "metaType": "string",
                            "metaValue": "-1750.27 626.017 492.638 116"
                        }
                    ]
                },
                {
                    "metaName": "_recentNode_",
                    "metaType": "string",
                    "metaValue": "BifrostGraph,Core::Graph,terminal"
                },
                {
                    "metaName": "_recentNode_",
                    "metaType": "string",
                    "metaValue": "BifrostGraph,Diagnostic::Display,assign_diagnostic_material"
                },
                {
                    "metaName": "_recentNode_",
                    "metaType": "string",
                    "metaValue": "BifrostGraph,Geometry::Strands,update_point_strand_index"
                },
                {
                    "metaName": "_recentNode_",
                    "metaType": "string",
                    "metaValue": "BifrostGraph,Modeling::Strands,set_strands_size_profile"
                },
                {
                    "metaName": "_recentNode_",
                    "metaType": "string",
                    "metaValue": "BifrostGraph,Modeling::Strands,create_strands_around_strands"
                },
                {
                    "metaName": "ViewportRect",
                    "metaType": "string",
                    "metaValue": "-2490.9 97.1547 2230.5 1569.66"
                },
                {
                    "metaName": "compoundIsGraph",
                    "metaValue": "true"
                },
                {
                    "metaName": "author",
                    "metaType": "string",
                    "metaValue": "Maxime Jeanmougin"
                },
                {
                    "metaName": "category",
                    "metaType": "string",
                    "metaValue": "MJCG"
                },
                {
                    "metaName": "description",
                    "metaType": "string",
                    "metaValue": "Set a random color on each strands."
                },
                {
                    "metaName": "thumbnail",
                    "metaType": "string",
                    "metaValue": "strands_random_color_thumb.png"
                }
            ],
            "terminalStates": [
                {
                    "name": "Core::Graph::terminal::proxy",
                    "enabled": "true"
                },
                {
                    "name": "Core::Graph::terminal::diagnostic",
                    "enabled": "false"
                }
            ],
            "ports": [],
            "compounds": [
                {
                    "name": "my_strands",
                    "metadata": [
                        {
                            "metaName": "io_nodes",
                            "metadata": [
                                {
                                    "metaName": "io_inodes",
                                    "metadata": [
                                        {
                                            "metaName": "input",
                                            "metadata": [
                                                {
                                                    "metaName": "DisplayMode",
                                                    "metaType": "string",
                                                    "metaValue": "2"
                                                },
                                                {
                                                    "metaName": "LayoutPos",
                                                    "metaType": "string",
                                                    "metaValue": "-2763.4 617.062"
                                                },
                                                {
                                                    "metaName": "io_ports",
                                                    "metadata": [
                                                        {
                                                            "metaName": "num_strands"
                                                        }
                                                    ]
                                                },
                                                {
                                                    "metaName": "zValue",
                                                    "metaType": "string",
                                                    "metaValue": "36.000000"
                                                }
                                            ]
                                        }
                                    ]
                                },
                                {
                                    "metaName": "io_onodes",
                                    "metadata": [
                                        {
                                            "metaName": "output",
                                            "metadata": [
                                                {
                                                    "metaName": "DisplayMode",
                                                    "metaType": "string",
                                                    "metaValue": "2"
                                                },
                                                {
                                                    "metaName": "LayoutPos",
                                                    "metaType": "string",
                                                    "metaValue": "-1377.98 633.063"
                                                },
                                                {
                                                    "metaName": "io_ports",
                                                    "metadata": [
                                                        {
                                                            "metaName": "strands"
                                                        }
                                                    ]
                                                },
                                                {
                                                    "metaName": "zValue",
                                                    "metaType": "string",
                                                    "metaValue": "37.000000"
                                                }
                                            ]
                                        }
                                    ]
                                }
                            ]
                        },
                        {
                            "metaName": "ViewportRect",
                            "metaType": "string",
                            "metaValue": "-2843 65.4974 1772 1247.01"
                        },
                        {
                            "metaName": "_recentNode_",
                            "metaType": "string",
                            "metaValue": "BifrostGraph,Geometry::Strands,resample_strands"
                        },
                        {
                            "metaName": "_recentNode_",
                            "metaType": "string",
                            "metaValue": "BifrostGraph,Modeling::Strands,set_strands_size_profile"
                        },
                        {
                            "metaName": "_recentNode_",
                            "metaType": "string",
                            "metaValue": "BifrostGraph,Modeling::Strands,create_strands_around_strands"
                        },
                        {
                            "metaName": "_recentNode_",
                            "metaType": "string",
                            "metaValue": "BifrostGraph,Core::Math,add"
                        },
                        {
                            "metaName": "_recentNode_",
                            "metaType": "string",
                            "metaValue": "BifrostGraph,Core::Time,time"
                        }
                    ],
                    "ports": [
                        {
                            "portName": "strands",
                            "portDirection": "output",
                            "portType": "Object"
                        },
                        {
                            "portName": "num_strands",
                            "portDirection": "input",
                            "portType": "long"
                        }
                    ],
                    "compounds": [
                        {
                            "name": "create_variable_sized_strands",
                            "metadata": [
                                {
                                    "metaName": "_recentNode_",
                                    "metaType": "string",
                                    "metaValue": "BifrostGraph,Core::Math,multiply"
                                },
                                {
                                    "metaName": "_recentNode_",
                                    "metaType": "string",
                                    "metaValue": "BifrostGraph,Core::Array,resize_array"
                                },
                                {
                                    "metaName": "_recentNode_",
                                    "metaType": "string",
                                    "metaValue": "BifrostGraph,Geometry::Strands,construct_strands"
                                },
                                {
                                    "metaName": "_recentNode_",
                                    "metaType": "string",
                                    "metaValue": "BifrostGraph,Geometry::Properties,set_point_position"
                                },
                                {
                                    "metaName": "_recentNode_",
                                    "metaType": "string",
                                    "metaValue": "BifrostGraph,Core::Array,flatten_nested_array"
                                },
                                {
                                    "metaName": "io_nodes",
                                    "metadata": [
                                        {
                                            "metaName": "io_inodes",
                                            "metadata": [
                                                {
                                                    "metaName": "input",
                                                    "metadata": [
                                                        {
                                                            "metaName": "DisplayMode",
                                                            "metaType": "string",
                                                            "metaValue": "2"
                                                        },
                                                        {
                                                            "metaName": "LayoutPos",
                                                            "metaType": "string",
                                                            "metaValue": "-1473 486.629"
                                                        },
                                                        {
                                                            "metaName": "io_ports",
                                                            "metadata": [
                                                                {
                                                                    "metaName": "num_strands"
                                                                }
                                                            ]
                                                        },
                                                        {
                                                            "metaName": "zValue",
                                                            "metaType": "string",
                                                            "metaValue": "38.000000"
                                                        }
                                                    ]
                                                }
                                            ]
                                        },
                                        {
                                            "metaName": "io_onodes",
                                            "metadata": [
                                                {
                                                    "metaName": "output",
                                                    "metadata": [
                                                        {
                                                            "metaName": "DisplayMode",
                                                            "metaType": "string",
                                                            "metaValue": "2"
                                                        },
                                                        {
                                                            "metaName": "LayoutPos",
                                                            "metaType": "string",
                                                            "metaValue": "173.122 440.192"
                                                        },
                                                        {
                                                            "metaName": "io_ports",
                                                            "metadata": [
                                                                {
                                                                    "metaName": "sequence_sizes"
                                                                },
                                                                {
                                                                    "metaName": "point_sequences"
                                                                }
                                                            ]
                                                        },
                                                        {
                                                            "metaName": "zValue",
                                                            "metaType": "string",
                                                            "metaValue": "39.000000"
                                                        }
                                                    ]
                                                }
                                            ]
                                        }
                                    ]
                                },
                                {
                                    "metaName": "ViewportRect",
                                    "metaType": "string",
                                    "metaValue": "-1553 34.661 2033 1430.68"
                                }
                            ],
                            "ports": [
                                {
                                    "portName": "num_strands",
                                    "portDirection": "input",
                                    "portType": "long"
                                },
                                {
                                    "portName": "sequence_sizes",
                                    "portDirection": "output",
                                    "portType": "array<long>"
                                },
                                {
                                    "portName": "point_sequences",
                                    "portDirection": "output",
                                    "portType": "array<array<Math::float3>>"
                                }
                            ],
                            "compoundNodes": [
                                {
                                    "nodeName": "to_float",
                                    "nodeType": "Core::Type_Conversion::to_float",
                                    "metadata": [
                                        {
                                            "metaName": "DisplayMode",
                                            "metaType": "string",
                                            "metaValue": "2"
                                        },
                                        {
                                            "metaName": "LayoutPos",
                                            "metaType": "string",
                                            "metaValue": "-907.939 684.577"
                                        },
                                        {
                                            "metaName": "zValue",
                                            "metaType": "string",
                                            "metaValue": "31.000000"
                                        }
                                    ]
                                },
                                {
                                    "nodeName": "value1",
                                    "valueType": "Math::float3",
                                    "metadata": [
                                        {
                                            "metaName": "DisplayMode",
                                            "metaType": "string",
                                            "metaValue": "2"
                                        },
                                        {
                                            "metaName": "PortExpandedState",
                                            "metadata": [
                                                {
                                                    "metaName": "value",
                                                    "metaType": "string",
                                                    "metaValue": "1"
                                                }
                                            ]
                                        },
                                        {
                                            "metaName": "LayoutPos",
                                            "metaType": "string",
                                            "metaValue": "-363.647 705.877"
                                        },
                                        {
                                            "metaName": "valuenode_defaultvalue",
                                            "metaType": "string",
                                            "metaValue": "0"
                                        },
                                        {
                                            "metaName": "valuenode_defaultvalue",
                                            "metaType": "string",
                                            "metaValue": "0"
                                        },
                                        {
                                            "metaName": "valuenode_defaultvalue",
                                            "metaType": "string",
                                            "metaValue": "0"
                                        },
                                        {
                                            "metaName": "zValue",
                                            "metaType": "string",
                                            "metaValue": "32.000000"
                                        }
                                    ]
                                },
                                {
                                    "nodeName": "sequence_array",
                                    "nodeType": "Core::Array::sequence_array",
                                    "metadata": [
                                        {
                                            "metaName": "DisplayMode",
                                            "metaType": "string",
                                            "metaValue": "2"
                                        },
                                        {
                                            "metaName": "LayoutPos",
                                            "metaType": "string",
                                            "metaValue": "-114.938 567.351"
                                        },
                                        {
                                            "metaName": "zValue",
                                            "metaType": "string",
                                            "metaValue": "33.000000"
                                        }
                                    ]
                                },
                                {
                                    "nodeName": "start_0_step_1",
                                    "nodeType": "Core::Array::sequence_array",
                                    "metadata": [
                                        {
                                            "metaName": "DisplayMode",
                                            "metaType": "string",
                                            "metaValue": "2"
                                        },
                                        {
                                            "metaName": "LayoutPos",
                                            "metaType": "string",
                                            "metaValue": "-1182.16 623.942"
                                        },
                                        {
                                            "metaName": "zValue",
                                            "metaType": "string",
                                            "metaValue": "34.000000"
                                        }
                                    ]
                                },
                                {
                                    "nodeName": "start_6_step_2",
                                    "nodeType": "Core::Array::sequence_array",
                                    "metadata": [
                                        {
                                            "metaName": "DisplayMode",
                                            "metaType": "string",
                                            "metaValue": "2"
                                        },
                                        {
                                            "metaName": "LayoutPos",
                                            "metaType": "string",
                                            "metaValue": "-403.876 438.824"
                                        },
                                        {
                                            "metaName": "zValue",
                                            "metaType": "string",
                                            "metaValue": "35.000000"
                                        }
                                    ]
                                },
                                {
                                    "nodeName": "multiply",
                                    "nodeType": "Core::Math::multiply",
                                    "multiInPortNames": [
                                        "float",
                                        "output1"
                                    ],
                                    "metadata": [
                                        {
                                            "metaName": "DisplayMode",
                                            "metaType": "string",
                                            "metaValue": "2"
                                        },
                                        {
                                            "metaName": "LayoutPos",
                                            "metaType": "string",
                                            "metaValue": "-626.873 737.384"
                                        },
                                        {
                                            "metaName": "zValue",
                                            "metaType": "string",
                                            "metaValue": "36.000000"
                                        }
                                    ]
                                },
                                {
                                    "nodeName": "value",
                                    "valueType": "float",
                                    "metadata": [
                                        {
                                            "metaName": "DisplayMode",
                                            "metaType": "string",
                                            "metaValue": "2"
                                        },
                                        {
                                            "metaName": "LayoutPos",
                                            "metaType": "string",
                                            "metaValue": "-907.155 883.569"
                                        },
                                        {
                                            "metaName": "valuenode_defaultvalue",
                                            "metaType": "string",
                                            "metaValue": "0.1"
                                        },
                                        {
                                            "metaName": "zValue",
                                            "metaType": "string",
                                            "metaValue": "37.000000"
                                        }
                                    ]
                                }
                            ],
                            "connections": [
                                {
                                    "source": "to_float.float",
                                    "target": "multiply.first.float"
                                },
                                {
                                    "source": "value1.output",
                                    "target": "sequence_array.start"
                                },
                                {
                                    "source": "sequence_array.sequence",
                                    "target": ".point_sequences"
                                },
                                {
                                    "source": "start_0_step_1.sequence",
                                    "target": "to_float.from"
                                },
                                {
                                    "source": "start_6_step_2.sequence",
                                    "target": "sequence_array.size"
                                },
                                {
                                    "source": "start_6_step_2.sequence",
                                    "target": ".sequence_sizes"
                                },
                                {
                                    "source": "value.output",
                                    "target": "multiply.first.output1"
                                },
                                {
                                    "source": ".num_strands",
                                    "target": "start_0_step_1.size"
                                },
                                {
                                    "source": ".num_strands",
                                    "target": "start_6_step_2.size"
                                },
                                {
                                    "source": "multiply.output",
                                    "target": "value1.value.z"
                                }
                            ],
                            "values": [
                                {
                                    "valueName": "value1.value",
                                    "valueType": "Math::float3",
                                    "value": {
                                        "x": "0f",
                                        "y": "0f",
                                        "z": "0f"
                                    }
                                },
                                {
                                    "valueName": "sequence_array.start",
                                    "valueType": "Math::float3",
                                    "value": {
                                        "x": "-8f",
                                        "y": "0f",
                                        "z": "0f"
                                    }
                                },
                                {
                                    "valueName": "sequence_array.step",
                                    "valueType": "Math::float3",
                                    "value": {
                                        "x": "2f",
                                        "y": "0f",
                                        "z": "0f"
                                    }
                                },
                                {
                                    "valueName": "start_0_step_1.size",
                                    "valueType": "long",
                                    "value": "4"
                                },
                                {
                                    "valueName": "start_0_step_1.start",
                                    "valueType": "long",
                                    "value": "-12"
                                },
                                {
                                    "valueName": "start_0_step_1.step",
                                    "valueType": "long",
                                    "value": "2"
                                },
                                {
                                    "valueName": "start_6_step_2.size",
                                    "valueType": "long",
                                    "value": "50"
                                },
                                {
                                    "valueName": "start_6_step_2.start",
                                    "valueType": "long",
                                    "value": "10"
                                },
                                {
                                    "valueName": "start_6_step_2.step",
                                    "valueType": "long",
                                    "value": "0"
                                },
                                {
                                    "valueName": "value.value",
                                    "valueType": "float",
                                    "value": "0.150000006f"
                                }
                            ],
                            "reservedNodeNames": [
                                {
                                    "name": "input"
                                },
                                {
                                    "name": "output"
                                }
                            ]
                        }
                    ],
                    "compoundNodes": [
                        {
                            "nodeName": "create_variable_sized_strands",
                            "nodeType": "create_variable_sized_strands",
                            "metadata": [
                                {
                                    "metaName": "LayoutPos",
                                    "metaType": "string",
                                    "metaValue": "-2492.21 568.13"
                                },
                                {
                                    "metaName": "DisplayMode",
                                    "metaType": "string",
                                    "metaValue": "2"
                                },
                                {
                                    "metaName": "zValue",
                                    "metaType": "string",
                                    "metaValue": "61.000000"
                                }
                            ]
                        },
                        {
                            "nodeName": "create_strands_from_counts",
                            "nodeType": "Geometry::Strands::create_strands_from_counts",
                            "metadata": [
                                {
                                    "metaName": "DisplayMode",
                                    "metaType": "string",
                                    "metaValue": "2"
                                },
                                {
                                    "metaName": "LayoutPos",
                                    "metaType": "string",
                                    "metaValue": "-2172.9 505.651"
                                },
                                {
                                    "metaName": "zValue",
                                    "metaType": "string",
                                    "metaValue": "32.000000"
                                }
                            ]
                        },
                        {
                            "nodeName": "flatten_nested_array",
                            "nodeType": "Core::Array::flatten_nested_array",
                            "metadata": [
                                {
                                    "metaName": "DisplayMode",
                                    "metaType": "string",
                                    "metaValue": "2"
                                },
                                {
                                    "metaName": "LayoutPos",
                                    "metaType": "string",
                                    "metaValue": "-2172.97 695.011"
                                },
                                {
                                    "metaName": "zValue",
                                    "metaType": "string",
                                    "metaValue": "33.000000"
                                }
                            ]
                        },
                        {
                            "nodeName": "set_point_position",
                            "nodeType": "Geometry::Properties::set_point_position",
                            "metadata": [
                                {
                                    "metaName": "DisplayMode",
                                    "metaType": "string",
                                    "metaValue": "2"
                                },
                                {
                                    "metaName": "LayoutPos",
                                    "metaType": "string",
                                    "metaValue": "-1898.92 567.06"
                                },
                                {
                                    "metaName": "zValue",
                                    "metaType": "string",
                                    "metaValue": "35.000000"
                                }
                            ]
                        },
                        {
                            "nodeName": "resample_strands",
                            "nodeType": "Geometry::Strands::resample_strands",
                            "metadata": [
                                {
                                    "metaName": "DisplayMode",
                                    "metaType": "string",
                                    "metaValue": "2"
                                },
                                {
                                    "metaName": "zValue",
                                    "metaType": "string",
                                    "metaValue": "60.000000"
                                },
                                {
                                    "metaName": "LayoutPos",
                                    "metaType": "string",
                                    "metaValue": "-1629.55 543.829"
                                }
                            ]
                        }
                    ],
                    "connections": [
                        {
                            "source": "create_variable_sized_strands.sequence_sizes",
                            "target": "create_strands_from_counts.counts"
                        },
                        {
                            "source": "create_variable_sized_strands.point_sequences",
                            "target": "flatten_nested_array.nested_array"
                        },
                        {
                            "source": "create_strands_from_counts.strands",
                            "target": "set_point_position.geometry"
                        },
                        {
                            "source": "flatten_nested_array.flattened_array",
                            "target": "set_point_position.positions"
                        },
                        {
                            "source": ".num_strands",
                            "target": "create_variable_sized_strands.num_strands"
                        },
                        {
                            "source": "set_point_position.out_geometry",
                            "target": "resample_strands.strands"
                        },
                        {
                            "source": "resample_strands.resampled_strands",
                            "target": ".strands"
                        }
                    ],
                    "values": [
                        {
                            "valueName": "create_variable_sized_strands.num_strands",
                            "valueType": "long",
                            "value": "13"
                        },
                        {
                            "valueName": "resample_strands.spatial_resample",
                            "valueType": "bool",
                            "value": "false"
                        },
                        {
                            "valueName": "resample_strands.spatial_distance",
                            "valueType": "float",
                            "value": "0.0500000007f"
                        },
                        {
                            "valueName": "resample_strands.distance_per_strand",
                            "valueType": "array<float>",
                            "value": []
                        },
                        {
                            "valueName": "resample_strands.minimum_resample_distance",
                            "valueType": "float",
                            "value": "0.00100000005f"
                        },
                        {
                            "valueName": "resample_strands.constant_count",
                            "valueType": "long",
                            "value": "120"
                        }
                    ],
                    "reservedNodeNames": [
                        {
                            "name": "input"
                        },
                        {
                            "name": "output"
                        }
                    ]
                }
            ],
            "compoundNodes": [
                {
                    "nodeName": "my_strands",
                    "nodeType": "my_strands",
                    "metadata": [
                        {
                            "metaName": "DisplayMode",
                            "metaType": "string",
                            "metaValue": "2"
                        },
                        {
                            "metaName": "zValue",
                            "metaType": "string",
                            "metaValue": "40.000000"
                        },
                        {
                            "metaName": "LayoutPos",
                            "metaType": "string",
                            "metaValue": "-2379 761.693"
                        }
                    ]
                },
                {
                    "nodeName": "curl_strands",
                    "nodeType": "MJCG::Geometry::Strands::curl_strands",
                    "terminalStates": [
                        {
                            "name": "Core::Graph::terminal::proxy",
                            "enabled": "false"
                        }
                    ],
                    "metadata": [
                        {
                            "metaName": "DisplayMode",
                            "metaType": "string",
                            "metaValue": "2"
                        },
                        {
                            "metaName": "zValue",
                            "metaType": "string",
                            "metaValue": "32.000000"
                        },
                        {
                            "metaName": "LayoutPos",
                            "metaType": "string",
                            "metaValue": "-2112.5 738.65"
                        }
                    ]
                },
                {
                    "nodeName": "set_strands_shape",
                    "nodeType": "Geometry::Strands::set_strands_shape",
                    "metadata": [
                        {
                            "metaName": "DisplayMode",
                            "metaType": "string",
                            "metaValue": "2"
                        },
                        {
                            "metaName": "zValue",
                            "metaType": "string",
                            "metaValue": "67.000000"
                        },
                        {
                            "metaName": "LayoutPos",
                            "metaType": "string",
                            "metaValue": "-890.614 730.962"
                        }
                    ]
                },
                {
                    "nodeName": "random_value",
                    "nodeType": "Core::Randomization::random_value",
                    "metadata": [
                        {
                            "metaName": "DisplayMode",
                            "metaType": "string",
                            "metaValue": "2"
                        },
                        {
                            "metaName": "zValue",
                            "metaType": "string",
                            "metaValue": "57.000000"
                        },
                        {
                            "metaName": "LayoutPos",
                            "metaType": "string",
                            "metaValue": "-1495.11 849.936"
                        }
                    ]
                },
                {
                    "nodeName": "update_point_strand_index",
                    "nodeType": "Geometry::Strands::update_point_strand_index",
                    "metadata": [
                        {
                            "metaName": "DisplayMode",
                            "metaType": "string",
                            "metaValue": "2"
                        },
                        {
                            "metaName": "zValue",
                            "metaType": "string",
                            "metaValue": "56.000000"
                        },
                        {
                            "metaName": "LayoutPos",
                            "metaType": "string",
                            "metaValue": "-1780.21 766.211"
                        }
                    ]
                },
                {
                    "nodeName": "assign_diagnostic_material",
                    "nodeType": "Diagnostic::Display::assign_diagnostic_material",
                    "metadata": [
                        {
                            "metaName": "DisplayMode",
                            "metaType": "string",
                            "metaValue": "2"
                        },
                        {
                            "metaName": "zValue",
                            "metaType": "string",
                            "metaValue": "66.000000"
                        },
                        {
                            "metaName": "LayoutPos",
                            "metaType": "string",
                            "metaValue": "-1143.55 740.43"
                        }
                    ]
                },
                {
                    "nodeName": "terminal",
                    "nodeType": "Core::Graph::terminal",
                    "fanInPortNames": {
                        "final": [],
                        "proxy": [
                            "out_strands"
                        ],
                        "diagnostic": []
                    },
                    "terminalStates": [
                        {
                            "name": "Core::Graph::terminal::final",
                            "enabled": "false"
                        },
                        {
                            "name": "Core::Graph::terminal::diagnostic",
                            "enabled": "false"
                        }
                    ],
                    "metadata": [
                        {
                            "metaName": "DisplayMode",
                            "metaType": "string",
                            "metaValue": "2"
                        },
                        {
                            "metaName": "zValue",
                            "metaType": "string",
                            "metaValue": "68.000000"
                        },
                        {
                            "metaName": "LayoutPos",
                            "metaType": "string",
                            "metaValue": "-637.196 750.504"
                        }
                    ]
                }
            ],
            "connections": [
                {
                    "source": "my_strands.strands",
                    "target": "curl_strands.strands"
                },
                {
                    "source": "curl_strands.out_strands",
                    "target": "update_point_strand_index.strands"
                },
                {
                    "source": "update_point_strand_index.point_strand_index",
                    "target": "random_value.index"
                },
                {
                    "source": "random_value.random_value",
                    "target": "assign_diagnostic_material.emission_color"
                },
                {
                    "source": "update_point_strand_index.out_strands",
                    "target": "assign_diagnostic_material.geometry"
                },
                {
                    "source": "assign_diagnostic_material.geometry_with_material",
                    "target": "set_strands_shape.strands"
                },
                {
                    "source": "set_strands_shape.out_strands",
                    "target": "terminal.proxy.out_strands"
                }
            ],
            "values": [
                {
                    "valueName": "my_strands.num_strands",
                    "valueType": "long",
                    "value": "60"
                },
                {
                    "valueName": "curl_strands.spacial_frequency",
                    "valueType": "bool",
                    "value": "true"
                },
                {
                    "valueName": "curl_strands.frequency",
                    "valueType": "float",
                    "value": "0.25f"
                },
                {
                    "valueName": "curl_strands.phase",
                    "valueType": "float",
                    "value": "0.5f"
                },
                {
                    "valueName": "curl_strands.size",
                    "valueType": "float",
                    "value": "0.5f"
                },
                {
                    "valueName": "curl_strands.height",
                    "valueType": "float",
                    "value": "0f"
                },
                {
                    "valueName": "set_strands_shape.default_size",
                    "valueType": "float",
                    "value": "0.100000001f"
                },
                {
                    "valueName": "random_value.min",
                    "valueType": "Math::float3",
                    "value": {
                        "x": "0f",
                        "y": "0f",
                        "z": "0f"
                    }
                },
                {
                    "valueName": "random_value.max",
                    "valueType": "Math::float3",
                    "value": {
                        "x": "1f",
                        "y": "1f",
                        "z": "1f"
                    }
                },
                {
                    "valueName": "random_value.seed",
                    "valueType": "long",
                    "value": "123"
                }
            ],
            "reservedNodeNames": [
                {
                    "name": "output"
                },
                {
                    "name": "input"
                }
            ]
        }
    ]
}
