{
    "header": {
        "metadata": [
            {
                "metaName": "adskFileFormatVersion",
                "metaValue": "100L"
            }
        ]
    },
    "namespaces": [],
    "types": [],
    "compounds": [
        {
            "name": "MJCG::Rigging::look_at_solver",
            "uriImported": "file:///look_at_solver.json",
            "metadata": [
                {
                    "metaName": "documentation",
                    "metaType": "string",
                    "metaValue": "../rigging/docs/look_at_solver.md"
                },
                {
                    "metaName": "icon",
                    "metaType": "string",
                    "metaValue": "../icons/mjcg.png"
                },
                {
                    "metaName": "io_nodes",
                    "metadata": [
                        {
                            "metaName": "io_inodes",
                            "metadata": [
                                {
                                    "metaName": "input",
                                    "metadata": [
                                        {
                                            "metaName": "DisplayMode",
                                            "metaType": "string",
                                            "metaValue": "2"
                                        },
                                        {
                                            "metaName": "LayoutPos",
                                            "metaType": "string",
                                            "metaValue": "-1156.82 110.098"
                                        },
                                        {
                                            "metaName": "io_ports",
                                            "metadata": [
                                                {
                                                    "metaName": "matrix"
                                                },
                                                {
                                                    "metaName": "target_ctl"
                                                },
                                                {
                                                    "metaName": "up_vector"
                                                },
                                                {
                                                    "metaName": "weight"
                                                }
                                            ]
                                        }
                                    ]
                                }
                            ]
                        },
                        {
                            "metaName": "io_onodes",
                            "metadata": [
                                {
                                    "metaName": "output",
                                    "metadata": [
                                        {
                                            "metaName": "DisplayMode",
                                            "metaType": "string",
                                            "metaValue": "2"
                                        },
                                        {
                                            "metaName": "LayoutPos",
                                            "metaType": "string",
                                            "metaValue": "1116.79 124.465"
                                        },
                                        {
                                            "metaName": "io_ports",
                                            "metadata": [
                                                {
                                                    "metaName": "out_matrix"
                                                }
                                            ]
                                        }
                                    ]
                                }
                            ]
                        }
                    ]
                },
                {
                    "metaName": "_recentNode_",
                    "metaType": "string",
                    "metaValue": "BifrostGraph,MJCG::Core::Math,matrix_lerp"
                },
                {
                    "metaName": "_recentNode_",
                    "metaType": "string",
                    "metaValue": "BifrostGraph,Core::Math,matrix_to_SRT"
                },
                {
                    "metaName": "_recentNode_",
                    "metaType": "string",
                    "metaValue": "BifrostGraph,MJCG::Core::Math,transform_lerp"
                },
                {
                    "metaName": "_recentNode_",
                    "metaType": "string",
                    "metaValue": "BifrostBoard,MJCG::Core::Math,quaternion_from_direction_and_upVector"
                },
                {
                    "metaName": "_recentNode_",
                    "metaType": "string",
                    "metaValue": "BifrostBoard,MJCG::Core::Math,multiply_vector_by_matrix"
                },
                {
                    "metaName": "ViewportRect",
                    "metaType": "string",
                    "metaValue": "-1103.39 -110.069 2840.05 834.787"
                },
                {
                    "metaName": "DisplayMode",
                    "metaType": "string",
                    "metaValue": "2"
                },
                {
                    "metaName": "LayoutPos",
                    "metaType": "string",
                    "metaValue": "1001.19 133.765"
                }
            ],
            "ports": [
                {
                    "portName": "matrix",
                    "portDirection": "input",
                    "portType": "Math::float4x4"
                },
                {
                    "portName": "target_ctl",
                    "portDirection": "input",
                    "portType": "Math::float4x4"
                },
                {
                    "portName": "out_matrix",
                    "portDirection": "output",
                    "portType": "Math::float4x4"
                },
                {
                    "portName": "up_vector",
                    "portDirection": "input",
                    "portType": "Math::float3",
                    "portDefault": {
                        "x": "0f",
                        "y": "1f",
                        "z": "0f"
                    }
                },
                {
                    "portName": "weight",
                    "portDirection": "input",
                    "portType": "float",
                    "portDefault": "1f"
                }
            ],
            "compounds": [
                {
                    "name": "transform_4x4_to_3x6",
                    "uriImported": "file:///look_at_solver.json",
                    "metadata": [
                        {
                            "metaName": "io_nodes",
                            "metadata": [
                                {
                                    "metaName": "io_inodes",
                                    "metadata": [
                                        {
                                            "metaName": "input",
                                            "metadata": [
                                                {
                                                    "metaName": "io_ports",
                                                    "metadata": [
                                                        {
                                                            "metaName": "transform_4x4"
                                                        }
                                                    ]
                                                }
                                            ]
                                        }
                                    ]
                                },
                                {
                                    "metaName": "io_onodes",
                                    "metadata": [
                                        {
                                            "metaName": "output",
                                            "metadata": [
                                                {
                                                    "metaName": "io_ports",
                                                    "metadata": [
                                                        {
                                                            "metaName": "linear_3x3"
                                                        },
                                                        {
                                                            "metaName": "translation"
                                                        }
                                                    ]
                                                }
                                            ]
                                        }
                                    ]
                                }
                            ]
                        }
                    ],
                    "ports": [
                        {
                            "portName": "transform_4x4",
                            "portDirection": "input",
                            "portType": "Math::float4x4"
                        },
                        {
                            "portName": "linear_3x3",
                            "portDirection": "output",
                            "portType": "Math::float3x3"
                        },
                        {
                            "portName": "translation",
                            "portDirection": "output",
                            "portType": "Math::float3"
                        }
                    ],
                    "compoundNodes": [
                        {
                            "nodeName": "translation_value",
                            "valueType": "Math::float3",
                            "metadata": [
                                {
                                    "metaName": "valuenode_defaultvalue",
                                    "metaType": "string",
                                    "metaValue": "0"
                                },
                                {
                                    "metaName": "valuenode_defaultvalue",
                                    "metaType": "string",
                                    "metaValue": "0"
                                },
                                {
                                    "metaName": "valuenode_defaultvalue",
                                    "metaType": "string",
                                    "metaValue": "0"
                                },
                                {
                                    "metaName": "valuenode_defaultvalue",
                                    "metaType": "string",
                                    "metaValue": "0"
                                },
                                {
                                    "metaName": "valuenode_defaultvalue",
                                    "metaType": "string",
                                    "metaValue": "0"
                                },
                                {
                                    "metaName": "valuenode_defaultvalue",
                                    "metaType": "string",
                                    "metaValue": "0"
                                },
                                {
                                    "metaName": "valuenode_defaultvalue",
                                    "metaType": "string",
                                    "metaValue": "0"
                                },
                                {
                                    "metaName": "valuenode_defaultvalue",
                                    "metaType": "string",
                                    "metaValue": "0"
                                },
                                {
                                    "metaName": "valuenode_defaultvalue",
                                    "metaType": "string",
                                    "metaValue": "0"
                                }
                            ]
                        },
                        {
                            "nodeName": "_3x3_matrix",
                            "valueType": "Math::float3x3",
                            "metadata": [
                                {
                                    "metaName": "valuenode_defaultvalue",
                                    "metaType": "string",
                                    "metaValue": "0"
                                },
                                {
                                    "metaName": "valuenode_defaultvalue",
                                    "metaType": "string",
                                    "metaValue": "0"
                                },
                                {
                                    "metaName": "valuenode_defaultvalue",
                                    "metaType": "string",
                                    "metaValue": "0"
                                },
                                {
                                    "metaName": "valuenode_defaultvalue",
                                    "metaType": "string",
                                    "metaValue": "0"
                                },
                                {
                                    "metaName": "valuenode_defaultvalue",
                                    "metaType": "string",
                                    "metaValue": "0"
                                },
                                {
                                    "metaName": "valuenode_defaultvalue",
                                    "metaType": "string",
                                    "metaValue": "0"
                                },
                                {
                                    "metaName": "valuenode_defaultvalue",
                                    "metaType": "string",
                                    "metaValue": "0"
                                },
                                {
                                    "metaName": "valuenode_defaultvalue",
                                    "metaType": "string",
                                    "metaValue": "0"
                                },
                                {
                                    "metaName": "valuenode_defaultvalue",
                                    "metaType": "string",
                                    "metaValue": "0"
                                },
                                {
                                    "metaName": "valuenode_defaultvalue",
                                    "metaType": "string",
                                    "metaValue": "0"
                                },
                                {
                                    "metaName": "valuenode_defaultvalue",
                                    "metaType": "string",
                                    "metaValue": "0"
                                },
                                {
                                    "metaName": "valuenode_defaultvalue",
                                    "metaType": "string",
                                    "metaValue": "0"
                                },
                                {
                                    "metaName": "valuenode_defaultvalue",
                                    "metaType": "string",
                                    "metaValue": "0"
                                },
                                {
                                    "metaName": "valuenode_defaultvalue",
                                    "metaType": "string",
                                    "metaValue": "0"
                                },
                                {
                                    "metaName": "valuenode_defaultvalue",
                                    "metaType": "string",
                                    "metaValue": "0"
                                },
                                {
                                    "metaName": "valuenode_defaultvalue",
                                    "metaType": "string",
                                    "metaValue": "0"
                                },
                                {
                                    "metaName": "valuenode_defaultvalue",
                                    "metaType": "string",
                                    "metaValue": "0"
                                },
                                {
                                    "metaName": "valuenode_defaultvalue",
                                    "metaType": "string",
                                    "metaValue": "0"
                                },
                                {
                                    "metaName": "valuenode_defaultvalue",
                                    "metaType": "string",
                                    "metaValue": "0"
                                },
                                {
                                    "metaName": "valuenode_defaultvalue",
                                    "metaType": "string",
                                    "metaValue": "0"
                                },
                                {
                                    "metaName": "valuenode_defaultvalue",
                                    "metaType": "string",
                                    "metaValue": "0"
                                },
                                {
                                    "metaName": "valuenode_defaultvalue",
                                    "metaType": "string",
                                    "metaValue": "0"
                                },
                                {
                                    "metaName": "valuenode_defaultvalue",
                                    "metaType": "string",
                                    "metaValue": "0"
                                },
                                {
                                    "metaName": "valuenode_defaultvalue",
                                    "metaType": "string",
                                    "metaValue": "0"
                                },
                                {
                                    "metaName": "valuenode_defaultvalue",
                                    "metaType": "string",
                                    "metaValue": "0"
                                },
                                {
                                    "metaName": "valuenode_defaultvalue",
                                    "metaType": "string",
                                    "metaValue": "0"
                                },
                                {
                                    "metaName": "valuenode_defaultvalue",
                                    "metaType": "string",
                                    "metaValue": "0"
                                }
                            ]
                        },
                        {
                            "nodeName": "_4x4_matrix",
                            "valueType": "Math::float4x4",
                            "metadata": [
                                {
                                    "metaName": "valuenode_defaultvalue",
                                    "metaType": "string",
                                    "metaValue": "0"
                                },
                                {
                                    "metaName": "valuenode_defaultvalue",
                                    "metaType": "string",
                                    "metaValue": "0"
                                },
                                {
                                    "metaName": "valuenode_defaultvalue",
                                    "metaType": "string",
                                    "metaValue": "0"
                                },
                                {
                                    "metaName": "valuenode_defaultvalue",
                                    "metaType": "string",
                                    "metaValue": "0"
                                },
                                {
                                    "metaName": "valuenode_defaultvalue",
                                    "metaType": "string",
                                    "metaValue": "0"
                                },
                                {
                                    "metaName": "valuenode_defaultvalue",
                                    "metaType": "string",
                                    "metaValue": "0"
                                },
                                {
                                    "metaName": "valuenode_defaultvalue",
                                    "metaType": "string",
                                    "metaValue": "0"
                                },
                                {
                                    "metaName": "valuenode_defaultvalue",
                                    "metaType": "string",
                                    "metaValue": "0"
                                },
                                {
                                    "metaName": "valuenode_defaultvalue",
                                    "metaType": "string",
                                    "metaValue": "0"
                                },
                                {
                                    "metaName": "valuenode_defaultvalue",
                                    "metaType": "string",
                                    "metaValue": "0"
                                },
                                {
                                    "metaName": "valuenode_defaultvalue",
                                    "metaType": "string",
                                    "metaValue": "0"
                                },
                                {
                                    "metaName": "valuenode_defaultvalue",
                                    "metaType": "string",
                                    "metaValue": "0"
                                },
                                {
                                    "metaName": "valuenode_defaultvalue",
                                    "metaType": "string",
                                    "metaValue": "0"
                                },
                                {
                                    "metaName": "valuenode_defaultvalue",
                                    "metaType": "string",
                                    "metaValue": "0"
                                },
                                {
                                    "metaName": "valuenode_defaultvalue",
                                    "metaType": "string",
                                    "metaValue": "0"
                                },
                                {
                                    "metaName": "valuenode_defaultvalue",
                                    "metaType": "string",
                                    "metaValue": "0"
                                },
                                {
                                    "metaName": "valuenode_defaultvalue",
                                    "metaType": "string",
                                    "metaValue": "0"
                                },
                                {
                                    "metaName": "valuenode_defaultvalue",
                                    "metaType": "string",
                                    "metaValue": "0"
                                },
                                {
                                    "metaName": "valuenode_defaultvalue",
                                    "metaType": "string",
                                    "metaValue": "0"
                                },
                                {
                                    "metaName": "valuenode_defaultvalue",
                                    "metaType": "string",
                                    "metaValue": "0"
                                },
                                {
                                    "metaName": "valuenode_defaultvalue",
                                    "metaType": "string",
                                    "metaValue": "0"
                                },
                                {
                                    "metaName": "valuenode_defaultvalue",
                                    "metaType": "string",
                                    "metaValue": "0"
                                },
                                {
                                    "metaName": "valuenode_defaultvalue",
                                    "metaType": "string",
                                    "metaValue": "0"
                                },
                                {
                                    "metaName": "valuenode_defaultvalue",
                                    "metaType": "string",
                                    "metaValue": "0"
                                },
                                {
                                    "metaName": "valuenode_defaultvalue",
                                    "metaType": "string",
                                    "metaValue": "0"
                                },
                                {
                                    "metaName": "valuenode_defaultvalue",
                                    "metaType": "string",
                                    "metaValue": "0"
                                },
                                {
                                    "metaName": "valuenode_defaultvalue",
                                    "metaType": "string",
                                    "metaValue": "0"
                                },
                                {
                                    "metaName": "valuenode_defaultvalue",
                                    "metaType": "string",
                                    "metaValue": "0"
                                },
                                {
                                    "metaName": "valuenode_defaultvalue",
                                    "metaType": "string",
                                    "metaValue": "0"
                                },
                                {
                                    "metaName": "valuenode_defaultvalue",
                                    "metaType": "string",
                                    "metaValue": "0"
                                },
                                {
                                    "metaName": "valuenode_defaultvalue",
                                    "metaType": "string",
                                    "metaValue": "0"
                                },
                                {
                                    "metaName": "valuenode_defaultvalue",
                                    "metaType": "string",
                                    "metaValue": "0"
                                },
                                {
                                    "metaName": "valuenode_defaultvalue",
                                    "metaType": "string",
                                    "metaValue": "0"
                                },
                                {
                                    "metaName": "valuenode_defaultvalue",
                                    "metaType": "string",
                                    "metaValue": "0"
                                },
                                {
                                    "metaName": "valuenode_defaultvalue",
                                    "metaType": "string",
                                    "metaValue": "0"
                                },
                                {
                                    "metaName": "valuenode_defaultvalue",
                                    "metaType": "string",
                                    "metaValue": "0"
                                },
                                {
                                    "metaName": "valuenode_defaultvalue",
                                    "metaType": "string",
                                    "metaValue": "0"
                                },
                                {
                                    "metaName": "valuenode_defaultvalue",
                                    "metaType": "string",
                                    "metaValue": "0"
                                },
                                {
                                    "metaName": "valuenode_defaultvalue",
                                    "metaType": "string",
                                    "metaValue": "0"
                                },
                                {
                                    "metaName": "valuenode_defaultvalue",
                                    "metaType": "string",
                                    "metaValue": "0"
                                },
                                {
                                    "metaName": "valuenode_defaultvalue",
                                    "metaType": "string",
                                    "metaValue": "0"
                                },
                                {
                                    "metaName": "valuenode_defaultvalue",
                                    "metaType": "string",
                                    "metaValue": "0"
                                },
                                {
                                    "metaName": "valuenode_defaultvalue",
                                    "metaType": "string",
                                    "metaValue": "0"
                                },
                                {
                                    "metaName": "valuenode_defaultvalue",
                                    "metaType": "string",
                                    "metaValue": "0"
                                },
                                {
                                    "metaName": "valuenode_defaultvalue",
                                    "metaType": "string",
                                    "metaValue": "0"
                                },
                                {
                                    "metaName": "valuenode_defaultvalue",
                                    "metaType": "string",
                                    "metaValue": "0"
                                },
                                {
                                    "metaName": "valuenode_defaultvalue",
                                    "metaType": "string",
                                    "metaValue": "0"
                                },
                                {
                                    "metaName": "valuenode_defaultvalue",
                                    "metaType": "string",
                                    "metaValue": "0"
                                }
                            ]
                        }
                    ],
                    "connections": [
                        {
                            "source": "translation_value.output",
                            "target": ".translation"
                        },
                        {
                            "source": "_3x3_matrix.output",
                            "target": ".linear_3x3"
                        },
                        {
                            "source": "_4x4_matrix.output.c0.x",
                            "target": "_3x3_matrix.value.c0.x"
                        },
                        {
                            "source": "_4x4_matrix.output.c0.y",
                            "target": "_3x3_matrix.value.c0.y"
                        },
                        {
                            "source": "_4x4_matrix.output.c0.z",
                            "target": "_3x3_matrix.value.c0.z"
                        },
                        {
                            "source": "_4x4_matrix.output.c1.x",
                            "target": "_3x3_matrix.value.c1.x"
                        },
                        {
                            "source": "_4x4_matrix.output.c1.y",
                            "target": "_3x3_matrix.value.c1.y"
                        },
                        {
                            "source": "_4x4_matrix.output.c1.z",
                            "target": "_3x3_matrix.value.c1.z"
                        },
                        {
                            "source": "_4x4_matrix.output.c2.x",
                            "target": "_3x3_matrix.value.c2.x"
                        },
                        {
                            "source": "_4x4_matrix.output.c2.y",
                            "target": "_3x3_matrix.value.c2.y"
                        },
                        {
                            "source": "_4x4_matrix.output.c2.z",
                            "target": "_3x3_matrix.value.c2.z"
                        },
                        {
                            "source": "_4x4_matrix.output.c3.x",
                            "target": "translation_value.value.x"
                        },
                        {
                            "source": "_4x4_matrix.output.c3.y",
                            "target": "translation_value.value.y"
                        },
                        {
                            "source": "_4x4_matrix.output.c3.z",
                            "target": "translation_value.value.z"
                        },
                        {
                            "source": ".transform_4x4",
                            "target": "_4x4_matrix.value"
                        }
                    ],
                    "values": [
                        {
                            "valueName": "translation_value.value",
                            "valueType": "Math::float3",
                            "value": {
                                "x": "0f",
                                "y": "0f",
                                "z": "0f"
                            }
                        },
                        {
                            "valueName": "_3x3_matrix.value",
                            "valueType": "Math::float3x3",
                            "value": {
                                "c0": {
                                    "x": "0f",
                                    "y": "0f",
                                    "z": "0f"
                                },
                                "c1": {
                                    "x": "0f",
                                    "y": "0f",
                                    "z": "0f"
                                },
                                "c2": {
                                    "x": "0f",
                                    "y": "0f",
                                    "z": "0f"
                                }
                            }
                        },
                        {
                            "valueName": "_4x4_matrix.value",
                            "valueType": "Math::float4x4",
                            "value": {
                                "c0": {
                                    "x": "0f",
                                    "y": "0f",
                                    "z": "0f",
                                    "w": "0f"
                                },
                                "c1": {
                                    "x": "0f",
                                    "y": "0f",
                                    "z": "0f",
                                    "w": "0f"
                                },
                                "c2": {
                                    "x": "0f",
                                    "y": "0f",
                                    "z": "0f",
                                    "w": "0f"
                                },
                                "c3": {
                                    "x": "0f",
                                    "y": "0f",
                                    "z": "0f",
                                    "w": "0f"
                                }
                            }
                        }
                    ]
                }
            ],
            "compoundNodes": [
                {
                    "nodeName": "subtract",
                    "nodeType": "Core::Math::subtract",
                    "multiInPortNames": [
                        "translation",
                        "translation1"
                    ],
                    "metadata": [
                        {
                            "metaName": "DisplayMode",
                            "metaType": "string",
                            "metaValue": "2"
                        },
                        {
                            "metaName": "LayoutPos",
                            "metaType": "string",
                            "metaValue": "-86.8959 261.993"
                        }
                    ]
                },
                {
                    "nodeName": "matrix_to_quaternion",
                    "nodeType": "Core::Math::matrix_to_SRT",
                    "metadata": [
                        {
                            "metaName": "DisplayMode",
                            "metaType": "string",
                            "metaValue": "2"
                        },
                        {
                            "metaName": "LayoutPos",
                            "metaType": "string",
                            "metaValue": "-692.206 -25.5924"
                        }
                    ]
                },
                {
                    "nodeName": "compose_transform_matrix",
                    "nodeType": "Core::Math::SRT_to_matrix",
                    "metadata": [
                        {
                            "metaName": "DisplayMode",
                            "metaType": "string",
                            "metaValue": "2"
                        },
                        {
                            "metaName": "LayoutPos",
                            "metaType": "string",
                            "metaValue": "540.701 -46.495"
                        }
                    ]
                },
                {
                    "nodeName": "quaternion_from_direction_and_upVector",
                    "nodeType": "Core::Math::normal_and_tangent_to_orientation",
                    "metadata": [
                        {
                            "metaName": "DisplayMode",
                            "metaType": "string",
                            "metaValue": "2"
                        },
                        {
                            "metaName": "LayoutPos",
                            "metaType": "string",
                            "metaValue": "210.807 354.175"
                        }
                    ]
                },
                {
                    "nodeName": "transform_4x4_to_3x6",
                    "nodeType": "transform_4x4_to_3x6",
                    "metadata": [
                        {
                            "metaName": "DisplayMode",
                            "metaType": "string",
                            "metaValue": "2"
                        },
                        {
                            "metaName": "LayoutPos",
                            "metaType": "string",
                            "metaValue": "-437.2 259.93"
                        }
                    ]
                },
                {
                    "nodeName": "matrix_lerp",
                    "nodeType": "MJCG::Core::Math::linear_interpolate_transform",
                    "metadata": [
                        {
                            "metaName": "DisplayMode",
                            "metaType": "string",
                            "metaValue": "2"
                        },
                        {
                            "metaName": "LayoutPos",
                            "metaType": "string",
                            "metaValue": "852.254 90.2203"
                        }
                    ]
                }
            ],
            "connections": [
                {
                    "source": "subtract.output",
                    "target": "quaternion_from_direction_and_upVector.tangent"
                },
                {
                    "source": "matrix_to_quaternion.scale",
                    "target": "compose_transform_matrix.scale"
                },
                {
                    "source": "matrix_to_quaternion.translation",
                    "target": "subtract.first.translation1"
                },
                {
                    "source": "matrix_to_quaternion.translation",
                    "target": "compose_transform_matrix.translation"
                },
                {
                    "source": "quaternion_from_direction_and_upVector.quaternion",
                    "target": "compose_transform_matrix.quaternion"
                },
                {
                    "source": ".target_ctl",
                    "target": "transform_4x4_to_3x6.transform_4x4"
                },
                {
                    "source": "transform_4x4_to_3x6.translation",
                    "target": "subtract.first.translation"
                },
                {
                    "source": "compose_transform_matrix.transform",
                    "target": "matrix_lerp.second"
                },
                {
                    "source": ".weight",
                    "target": "matrix_lerp.fraction"
                },
                {
                    "source": ".matrix",
                    "target": "matrix_to_quaternion.transform"
                },
                {
                    "source": ".matrix",
                    "target": "matrix_lerp.first"
                },
                {
                    "source": "matrix_lerp.interpolated",
                    "target": ".out_matrix"
                },
                {
                    "source": ".up_vector",
                    "target": "quaternion_from_direction_and_upVector.normal"
                }
            ],
            "values": [
                {
                    "valueName": "quaternion_from_direction_and_upVector.prioritize_normal",
                    "valueType": "bool",
                    "value": "false"
                }
            ],
            "reservedNodeNames": [
                {
                    "name": "input"
                },
                {
                    "name": "output"
                }
            ]
        }
    ]
}
