{
    "header": {
        "metadata": [
            {
                "metaName": "adskFileFormatVersion",
                "metaValue": "100L"
            }
        ]
    },
    "namespaces": [],
    "types": [],
    "compounds": [
        {
            "name": "MJCG::Graphs::closest_position_on_segment",
            "uriImported": "stream:/bifrostGraphShape1",
            "metadata": [
                {
                    "metaName": "io_nodes",
                    "metadata": [
                        {
                            "metaName": "io_inodes",
                            "metadata": [
                                {
                                    "metaName": "input",
                                    "metadata": [
                                        {
                                            "metaName": "DisplayMode",
                                            "metaType": "string",
                                            "metaValue": "2"
                                        },
                                        {
                                            "metaName": "LayoutPos",
                                            "metaType": "string",
                                            "metaValue": "110.377 -780.035"
                                        },
                                        {
                                            "metaName": "io_ports",
                                            "metadata": [
                                                {
                                                    "metaName": "position"
                                                },
                                                {
                                                    "metaName": "line_start"
                                                },
                                                {
                                                    "metaName": "line_end"
                                                }
                                            ]
                                        }
                                    ]
                                }
                            ]
                        },
                        {
                            "metaName": "io_onodes",
                            "metadata": [
                                {
                                    "metaName": "output",
                                    "metadata": [
                                        {
                                            "metaName": "DisplayMode",
                                            "metaType": "string",
                                            "metaValue": "2"
                                        },
                                        {
                                            "metaName": "io_ports"
                                        },
                                        {
                                            "metaName": "LayoutPos",
                                            "metaType": "string",
                                            "metaValue": "2939.25 -652.27"
                                        }
                                    ]
                                }
                            ]
                        }
                    ]
                },
                {
                    "metaName": "backdrop",
                    "metadata": [
                        {
                            "metaName": "type",
                            "metaType": "string",
                            "metaValue": "backdrop"
                        },
                        {
                            "metaName": "color",
                            "metaType": "string",
                            "metaValue": "#4a6d49"
                        },
                        {
                            "metaName": "coords",
                            "metaType": "string",
                            "metaValue": "1289.16 -857.813 1555.72 460.314"
                        },
                        {
                            "metaName": "text",
                            "metaType": "string",
                            "metaValue": "Construct a strands object to draw the segment we start with, and a second segment representing the shortest path between the point and the segment, then set render settings and color."
                        }
                    ]
                },
                {
                    "metaName": "backdrop1",
                    "metadata": [
                        {
                            "metaName": "type",
                            "metaType": "string",
                            "metaValue": "backdrop"
                        },
                        {
                            "metaName": "color",
                            "metaType": "string",
                            "metaValue": "#6d4444"
                        },
                        {
                            "metaName": "coords",
                            "metaType": "string",
                            "metaValue": "1295.65 -375.462 1278.25 410.456"
                        },
                        {
                            "metaName": "text",
                            "metaType": "string",
                            "metaValue": "Construct a point object to draw the source point and the closest point on the segment, then set render settings and color."
                        }
                    ]
                },
                {
                    "metaName": "backdrop2",
                    "metadata": [
                        {
                            "metaName": "type",
                            "metaType": "string",
                            "metaValue": "backdrop"
                        },
                        {
                            "metaName": "color",
                            "metaType": "string",
                            "metaValue": "#44536d"
                        },
                        {
                            "metaName": "text",
                            "metaType": "string",
                            "metaValue": "We get the segment ratio defining where on the segment is the closest location from the point."
                        },
                        {
                            "metaName": "coords",
                            "metaType": "string",
                            "metaValue": "329.353 -425.74 524.31 387.074"
                        }
                    ]
                },
                {
                    "metaName": "backdrop3",
                    "metadata": [
                        {
                            "metaName": "type",
                            "metaType": "string",
                            "metaValue": "backdrop"
                        },
                        {
                            "metaName": "color",
                            "metaType": "string",
                            "metaValue": "#6d6947"
                        },
                        {
                            "metaName": "text",
                            "metaType": "string",
                            "metaValue": "We use the ratios to get the closest position along the segment.\n"
                        },
                        {
                            "metaName": "coords",
                            "metaType": "string",
                            "metaValue": "890.08 -631.065 357.062 333.643"
                        }
                    ]
                },
                {
                    "metaName": "ViewportRect",
                    "metaType": "string",
                    "metaValue": "28.4231 -816.532 1657.44 956.652"
                },
                {
                    "metaName": "_recentNode_",
                    "metaType": "string",
                    "metaValue": "BifrostGraph,MJCG::Core::Math,closest_point_to_line_ratio"
                },
                {
                    "metaName": "_recentNode_",
                    "metaType": "string",
                    "metaValue": "BifrostGraph,User::Compounds,get_sorted_indices"
                },
                {
                    "metaName": "_recentNode_",
                    "metaType": "string",
                    "metaValue": "BifrostGraph,Rendering::Materials,get_materials"
                },
                {
                    "metaName": "_recentNode_",
                    "metaType": "string",
                    "metaValue": "BifrostGraph,Geometry::Internal,get_loc_element"
                },
                {
                    "metaName": "_recentNode_",
                    "metaType": "string",
                    "metaValue": "BifrostGraph,Core::Fields,closest_point_field"
                },
                {
                    "metaName": "compoundIsGraph",
                    "metaValue": "true"
                },
                {
                    "metaName": "author",
                    "metaType": "string",
                    "metaValue": "Maxime Jeanmougin"
                },
                {
                    "metaName": "category",
                    "metaType": "string",
                    "metaValue": "MJCG"
                },
                {
                    "metaName": "description",
                    "metaType": "string",
                    "metaValue": "Finds the closest position on a segment from a point."
                },
                {
                    "metaName": "example_scene",
                    "metaType": "string",
                    "metaValue": "closest_position_on_segment_example.ma"
                },
                {
                    "metaName": "thumbnail",
                    "metaType": "string",
                    "metaValue": "closest_position_on_segment_thumb.png"
                }
            ],
            "ports": [
                {
                    "portName": "position",
                    "portDirection": "input",
                    "portType": "Math::float3",
                    "portDefault": {
                        "x": "3.34634757f",
                        "y": "5.50837135f",
                        "z": "5.23002911f"
                    }
                },
                {
                    "portName": "line_start",
                    "portDirection": "input",
                    "portType": "Math::float3",
                    "portDefault": {
                        "x": "-0.787483573f",
                        "y": "1.18172956f",
                        "z": "2.2856102f"
                    }
                },
                {
                    "portName": "line_end",
                    "portDirection": "input",
                    "portType": "Math::float3",
                    "portDefault": {
                        "x": "10.2649927f",
                        "y": "4.00417805f",
                        "z": "2.53985f"
                    }
                }
            ],
            "compounds": [
                {
                    "name": "get_closest_points",
                    "uriImported": "stream:/bifrostGraphShape1",
                    "metadata": [
                        {
                            "metaName": "_recentNode_",
                            "metaType": "string",
                            "metaValue": "BifrostGraph,Core::Math,subtract"
                        },
                        {
                            "metaName": "_recentNode_",
                            "metaType": "string",
                            "metaValue": "BifrostGraph,MJCG::Core::Math,distance_between_vectors"
                        },
                        {
                            "metaName": "_recentNode_",
                            "metaType": "string",
                            "metaValue": "output"
                        },
                        {
                            "metaName": "_recentNode_",
                            "metaType": "string",
                            "metaValue": "input"
                        },
                        {
                            "metaName": "_recentNode_",
                            "metaType": "string",
                            "metaValue": "BifrostGraph,Core::Graph,terminal"
                        },
                        {
                            "metaName": "io_nodes",
                            "metadata": [
                                {
                                    "metaName": "io_inodes",
                                    "metadata": [
                                        {
                                            "metaName": "input",
                                            "metadata": [
                                                {
                                                    "metaName": "DisplayMode",
                                                    "metaType": "string",
                                                    "metaValue": "2"
                                                },
                                                {
                                                    "metaName": "LayoutPos",
                                                    "metaType": "string",
                                                    "metaValue": "-824.742 -137.548"
                                                },
                                                {
                                                    "metaName": "io_ports",
                                                    "metadata": [
                                                        {
                                                            "metaName": "line_start"
                                                        },
                                                        {
                                                            "metaName": "line_end"
                                                        },
                                                        {
                                                            "metaName": "ratio"
                                                        }
                                                    ]
                                                }
                                            ]
                                        }
                                    ]
                                },
                                {
                                    "metaName": "io_onodes",
                                    "metadata": [
                                        {
                                            "metaName": "output",
                                            "metadata": [
                                                {
                                                    "metaName": "DisplayMode",
                                                    "metaType": "string",
                                                    "metaValue": "2"
                                                },
                                                {
                                                    "metaName": "LayoutPos",
                                                    "metaType": "string",
                                                    "metaValue": "-306.13 -86.264"
                                                },
                                                {
                                                    "metaName": "io_ports",
                                                    "metadata": [
                                                        {
                                                            "metaName": "line_position"
                                                        }
                                                    ]
                                                }
                                            ]
                                        }
                                    ]
                                }
                            ]
                        },
                        {
                            "metaName": "ViewportRect",
                            "metaType": "string",
                            "metaValue": "-1166 -420 2332 841"
                        }
                    ],
                    "ports": [
                        {
                            "portName": "line_start",
                            "portDirection": "input"
                        },
                        {
                            "portName": "line_end",
                            "portDirection": "input"
                        },
                        {
                            "portName": "ratio",
                            "portDirection": "input"
                        },
                        {
                            "portName": "line_position",
                            "portDirection": "output"
                        }
                    ],
                    "compoundNodes": [
                        {
                            "nodeName": "lerp",
                            "nodeType": "Core::Math::lerp",
                            "metadata": [
                                {
                                    "metaName": "DisplayMode",
                                    "metaType": "string",
                                    "metaValue": "2"
                                },
                                {
                                    "metaName": "LayoutPos",
                                    "metaType": "string",
                                    "metaValue": "-537.732 -128.637"
                                }
                            ]
                        }
                    ],
                    "connections": [
                        {
                            "source": "lerp.interpolated",
                            "target": ".line_position"
                        },
                        {
                            "source": ".line_start",
                            "target": "lerp.first"
                        },
                        {
                            "source": ".line_end",
                            "target": "lerp.second"
                        },
                        {
                            "source": ".ratio",
                            "target": "lerp.fraction"
                        }
                    ],
                    "values": [],
                    "reservedNodeNames": [
                        {
                            "name": "input"
                        },
                        {
                            "name": "output"
                        }
                    ]
                }
            ],
            "compoundNodes": [
                {
                    "nodeName": "get_closest_points",
                    "nodeType": "get_closest_points",
                    "metadata": [
                        {
                            "metaName": "DisplayMode",
                            "metaType": "string",
                            "metaValue": "2"
                        },
                        {
                            "metaName": "LayoutPos",
                            "metaType": "string",
                            "metaValue": "958.137 -588.931"
                        }
                    ]
                },
                {
                    "nodeName": "assign_diagnostic_material",
                    "nodeType": "Diagnostic::Display::assign_diagnostic_material",
                    "metadata": [
                        {
                            "metaName": "DisplayMode",
                            "metaType": "string",
                            "metaValue": "2"
                        },
                        {
                            "metaName": "LayoutPos",
                            "metaType": "string",
                            "metaValue": "2586.88 -824.261"
                        }
                    ]
                },
                {
                    "nodeName": "build_array",
                    "nodeType": "Core::Array::build_array",
                    "multiInPortNames": [
                        "output",
                        "output1",
                        "output2",
                        "output3"
                    ],
                    "metadata": [
                        {
                            "metaName": "DisplayMode",
                            "metaType": "string",
                            "metaValue": "2"
                        },
                        {
                            "metaName": "LayoutPos",
                            "metaType": "string",
                            "metaValue": "2335.76 -715.623"
                        }
                    ]
                },
                {
                    "nodeName": "construct_points",
                    "nodeType": "Geometry::Points::construct_points",
                    "fanInPortNames": {
                        "point_position": [
                            "position",
                            "first_line_position"
                        ]
                    },
                    "metadata": [
                        {
                            "metaName": "DisplayMode",
                            "metaType": "string",
                            "metaValue": "2"
                        },
                        {
                            "metaName": "PortExpandedState",
                            "metadata": [
                                {
                                    "metaName": "point_position",
                                    "metaType": "string",
                                    "metaValue": "0"
                                }
                            ]
                        },
                        {
                            "metaName": "LayoutPos",
                            "metaType": "string",
                            "metaValue": "1315.15 -319.755"
                        }
                    ]
                },
                {
                    "nodeName": "construct_strands",
                    "nodeType": "Geometry::Strands::construct_strands",
                    "fanInPortNames": {
                        "point_position": [
                            "second_line_start",
                            "second_line_end",
                            "position",
                            "first_line_position"
                        ],
                        "strand_offset": [
                            "output",
                            "output1",
                            "output2"
                        ]
                    },
                    "metadata": [
                        {
                            "metaName": "DisplayMode",
                            "metaType": "string",
                            "metaValue": "2"
                        },
                        {
                            "metaName": "PortExpandedState",
                            "metadata": [
                                {
                                    "metaName": "point_position",
                                    "metaType": "string",
                                    "metaValue": "0"
                                }
                            ]
                        },
                        {
                            "metaName": "LayoutPos",
                            "metaType": "string",
                            "metaValue": "1610.63 -783.779"
                        }
                    ]
                },
                {
                    "nodeName": "set_point_shape",
                    "nodeType": "Geometry::Properties::set_point_shape",
                    "metadata": [
                        {
                            "metaName": "DisplayMode",
                            "metaType": "string",
                            "metaValue": "2"
                        },
                        {
                            "metaName": "LayoutPos",
                            "metaType": "string",
                            "metaValue": "1563.44 -327.831"
                        }
                    ]
                },
                {
                    "nodeName": "set_strands_shape",
                    "nodeType": "Geometry::Strands::set_strands_shape",
                    "metadata": [
                        {
                            "metaName": "DisplayMode",
                            "metaType": "string",
                            "metaValue": "2"
                        },
                        {
                            "metaName": "LayoutPos",
                            "metaType": "string",
                            "metaValue": "1860.12 -799.854"
                        }
                    ]
                },
                {
                    "nodeName": "terminal",
                    "nodeType": "Core::Graph::terminal",
                    "fanInPortNames": {
                        "final": [],
                        "proxy": [
                            "geometry_with_material",
                            "geometry_with_material1"
                        ],
                        "diagnostic": []
                    },
                    "deactivatedTerminals": [
                        "Core::Graph::terminal::final",
                        "Core::Graph::terminal::diagnostic"
                    ],
                    "metadata": [
                        {
                            "metaName": "DisplayMode",
                            "metaType": "string",
                            "metaValue": "2"
                        },
                        {
                            "metaName": "LayoutPos",
                            "metaType": "string",
                            "metaValue": "2936.55 -466.903"
                        }
                    ]
                },
                {
                    "nodeName": "value",
                    "valueType": "uint",
                    "metadata": [
                        {
                            "metaName": "DisplayMode",
                            "metaType": "string",
                            "metaValue": "0"
                        },
                        {
                            "metaName": "LayoutPos",
                            "metaType": "string",
                            "metaValue": "1320.19 -821.407"
                        },
                        {
                            "metaName": "valuenode_defaultvalue",
                            "metaType": "string",
                            "metaValue": "0"
                        }
                    ]
                },
                {
                    "nodeName": "value1",
                    "valueType": "uint",
                    "metadata": [
                        {
                            "metaName": "DisplayMode",
                            "metaType": "string",
                            "metaValue": "0"
                        },
                        {
                            "metaName": "LayoutPos",
                            "metaType": "string",
                            "metaValue": "1311.6 -678.467"
                        },
                        {
                            "metaName": "valuenode_defaultvalue",
                            "metaType": "string",
                            "metaValue": "2"
                        }
                    ]
                },
                {
                    "nodeName": "value2",
                    "valueType": "uint",
                    "metadata": [
                        {
                            "metaName": "DisplayMode",
                            "metaType": "string",
                            "metaValue": "0"
                        },
                        {
                            "metaName": "LayoutPos",
                            "metaType": "string",
                            "metaValue": "1307.59 -553.438"
                        },
                        {
                            "metaName": "valuenode_defaultvalue",
                            "metaType": "string",
                            "metaValue": "4"
                        }
                    ]
                },
                {
                    "nodeName": "value5",
                    "valueType": "Math::float3",
                    "metadata": [
                        {
                            "metaName": "DisplayMode",
                            "metaType": "string",
                            "metaValue": "0"
                        },
                        {
                            "metaName": "LayoutPos",
                            "metaType": "string",
                            "metaValue": "2080.91 -709.396"
                        },
                        {
                            "metaName": "valuenode_defaultvalue",
                            "metaType": "string",
                            "metaValue": "1"
                        },
                        {
                            "metaName": "valuenode_defaultvalue",
                            "metaType": "string",
                            "metaValue": "0"
                        },
                        {
                            "metaName": "valuenode_defaultvalue",
                            "metaType": "string",
                            "metaValue": "0"
                        }
                    ]
                },
                {
                    "nodeName": "value6",
                    "valueType": "Math::float3",
                    "metadata": [
                        {
                            "metaName": "DisplayMode",
                            "metaType": "string",
                            "metaValue": "0"
                        },
                        {
                            "metaName": "LayoutPos",
                            "metaType": "string",
                            "metaValue": "2081.91 -586.396"
                        },
                        {
                            "metaName": "valuenode_defaultvalue",
                            "metaType": "string",
                            "metaValue": "0"
                        },
                        {
                            "metaName": "valuenode_defaultvalue",
                            "metaType": "string",
                            "metaValue": "1"
                        },
                        {
                            "metaName": "valuenode_defaultvalue",
                            "metaType": "string",
                            "metaValue": "0"
                        }
                    ]
                },
                {
                    "nodeName": "assign_diagnostic_material2",
                    "nodeType": "Diagnostic::Display::assign_diagnostic_material",
                    "metadata": [
                        {
                            "metaName": "DisplayMode",
                            "metaType": "string",
                            "metaValue": "2"
                        },
                        {
                            "metaName": "LayoutPos",
                            "metaType": "string",
                            "metaValue": "2301.53 -351.794"
                        }
                    ]
                },
                {
                    "nodeName": "value10",
                    "valueType": "MJCG::LineSegmentType",
                    "metadata": [
                        {
                            "metaName": "DisplayMode",
                            "metaType": "string",
                            "metaValue": "2"
                        },
                        {
                            "metaName": "valuenode_defaultvalue",
                            "metaType": "string",
                            "metaValue": "1"
                        },
                        {
                            "metaName": "LayoutPos",
                            "metaType": "string",
                            "metaValue": "349.615 -251.639"
                        }
                    ]
                },
                {
                    "nodeName": "build_array1",
                    "nodeType": "Core::Array::build_array",
                    "multiInPortNames": [
                        "output2",
                        "output"
                    ],
                    "metadata": [
                        {
                            "metaName": "DisplayMode",
                            "metaType": "string",
                            "metaValue": "2"
                        },
                        {
                            "metaName": "LayoutPos",
                            "metaType": "string",
                            "metaValue": "2029.31 -231.48"
                        }
                    ]
                },
                {
                    "nodeName": "value8",
                    "valueType": "Math::float3",
                    "metadata": [
                        {
                            "metaName": "DisplayMode",
                            "metaType": "string",
                            "metaValue": "0"
                        },
                        {
                            "metaName": "LayoutPos",
                            "metaType": "string",
                            "metaValue": "1788.84 -117.049"
                        },
                        {
                            "metaName": "valuenode_defaultvalue",
                            "metaType": "string",
                            "metaValue": "1"
                        },
                        {
                            "metaName": "valuenode_defaultvalue",
                            "metaType": "string",
                            "metaValue": "0"
                        },
                        {
                            "metaName": "valuenode_defaultvalue",
                            "metaType": "string",
                            "metaValue": "0"
                        }
                    ]
                },
                {
                    "nodeName": "value9",
                    "valueType": "Math::float3",
                    "metadata": [
                        {
                            "metaName": "DisplayMode",
                            "metaType": "string",
                            "metaValue": "0"
                        },
                        {
                            "metaName": "LayoutPos",
                            "metaType": "string",
                            "metaValue": "1788.4 -239.43"
                        },
                        {
                            "metaName": "valuenode_defaultvalue",
                            "metaType": "string",
                            "metaValue": "0"
                        },
                        {
                            "metaName": "valuenode_defaultvalue",
                            "metaType": "string",
                            "metaValue": "1"
                        },
                        {
                            "metaName": "valuenode_defaultvalue",
                            "metaType": "string",
                            "metaValue": "0"
                        }
                    ]
                },
                {
                    "nodeName": "closest_point_to_line_ratio",
                    "nodeType": "MJCG::Core::Math::closest_point_to_line_ratio",
                    "metadata": [
                        {
                            "metaName": "DisplayMode",
                            "metaType": "string",
                            "metaValue": "2"
                        },
                        {
                            "metaName": "LayoutPos",
                            "metaType": "string",
                            "metaValue": "599.363 -378.081"
                        }
                    ]
                }
            ],
            "connections": [
                {
                    "source": "set_strands_shape.out_strands",
                    "target": "assign_diagnostic_material.geometry"
                },
                {
                    "source": "build_array.array",
                    "target": "assign_diagnostic_material.emission_color"
                },
                {
                    "source": "value5.output",
                    "target": "build_array.first.output"
                },
                {
                    "source": "value5.output",
                    "target": "build_array.first.output1"
                },
                {
                    "source": "value6.output",
                    "target": "build_array.first.output2"
                },
                {
                    "source": "value6.output",
                    "target": "build_array.first.output3"
                },
                {
                    "source": "value.output",
                    "target": "construct_strands.strand_offset.output"
                },
                {
                    "source": "value1.output",
                    "target": "construct_strands.strand_offset.output1"
                },
                {
                    "source": "value2.output",
                    "target": "construct_strands.strand_offset.output2"
                },
                {
                    "source": "construct_points.points",
                    "target": "set_point_shape.points"
                },
                {
                    "source": "construct_strands.strands",
                    "target": "set_strands_shape.strands"
                },
                {
                    "source": "assign_diagnostic_material.geometry_with_material",
                    "target": "terminal.proxy.geometry_with_material"
                },
                {
                    "source": "set_point_shape.out_points",
                    "target": "assign_diagnostic_material2.geometry"
                },
                {
                    "source": "assign_diagnostic_material2.geometry_with_material",
                    "target": "terminal.proxy.geometry_with_material1"
                },
                {
                    "source": ".line_start",
                    "target": "construct_strands.point_position.second_line_start"
                },
                {
                    "source": ".line_end",
                    "target": "construct_strands.point_position.second_line_end"
                },
                {
                    "source": ".position",
                    "target": "construct_strands.point_position.position"
                },
                {
                    "source": "get_closest_points.line_position",
                    "target": "construct_strands.point_position.first_line_position"
                },
                {
                    "source": ".line_start",
                    "target": "get_closest_points.line_start"
                },
                {
                    "source": ".line_end",
                    "target": "get_closest_points.line_end"
                },
                {
                    "source": "get_closest_points.line_position",
                    "target": "construct_points.point_position.first_line_position"
                },
                {
                    "source": ".position",
                    "target": "construct_points.point_position.position"
                },
                {
                    "source": "build_array1.array",
                    "target": "assign_diagnostic_material2.emission_color"
                },
                {
                    "source": "value8.output",
                    "target": "build_array1.first.output"
                },
                {
                    "source": "value9.output",
                    "target": "build_array1.first.output2"
                },
                {
                    "source": ".position",
                    "target": "closest_point_to_line_ratio.position"
                },
                {
                    "source": ".line_start",
                    "target": "closest_point_to_line_ratio.line_start"
                },
                {
                    "source": ".line_end",
                    "target": "closest_point_to_line_ratio.line_end"
                },
                {
                    "source": "value10.output",
                    "target": "closest_point_to_line_ratio.proximity_method"
                },
                {
                    "source": "closest_point_to_line_ratio.ratio",
                    "target": "get_closest_points.ratio"
                }
            ],
            "values": [
                {
                    "valueName": "assign_diagnostic_material.emission_color",
                    "valueType": "string",
                    "value": "color"
                },
                {
                    "valueName": "assign_diagnostic_material.specular",
                    "valueType": "float",
                    "value": "0f"
                },
                {
                    "valueName": "assign_diagnostic_material.emission",
                    "valueType": "float",
                    "value": "1f"
                },
                {
                    "valueName": "set_point_shape.points",
                    "valueType": "Amino::Object",
                    "value": {}
                },
                {
                    "valueName": "set_point_shape.shape",
                    "valueType": "Geometry::PointShapes",
                    "value": "Disk"
                },
                {
                    "valueName": "set_point_shape.screen_aligned",
                    "valueType": "bool",
                    "value": "true"
                },
                {
                    "valueName": "set_point_shape.numeric_property",
                    "valueType": "string",
                    "value": "point_position"
                },
                {
                    "valueName": "set_point_shape.default_size",
                    "valueType": "float",
                    "value": "0.200000003f"
                },
                {
                    "valueName": "set_strands_shape.strands",
                    "valueType": "Amino::Object",
                    "value": {}
                },
                {
                    "valueName": "set_strands_shape.shape",
                    "valueType": "Geometry::StrandShapes",
                    "value": "Ribbon"
                },
                {
                    "valueName": "set_strands_shape.screen_aligned",
                    "valueType": "bool",
                    "value": "true"
                },
                {
                    "valueName": "set_strands_shape.default_size",
                    "valueType": "float",
                    "value": "0.0500000007f"
                },
                {
                    "valueName": "value.value",
                    "valueType": "uint",
                    "value": "0U"
                },
                {
                    "valueName": "value1.value",
                    "valueType": "uint",
                    "value": "2U"
                },
                {
                    "valueName": "value2.value",
                    "valueType": "uint",
                    "value": "4U"
                },
                {
                    "valueName": "value5.value",
                    "valueType": "Math::float3",
                    "value": {
                        "x": "1f",
                        "y": "0f",
                        "z": "0f"
                    }
                },
                {
                    "valueName": "value6.value",
                    "valueType": "Math::float3",
                    "value": {
                        "x": "0f",
                        "y": "1f",
                        "z": "0f"
                    }
                },
                {
                    "valueName": "assign_diagnostic_material2.specular",
                    "valueType": "float",
                    "value": "0f"
                },
                {
                    "valueName": "assign_diagnostic_material2.emission",
                    "valueType": "float",
                    "value": "1f"
                },
                {
                    "valueName": "value10.value",
                    "valueType": "MJCG::LineSegmentType",
                    "value": "segment"
                },
                {
                    "valueName": "value8.value",
                    "valueType": "Math::float3",
                    "value": {
                        "x": "1f",
                        "y": "0f",
                        "z": "0f"
                    }
                },
                {
                    "valueName": "value9.value",
                    "valueType": "Math::float3",
                    "value": {
                        "x": "0f",
                        "y": "1f",
                        "z": "0f"
                    }
                }
            ],
            "reservedNodeNames": [
                {
                    "name": "input"
                },
                {
                    "name": "output"
                }
            ]
        }
    ]
}
