{
    "header": {
        "metadata": [
            {
                "metaName": "adskFileFormatVersion",
                "metaValue": "100L"
            }
        ]
    },
    "dependencies": [
        {
            "uri": "file:///bifrost_object_i.json"
        },
        {
            "uri": "file:///Math_types.json"
        },
        {
            "uri": "file:///bifrost_geometry_query_types.json"
        },
        {
            "uri": "file:///geometry_types.json"
        },
        {
            "uri": "file:///compute_bounding_sphere.json"
        },
        {
            "uri": "file:///CoreArrayOps.json"
        },
        {
            "uri": "file:///get_property_any.json"
        },
        {
            "uri": "file:///get_property.json"
        },
        {
            "uri": "file:///get_geo_property.json"
        },
        {
            "uri": "file:///get_point_position.json"
        },
        {
            "uri": "file:///Math_float.json"
        },
        {
            "uri": "file:///Math_double.json"
        },
        {
            "uri": "file:///Math_bool.json"
        },
        {
            "uri": "file:///Math_conversion.json"
        },
        {
            "uri": "file:///riv_types.json"
        },
        {
            "uri": "file:///point_types.json"
        },
        {
            "uri": "file:///FCurve.json"
        },
        {
            "uri": "file:///riv_ops.json"
        },
        {
            "uri": "file:///Math_lerp_with_clamp.json"
        },
        {
            "uri": "file:///Math_long.json"
        },
        {
            "uri": "file:///Math_char.json"
        },
        {
            "uri": "file:///Math_uint.json"
        },
        {
            "uri": "file:///Math_short.json"
        },
        {
            "uri": "file:///Math_ulong.json"
        },
        {
            "uri": "file:///Math_int.json"
        },
        {
            "uri": "file:///Math_uchar.json"
        },
        {
            "uri": "file:///Math_ushort.json"
        },
        {
            "uri": "file:///resize_vector.json"
        },
        {
            "uri": "file:///has_property.json"
        },
        {
            "uri": "file:///create_volume_geo_prop.json"
        },
        {
            "uri": "file:///is_a.json"
        },
        {
            "uri": "file:///create_object_from_schema.json"
        },
        {
            "uri": "file:///is_a_mesh.json"
        },
        {
            "uri": "file:///is_a_strands.json"
        },
        {
            "uri": "file:///is_a_points.json"
        },
        {
            "uri": "file:///is_a_volume.json"
        },
        {
            "uri": "file:///get_geo_schema_type.json"
        },
        {
            "uri": "file:///switch_is_a.json"
        },
        {
            "uri": "file:///get_target_component.json"
        },
        {
            "uri": "file:///create_data_geo_prop.json"
        },
        {
            "uri": "file:///set_property_any.json"
        },
        {
            "uri": "file:///set_property.json"
        },
        {
            "uri": "file:///get_geo_component_count.json"
        },
        {
            "uri": "file:///set_geo_property.array.json"
        },
        {
            "uri": "file:///set_geo_property.scalar.json"
        },
        {
            "uri": "file:///set_point_position.json"
        },
        {
            "uri": "file:///Math_array.json"
        },
        {
            "uri": "file:///Core_Array_slice_array.json"
        },
        {
            "uri": "file:///get_sub_object.json"
        },
        {
            "uri": "file:///erase_property.json"
        },
        {
            "uri": "file:///update_mesh_normals.json"
        },
        {
            "uri": "file:///get_point_count.json"
        },
        {
            "uri": "file:///object_terminal.json"
        },
        {
            "uri": "file:///spherify_deformer.json"
        },
        {
            "uri": "file:///simulation_types.json"
        },
        {
            "uri": "file:///simulation_nodedefs.json"
        }
    ],
    "namespaces": [],
    "types": [],
    "compounds": [
        {
            "name": "MJCG::Graphs::spherify",
            "uriImported": "stream:/bifrostGraph1Shape",
            "metadata": [
                {
                    "metaName": "io_nodes",
                    "metadata": [
                        {
                            "metaName": "io_inodes",
                            "metadata": [
                                {
                                    "metaName": "Input_by_Path",
                                    "metadata": [
                                        {
                                            "metaName": "DisplayMode",
                                            "metaType": "string",
                                            "metaValue": "2"
                                        },
                                        {
                                            "metaName": "LayoutPos",
                                            "metaType": "string",
                                            "metaValue": "-999.801 444.299"
                                        },
                                        {
                                            "metaName": "io_ports",
                                            "metadata": [
                                                {
                                                    "metaName": "mesh"
                                                }
                                            ]
                                        }
                                    ]
                                }
                            ]
                        },
                        {
                            "metaName": "io_onodes",
                            "metadata": [
                                {
                                    "metaName": "output",
                                    "metadata": [
                                        {
                                            "metaName": "DisplayMode",
                                            "metaType": "string",
                                            "metaValue": "2"
                                        },
                                        {
                                            "metaName": "LayoutPos",
                                            "metaType": "string",
                                            "metaValue": "-889.018 900.56"
                                        }
                                    ]
                                }
                            ]
                        }
                    ]
                },
                {
                    "metaName": "backdrop",
                    "metadata": [
                        {
                            "metaName": "type",
                            "metaType": "string",
                            "metaValue": "backdrop"
                        },
                        {
                            "metaName": "color",
                            "metaType": "string",
                            "metaValue": "#546d4b"
                        },
                        {
                            "metaName": "text",
                            "metaType": "string",
                            "metaValue": "Control the deformation weight with the time."
                        },
                        {
                            "metaName": "coords",
                            "metaType": "string",
                            "metaValue": "-1594.27 515.062 540.374 311.793"
                        }
                    ]
                },
                {
                    "metaName": "_recentNode_",
                    "metaType": "string",
                    "metaValue": "output"
                },
                {
                    "metaName": "_recentNode_",
                    "metaType": "string",
                    "metaValue": "BifrostGraph,Core::FCurve,evaluate_fcurve"
                },
                {
                    "metaName": "_recentNode_",
                    "metaType": "string",
                    "metaValue": "BifrostGraph,Core::Time,time"
                },
                {
                    "metaName": "_recentNode_",
                    "metaType": "string",
                    "metaValue": "BifrostGraph,Core::Math,min"
                },
                {
                    "metaName": "_recentNode_",
                    "metaType": "string",
                    "metaValue": "BifrostGraph,MJCG::Geometry::Deformers,spherify_deformer"
                },
                {
                    "metaName": "backdrop1",
                    "metadata": [
                        {
                            "metaName": "type",
                            "metaType": "string",
                            "metaValue": "backdrop"
                        },
                        {
                            "metaName": "text",
                            "metaType": "string",
                            "metaValue": "Deforms input geometry by turning it into a sphere."
                        },
                        {
                            "metaName": "color",
                            "metaType": "string",
                            "metaValue": "#6d4c4c"
                        },
                        {
                            "metaName": "coords",
                            "metaType": "string",
                            "metaValue": "-1014.89 387.219 522.355 458.507"
                        }
                    ]
                },
                {
                    "metaName": "ViewportRect",
                    "metaType": "string",
                    "metaValue": "-2024.51 35.526 1956.52 1194.86"
                },
                {
                    "metaName": "compoundIsGraph",
                    "metaValue": "true"
                },
                {
                    "metaName": "author",
                    "metaType": "string",
                    "metaValue": "Maxime Jeanmougin"
                },
                {
                    "metaName": "category",
                    "metaType": "string",
                    "metaValue": "MJCG"
                },
                {
                    "metaName": "description",
                    "metaType": "string",
                    "metaValue": "Deforms objects by turning them into a sphere."
                },
                {
                    "metaName": "example_scene",
                    "metaType": "string",
                    "metaValue": "spherify_example.ma"
                },
                {
                    "metaName": "thumbnail",
                    "metaType": "string",
                    "metaValue": "spherify_thumb.png"
                }
            ],
            "ports": [
                {
                    "portName": "mesh",
                    "portDirection": "input",
                    "portType": "array<Amino::Object>",
                    "portDefault": [
                        {},
                        {},
                        {},
                        {},
                        {},
                        {}
                    ],
                    "metadata": [
                        {
                            "metaName": "pathinfo",
                            "metadata": [
                                {
                                    "metaName": "path",
                                    "metaType": "string",
                                    "metaValue": "/press_play/press_playShape /pCube1/pCubeShape1 /pCylinder1/pCylinderShape1 /horse/horseShape /pCone1/pConeShape1 /pTorus1/pTorusShape1"
                                },
                                {
                                    "metaName": "channels",
                                    "metaType": "string",
                                    "metaValue": "*"
                                },
                                {
                                    "metaName": "setOperation",
                                    "metaType": "string",
                                    "metaValue": "+"
                                },
                                {
                                    "metaName": "active",
                                    "metaType": "string",
                                    "metaValue": "true"
                                },
                                {
                                    "metaName": "normalsPerPoint",
                                    "metaType": "string",
                                    "metaValue": "true"
                                },
                                {
                                    "metaName": "normalsPerFaceVertex",
                                    "metaType": "string",
                                    "metaValue": "true"
                                },
                                {
                                    "metaName": "normalsPerFace",
                                    "metaType": "string",
                                    "metaValue": "false"
                                }
                            ]
                        }
                    ]
                }
            ],
            "compoundNodes": [
                {
                    "nodeName": "spherify_deformer",
                    "nodeType": "MJCG::Geometry::Deformers::spherify_deformer",
                    "fanInPortNames": {
                        "geometries": [
                            "mesh"
                        ]
                    },
                    "metadata": [
                        {
                            "metaName": "DisplayMode",
                            "metaType": "string",
                            "metaValue": "2"
                        },
                        {
                            "metaName": "PortExpandedState",
                            "metadata": [
                                {
                                    "metaName": "Deformer",
                                    "metaType": "string",
                                    "metaValue": "1"
                                },
                                {
                                    "metaName": "Weights",
                                    "metaType": "string",
                                    "metaValue": "1"
                                }
                            ]
                        },
                        {
                            "metaName": "LayoutPos",
                            "metaType": "string",
                            "metaValue": "-743.439 485.836"
                        }
                    ]
                },
                {
                    "nodeName": "time",
                    "nodeType": "Core::Time::time",
                    "metadata": [
                        {
                            "metaName": "DisplayMode",
                            "metaType": "string",
                            "metaValue": "2"
                        },
                        {
                            "metaName": "LayoutPos",
                            "metaType": "string",
                            "metaValue": "-1580.89 573.556"
                        }
                    ]
                },
                {
                    "nodeName": "evaluate_fcurve",
                    "nodeType": "Core::FCurve::evaluate_fcurve",
                    "metadata": [
                        {
                            "metaName": "DisplayMode",
                            "metaType": "string",
                            "metaValue": "2"
                        },
                        {
                            "metaName": "LayoutPos",
                            "metaType": "string",
                            "metaValue": "-1301.3 580.905"
                        }
                    ]
                }
            ],
            "connections": [
                {
                    "source": ".mesh",
                    "target": "spherify_deformer.geometries.mesh"
                },
                {
                    "source": "time.seconds",
                    "target": "evaluate_fcurve.x"
                },
                {
                    "source": "evaluate_fcurve.y",
                    "target": "spherify_deformer.weight"
                }
            ],
            "values": [
                {
                    "valueName": "evaluate_fcurve.fcurve",
                    "valueType": "Amino::FCurve",
                    "value": {
                        "version": "1",
                        "preExtrapolation": "4",
                        "postExtrapolation": "4",
                        "points": [
                            {
                                "point": {
                                    "locked": "1",
                                    "interpolation": "2",
                                    "pcn": {
                                        "xp": "-0.33333299999999999",
                                        "yp": "-0.33333299999999999",
                                        "x": "0",
                                        "y": "0",
                                        "xn": "0.33333299999999999",
                                        "yn": "0.33333299999999999"
                                    }
                                }
                            },
                            {
                                "point": {
                                    "locked": "1",
                                    "interpolation": "2",
                                    "pcn": {
                                        "xp": "0.66666700000000001",
                                        "yp": "0.66666700000000001",
                                        "x": "1",
                                        "y": "1",
                                        "xn": "1.3333330000000001",
                                        "yn": "1.3333330000000001"
                                    }
                                }
                            }
                        ]
                    }
                }
            ],
            "reservedNodeNames": [
                {
                    "name": "Input_by_Path"
                },
                {
                    "name": "output"
                }
            ]
        }
    ]
}